Arquivo;Reuniao;Data (AAAA/MM);Tema_Classificado;Ocorrencias;Relevancia_(%);Palavras_Chave_Ativadas;Trecho_Prova_(Auditoria)
01_2013_Pleno_ordin_ata.pdf;1ª Reunião Ordinária;2013;Composição e Governança do Conselho;13;40.6;conselheiro, conselho, eleic, regimento interno;1ª Reunião do Conselho Municipal de Transporte e Trânsito - CMTT São Paulo - 02/08/2013 Auditório da Biblioteca Mario de Andrade Rua da Consolação, 94 – Centro – São Paulo Pauta  Apresentação e posse dos conselheiros  Apresentação dos Custos do Sistema de Transporte Coletivo Municipal de São Paulo  Debate  Encaminhamentos: - Elaboração de proposta da Eleição dos representantes da sociedade civil - Elaboração da Proposta de Regimento Interno - Proposta de Calendário das Reuniões Ordinárias Abertura: Secretário Municipal de Transporte e Presidente do Conselho Municipal de Transporte e Trânsito Jilmar Tatto. [...] Durante abertura o presidente sugeriu que no regimento interno do conselho conste que nas reuniões ordinárias tenha um tempo para palavra livre.
01_2013_Pleno_ordin_ata.pdf;1ª Reunião Ordinária;2013;Transporte Público Coletivo;6;18.8;frota, onibus, sptrans, transporte coletivo;1ª Reunião do Conselho Municipal de Transporte e Trânsito - CMTT São Paulo - 02/08/2013 Auditório da Biblioteca Mario de Andrade Rua da Consolação, 94 – Centro – São Paulo Pauta  Apresentação e posse dos conselheiros  Apresentação dos Custos do Sistema de Transporte Coletivo Municipal de São Paulo  Debate  Encaminhamentos: - Elaboração de proposta da Eleição dos representantes da sociedade civil - Elaboração da Proposta de Regimento Interno - Proposta de Calendário das Reuniões Ordinárias Abertura: Secretário Municipal de Transporte e Presidente do Conselho Municipal de Transporte e Trânsito Jilmar Tatto. [...] Apresentação dos Custos do Sistema de Transporte Coletivo Municipal de São Paulo: Diretor de Gestão Econômica – Financeira da São Paulo Transporte - SPtrans Adauto Farias Informou sobre os contratos do transporte público, com os custos do sistema, o número de passageiros e veículos, a composição dos recursos destinados às empresas.
01_2013_Pleno_ordin_ata.pdf;1ª Reunião Ordinária;2013;Mobilidade Urbana: Organização Geral e Prestação de Contas;3;9.4;custos, tarifa;1ª Reunião do Conselho Municipal de Transporte e Trânsito - CMTT São Paulo - 02/08/2013 Auditório da Biblioteca Mario de Andrade Rua da Consolação, 94 – Centro – São Paulo Pauta  Apresentação e posse dos conselheiros  Apresentação dos Custos do Sistema de Transporte Coletivo Municipal de São Paulo  Debate  Encaminhamentos: - Elaboração de proposta da Eleição dos representantes da sociedade civil - Elaboração da Proposta de Regimento Interno - Proposta de Calendário das Reuniões Ordinárias Abertura: Secretário Municipal de Transporte e Presidente do Conselho Municipal de Transporte e Trânsito Jilmar Tatto. [...] Apresentação dos Custos do Sistema de Transporte Coletivo Municipal de São Paulo: Diretor de Gestão Econômica – Financeira da São Paulo Transporte - SPtrans Adauto Farias Informou sobre os contratos do transporte público, com os custos do sistema, o número de passageiros e veículos, a composição dos recursos destinados às empresas.
01_2013_Pleno_ordin_ata.pdf;1ª Reunião Ordinária;2013;Transporte Individual: Táxis;3;9.4;taxi, taxista;Manoel de Sousa Lima Júnior (Conselheiro) - Sindicato das Empresas de Táxi de frota do Município de São Paulo e Região SETCESP Trans. [...] Nailton Francisco de Souza (Conselheiro) Sindicato dos Motoristas e Trabalhadores em Transporte Rodoviário Urbano de São Paulo - SINDMOTORISTAS: Faz esclarecimentos sobre o importante papel do sindicato e critica a entrada de taxi no corredor.
01_2013_Pleno_ordin_ata.pdf;1ª Reunião Ordinária;2013;Transporte Escolar e Fretamento;2;6.2;escolar;Donay Jacinto Neto (Suplente) Sindicato dos Transportadores Autônomos de Escolares e das Microempresas de SIMETESP: Indica que inclua o Transporte Escolar os projetos de Transporte Coletivo da Cidade. [...] Informa que o Transporte Escolar atende do berçário a universidade.
01_2013_Pleno_ordin_ata.pdf;1ª Reunião Ordinária;2013;Motocicletas e Motofrete;2;6.2;moto;Gerson da Silva Cunha (convidado) – SINDMOTOSP: Questiona sobre o projeto para os motociclistas. [...] Nailton Francisco de Souza (Conselheiro) Sindicato dos Motoristas e Trabalhadores em Transporte Rodoviário Urbano de São Paulo - SINDMOTORISTAS: Faz esclarecimentos sobre o importante papel do sindicato e critica a entrada de taxi no corredor.
02_2013_Pleno_ordin_ata.pdf;2ª Reunião Ordinária;2013;Composição e Governança do Conselho;16;28.6;conselheiro, conselho, eleic;"2ª Reunião do Conselho Municipal de Transporte e Trânsito - CMTT São Paulo - 25/09/2013 Praça das Artes Av. [...] Pauta 8h30 Recepção dos conselheiros e convidados; 8h45 Abertura (com 50% mais um dos conselheiros); 9h00 Abertura (com qualquer número de conselheiros presentes); Apresentação do Secretário Municipal de Desenvolvimento Urbano Sr."
02_2013_Pleno_ordin_ata.pdf;2ª Reunião Ordinária;2013;Mobilidade Urbana: Organização Geral e Prestação de Contas;13;23.2;plano de mobilidade, plano diretor;"Fernando de Mello Franco – Plano Diretor com enfoque na Mobilidade Urbana; 10h30 Apresentação das propostas de Regimento Interno e Eleição da Sociedade Civil – Debate e encaminhamentos; 11h Previsão de Encerramento. [...] Composição da Mesa  Jilmar Tatto – Secretário Municipal de Transporte e Presidente do CMTT  Gilberto de Almeida dos Santos – SINDMOTOSP  Maria José da Silva – CONAM/ FACESP  Denise Mota Dau – Secretaria de Política Para Mulheres  Josias Lech – Secretário Executivo do CMTT Palestra - Plano Diretor com enfoque na Mobilidade Urbana - Secretário Municipal de Desenvolvimento Urbano Sr."
02_2013_Pleno_ordin_ata.pdf;2ª Reunião Ordinária;2013;Transporte Público Coletivo;10;17.9;metro, onibus, sptrans, transporte coletivo;Lurdinha Maria de Lourdes Rodrigues – conselheira titular - SIMETESP: Destaca a importância dos Transportes Escolares como contribuição para melhoria do Trânsito na cidade de São Paulo, solicita que se pense na possibilidade do transporte escolar poder utilizar as Faixas Exclusivas de Ônibus, questiona o livre acesso para parar e estacionar dos Carros Fortes e solicita que na volta às aulas se faça uma ampla campanha para que os pais utilizem o transporte escolar. [...] Maura Augusta Soares de Oliveira – conselheira suplente – CONAM / FACESP: parabeniza pela expansão das Faixas Exclusivas, mas reclama da integração com o metrô que não tem conseguido absorver num tempo mais rápido o embarque tendo em vista que as pessoas estão chegando mais rápido nas estações.
02_2013_Pleno_ordin_ata.pdf;2ª Reunião Ordinária;2013;Estrutura e Organização da Rede Viária;4;7.1;cet, faixa exclusiva, via;Ressalta ainda a importância de se manter a faixa exclusiva de ônibus só para ônibus. [...] Começaremos o Arco Tietê pelo lado norte do Tietê com estrutura de transporte coletivo e também uma hivovia que trata a inovação necessária para uma cidade contemporânea, a região norte que mais carece de emprego e essa via vai poder estruturar economicamente bem como fazer as ligações transversas tão necessárias para romper com a lógica radial da cidade, temos que trabalhar com o conceito de rede.
02_2013_Pleno_ordin_ata.pdf;2ª Reunião Ordinária;2013;Segurança Viária;4;7.1;velocidade;Ressalta a importância de reduzir a velocidade. [...] Concorda que as bicicletas tem que andar no viário, para isso é necessário baixar à velocidade dos carros.
02_2013_Pleno_ordin_ata.pdf;2ª Reunião Ordinária;2013;Transporte Individual: Táxis;3;5.4;taxi;Antonio Raimundo Matias dos Santos – conselheiro titular – SIMTETAXIS: Fala da necessidade de se criar faixas solidárias na cidade de São Paulo, o intuito da faixa é dar agilidade aos diversos modais, como taxi, escolar, ambulância, e particulares com 4 passageiros ou mais. [...] Solicita explicação sobre a licitação de taxi e reivindica a criação de bolsões para embarque e desembarque de passageiros na av.
03_2013_Pleno_ordin_ata.pdf;3ª Reunião Ordinária;2013;Transporte Público Coletivo;14;28.6;onibus, sptrans, transporte coletivo;"Diretora de Planejamento de Transporte da Sptrans Ana Odila de Paiva Souza; 7. [...] Percival Maricatto dentre dos principais aspectos da Carta e destaca o conceito orientador do seu trabalho a redução do uso de carro, a priorização do transporte coletivo, do pedestre, da acessibilidade, e o incentivo aos modos alternativos ao transporte motorizado individual."
03_2013_Pleno_ordin_ata.pdf;3ª Reunião Ordinária;2013;Composição e Governança do Conselho;10;20.4;conselho, representante;3ª Reunião do Conselho Municipal de Transporte e Trânsito - CMTT São Paulo - 31/10/2013 Ed. [...] Pauta da Reunião conjunta com o Conselho Municipal de Transporte e Trânsito, Conselho Municipal de Política Urbana e Conselho Municipal da Cidade de São Paulo.
03_2013_Pleno_ordin_ata.pdf;3ª Reunião Ordinária;2013;Mobilidade Urbana: Organização Geral e Prestação de Contas;7;14.3;orcament, plano de mobilidade, plano diretor, tarifa; Apresentação dos Eixos Estruturantes e a Metodologia de Elaboração do Plano de Mobilidade Urbana 2. [...] José Pivato  Informes do Vereador Nabil Nobuki integrante da Comissão de Política Urbana, Metropolitana e Meio Ambiente, sobre as Audiências Públicas a Comissão está realizando e que terão como objeto a discussão do Projeto de Lei 688/2013 – Executivo sobre o Plano Diretor Estratégico do Município de São Paulo.
03_2013_Pleno_ordin_ata.pdf;3ª Reunião Ordinária;2013;Estrutura e Organização da Rede Viária;6;12.2;cet, corredor, via;Diretor de Planejamento e Educação do Trânsito da CET Tadeu Leite Duarte 3. [...] Gostaria de saber mais sobre o modelo dos Corredores.
03_2013_Pleno_ordin_ata.pdf;3ª Reunião Ordinária;2013;Mobilidade Ativa: Acessibilidade e Pedestres;4;8.2;calcada, pedestre;Percival Maricatto dentre dos principais aspectos da Carta e destaca o conceito orientador do seu trabalho a redução do uso de carro, a priorização do transporte coletivo, do pedestre, da acessibilidade, e o incentivo aos modos alternativos ao transporte motorizado individual. [...] Daniel Kairoz - Cooperativa Paulista de Dança: Priorizar o pedestre e pensar a mobilidade e a paisagem urbana são desafios que tem repensar.
04_2013_Pleno_ordin_ata.pdf;4ª Reunião Ordinária;2013;Estrutura e Organização da Rede Viária;15;26.3;corredor, faixa exclusiva, via;Apresentação da Proposta de Calendário 2014 Proposta aprovada pelos conselheiros com encaminhamento que a 5ª Reunião discuta a Pauta: Apresentação do estudo técnico da circulação de taxi nos corredores e a influência na velocidade dos ônibus. [...] Jaime Lerner que propõe a criação de uma rede expressa de corredores para cidade.
04_2013_Pleno_ordin_ata.pdf;4ª Reunião Ordinária;2013;Transporte Público Coletivo;12;21.1;onibus, sptrans, transporte coletivo;Apresentação da Proposta de Calendário 2014 Proposta aprovada pelos conselheiros com encaminhamento que a 5ª Reunião discuta a Pauta: Apresentação do estudo técnico da circulação de taxi nos corredores e a influência na velocidade dos ônibus. [...] Debate Helio Firmo – FUSP- Federação dos Usuários de Transporte Coletivos Rodoviàrios, Ferroviários, Hidroviários e Aéreos do Estado de São Paulo: São Paulo tem a característica de ser cercada por cidades dormitórios – acesso por rodovias como a cidade lida com essas rodovias é possível essa integração?
04_2013_Pleno_ordin_ata.pdf;4ª Reunião Ordinária;2013;Composição e Governança do Conselho;9;15.8;conselheiro, conselho, eleic;"RELATÓRIO DA 4ª REUNIÃO DO CONSELHO MUNICIPAL DE TRANSPORTE E TRÂNSITO Local: Museu dos Transportes Público Gaetano Ferolla 19/12/2013 Pauta: 8h30 - Recepção dos conselheiros e convidados 8h45 - Abertura (com 50% mais um dos conselheiros) 9h00 - Abertura (com qualquer numero de conselheiros presentes) 9h00 – Apresentação da Proposta de Eleição dos Conselheiros da Sociedade Civil; Aprovação do Regimento Interno do Conselho; Apresentação da proposta de Calendário de 2014 9h30 – Contribuição para o Plano de Mobilidade Urbana preparada pela SPURBANUSS com a apresentação do Arquiteto, Urbanista e Ex-Governador do Paraná, Jaime Lerner 11h - Previsão de Encerramento 1. [...] Apresentação da Proposta de Eleição Direta Apresentação da Proposta de Eleição Direta dos membros definitivos da Sociedade Civil em Pré Conferências temáticas e regionais conforme calendário abaixo."
04_2013_Pleno_ordin_ata.pdf;4ª Reunião Ordinária;2013;Transporte Individual: Táxis;7;12.3;taxi, taxista;Apresentação da Proposta de Calendário 2014 Proposta aprovada pelos conselheiros com encaminhamento que a 5ª Reunião discuta a Pauta: Apresentação do estudo técnico da circulação de taxi nos corredores e a influência na velocidade dos ônibus. [...] Propõe que os taxistas se unam para elaborar uma proposta.
04_2013_Pleno_ordin_ata.pdf;4ª Reunião Ordinária;2013;Mobilidade Urbana: Organização Geral e Prestação de Contas;5;8.8;plano de mobilidade, tarifa;"RELATÓRIO DA 4ª REUNIÃO DO CONSELHO MUNICIPAL DE TRANSPORTE E TRÂNSITO Local: Museu dos Transportes Público Gaetano Ferolla 19/12/2013 Pauta: 8h30 - Recepção dos conselheiros e convidados 8h45 - Abertura (com 50% mais um dos conselheiros) 9h00 - Abertura (com qualquer numero de conselheiros presentes) 9h00 – Apresentação da Proposta de Eleição dos Conselheiros da Sociedade Civil; Aprovação do Regimento Interno do Conselho; Apresentação da proposta de Calendário de 2014 9h30 – Contribuição para o Plano de Mobilidade Urbana preparada pela SPURBANUSS com a apresentação do Arquiteto, Urbanista e Ex-Governador do Paraná, Jaime Lerner 11h - Previsão de Encerramento 1. [...] 9h00 Abertura e Apresentação Proposta de Construção do Plano de Mobilidade Urbana 9h30 Apresentação dos Candidatos de debate sobre a Mobilidade Urbana com enfoque no segmento 10h00 Inicio da Votação 10h40 Encerramento da Votação 11h Contagem dos votos e divulgação dos resultados."
04_2013_Pleno_ordin_ata.pdf;4ª Reunião Ordinária;2013;Segurança Viária;3;5.3;velocidade;Apresentação da Proposta de Calendário 2014 Proposta aprovada pelos conselheiros com encaminhamento que a 5ª Reunião discuta a Pauta: Apresentação do estudo técnico da circulação de taxi nos corredores e a influência na velocidade dos ônibus. [...] Já para próxima reunião de janeiro a proposta é realizar apresentação do estudo técnico da circulação de taxi nos corredores e a influência na velocidade dos ônibus.
05_2014_Pleno_ordin_ata.pdf;5ª Reunião Ordinária;2014;Estrutura e Organização da Rede Viária;33;26.0;cet, corredor, faixa exclusiva, rodizio, semaforo, via;RELATÓRIO 5ª Reunião do Conselho Municipal de Transporte e Trânsito – CMTT Local: Biblioteca Mário de Andrade – Rua da Consolação, 94 – Centro Pauta: 8h30 - Recepção dos conselheiros e convidados 8h45 - Abertura (com 50% mais um dos conselheiros) 9h00 - Abertura (com qualquer número de conselheiros presentes) 9h00 – Palavra Livre 9h15 - Apresentação do estudo técnico da circulação de táxi nos corredores e a influência na velocidade dos ônibus 9h45 - Apresentação do estudo sobre ampliação do Rodízio Municipal 10h00 - Debate 11h00 - Previsão de Encerramento Composição da Mesa: Presidente do CMTT Sr. [...] Valter Lopes - coordenador do ponto de táxi do Aeroporto de Congonhas: Questiona a CET sobre reparos necessários ao longo dos corredores e os estreitamentos de faixas ao longo das avenidas.
05_2014_Pleno_ordin_ata.pdf;5ª Reunião Ordinária;2014;Transporte Público Coletivo;29;22.8;frota, onibus, sptrans, transporte coletivo;RELATÓRIO 5ª Reunião do Conselho Municipal de Transporte e Trânsito – CMTT Local: Biblioteca Mário de Andrade – Rua da Consolação, 94 – Centro Pauta: 8h30 - Recepção dos conselheiros e convidados 8h45 - Abertura (com 50% mais um dos conselheiros) 9h00 - Abertura (com qualquer número de conselheiros presentes) 9h00 – Palavra Livre 9h15 - Apresentação do estudo técnico da circulação de táxi nos corredores e a influência na velocidade dos ônibus 9h45 - Apresentação do estudo sobre ampliação do Rodízio Municipal 10h00 - Debate 11h00 - Previsão de Encerramento Composição da Mesa: Presidente do CMTT Sr. [...] Em vários hotéis tem esse serviço cobrando taxas abusivas, trajetos que não passaria de R$20,00 são cobrados até 120,00 enfim, é esse o nosso problema que gostaria de deixar registrado que nossa frota de 1972 tem 160 carros e precisaríamos do dobro disso para atender todos os hotéis.
05_2014_Pleno_ordin_ata.pdf;5ª Reunião Ordinária;2014;Transporte Individual: Táxis;25;19.7;taxi, taxista;RELATÓRIO 5ª Reunião do Conselho Municipal de Transporte e Trânsito – CMTT Local: Biblioteca Mário de Andrade – Rua da Consolação, 94 – Centro Pauta: 8h30 - Recepção dos conselheiros e convidados 8h45 - Abertura (com 50% mais um dos conselheiros) 9h00 - Abertura (com qualquer número de conselheiros presentes) 9h00 – Palavra Livre 9h15 - Apresentação do estudo técnico da circulação de táxi nos corredores e a influência na velocidade dos ônibus 9h45 - Apresentação do estudo sobre ampliação do Rodízio Municipal 10h00 - Debate 11h00 - Previsão de Encerramento Composição da Mesa: Presidente do CMTT Sr. [...] Palavra Livre: Nilson Carvalho Presidente da Cooperluxo Cooperativa de Táxi Luxo de São Paulo - Apresentou o problema de carros clandestinos particulares fazendo o serviço de táxi para hotéis na cidade de São Paulo, há poucos dias faliu uma das maiores empresas que tinha uma liminar para circular.
05_2014_Pleno_ordin_ata.pdf;5ª Reunião Ordinária;2014;Composição e Governança do Conselho;19;15.0;conselheiro, conselho, eleic, representante;RELATÓRIO 5ª Reunião do Conselho Municipal de Transporte e Trânsito – CMTT Local: Biblioteca Mário de Andrade – Rua da Consolação, 94 – Centro Pauta: 8h30 - Recepção dos conselheiros e convidados 8h45 - Abertura (com 50% mais um dos conselheiros) 9h00 - Abertura (com qualquer número de conselheiros presentes) 9h00 – Palavra Livre 9h15 - Apresentação do estudo técnico da circulação de táxi nos corredores e a influência na velocidade dos ônibus 9h45 - Apresentação do estudo sobre ampliação do Rodízio Municipal 10h00 - Debate 11h00 - Previsão de Encerramento Composição da Mesa: Presidente do CMTT Sr. [...] Maurício Antonio Ribeiro Lopes, Representantes dos Operadores – Presidente do Sinditaxi Sr.
05_2014_Pleno_ordin_ata.pdf;5ª Reunião Ordinária;2014;Segurança Viária;10;7.9;seguranca, velocidade;RELATÓRIO 5ª Reunião do Conselho Municipal de Transporte e Trânsito – CMTT Local: Biblioteca Mário de Andrade – Rua da Consolação, 94 – Centro Pauta: 8h30 - Recepção dos conselheiros e convidados 8h45 - Abertura (com 50% mais um dos conselheiros) 9h00 - Abertura (com qualquer número de conselheiros presentes) 9h00 – Palavra Livre 9h15 - Apresentação do estudo técnico da circulação de táxi nos corredores e a influência na velocidade dos ônibus 9h45 - Apresentação do estudo sobre ampliação do Rodízio Municipal 10h00 - Debate 11h00 - Previsão de Encerramento Composição da Mesa: Presidente do CMTT Sr. [...] Sobre o Corredor da Avenida 23 de Maio, informa que está em estudo e será feita toda a pintura desse trecho até por uma questão de segurança.
06_2014_Pleno_ordin_ata.pdf;6ª Reunião Ordinária;2014;Composição e Governança do Conselho;12;27.3;conselheiro, conselho, eleic;RELATÓRIO 6ª Reunião do Conselho Municipal de Transporte e Trânsito – CMTT Local: Biblioteca Mário de Andrade – Rua da Consolação, 94 – Centro Pauta: 8h30 - Recepção dos conselheiros e convidados 8h45 - Abertura (com 50% mais um dos conselheiros 9h00 - Abertura (com qualquer numero de conselheiros presentes) 9h05 - Palavra Livre 9h35 - Contribuição para o Plano de Mobilidade Urbana preparada pela Rede Nossa São Paulo 10h35 - Debate 11h - Previsão de Encerramento Composição da Mesa: Presidente do CMTT Sr. [...] A abertura deste 6º encontro foi feita pelo presidente do Conselho, o secretário municipal de Transportes, Jilmar Tatto, e a tônica do debate foi a Mobilidade Urbana voltada para a importância de ações que priorizem o transporte público coletivo e o pedestre.
06_2014_Pleno_ordin_ata.pdf;6ª Reunião Ordinária;2014;Transporte Público Coletivo;8;18.2;frota, metro, onibus, transporte coletivo;Palavra Livre: Soninha Francine – apresentou em slides algumas fotos de sugestões e reclamações sobre o transporte coletivo Jorge Miguel - Conselheiro TRANSFETUR - Parabeniza o secretario pela condução do conselho, concorda com o secretario quando afirma que a prioridade na cidade é o transporte publico, com base em pesquisas afirma que os usuários que deixaram de ser transportados pelo fretamento, migram para utilizar seus veículos, contribuindo assim para o aumento do transito na cidade, propõem que seja criada uma comissão para estudo do fretamento, formada pelo poder publico, setor de fretamento e técnicos de transito. [...] Francisco - Conselheiro eleito Pessoa com Deficiência – Faz ponderações que a frota de ônibus não é acessível, e por muitas vezes o ônibus encontra-se em manutenção, por este motivo o seguimento da pessoa com deficiência, não consegue participar de eventos e reuniões de seu interesse.
06_2014_Pleno_ordin_ata.pdf;6ª Reunião Ordinária;2014;Estrutura e Organização da Rede Viária;5;11.4;corredor, faixa exclusiva, semaforo;Americano – Vereador de Guarulhos – Informou que a portaria do taxi amenizou o problema, precisa ainda analisar a proposta de liberar a faixa exclusiva para taxi. [...] Apresentação Apresentado foi realizado pelo senhor Horácio Figueira, consultor em Mobilidade Urbana, o conjunto de sugestões inclui, por exemplo, “colocar semáforos com foco em pedestres em todos os cruzamentos onde já existam semáforo para veículos” e “prever todas as facilidades para o pedestre no projeto de mobilidade”.
06_2014_Pleno_ordin_ata.pdf;6ª Reunião Ordinária;2014;Mobilidade Urbana: Organização Geral e Prestação de Contas;4;9.1;plano de mobilidade;RELATÓRIO 6ª Reunião do Conselho Municipal de Transporte e Trânsito – CMTT Local: Biblioteca Mário de Andrade – Rua da Consolação, 94 – Centro Pauta: 8h30 - Recepção dos conselheiros e convidados 8h45 - Abertura (com 50% mais um dos conselheiros 9h00 - Abertura (com qualquer numero de conselheiros presentes) 9h05 - Palavra Livre 9h35 - Contribuição para o Plano de Mobilidade Urbana preparada pela Rede Nossa São Paulo 10h35 - Debate 11h - Previsão de Encerramento Composição da Mesa: Presidente do CMTT Sr. [...] O coordenador executivo da Rede, Mauríco Broinizi Pereira, destacou que a criação de um conselho de transporte e de um Plano de Mobilidade Sustentável era antigas reivindicações da entidade e que, para a Rede, não faz sentido discutir a cidade sem que haja uma integração em todos os aspectos.
06_2014_Pleno_ordin_ata.pdf;6ª Reunião Ordinária;2014;Transporte Individual: Táxis;4;9.1;alvara, taxi, taxista;Americano – Vereador de Guarulhos – Informou que a portaria do taxi amenizou o problema, precisa ainda analisar a proposta de liberar a faixa exclusiva para taxi. [...] “É duro politicamente, causa desgastes, mas, se estamos fazendo uma mudança, precisamos bancar essa mudança.” A apresentação completa está disponível no link abaixo: http://nossasaopaulo.org.br/portal/arquivos/sugestoes-plano-mobilidade.pdf Ceara - Presidente taxi – Agradece o secretario e o prefeito, pelo liberação da utilização das faixas pelos taxistas e informa que a categoria não irá mais realizar a paralisação.
06_2014_Pleno_ordin_ata.pdf;6ª Reunião Ordinária;2014;Transporte Escolar e Fretamento;3;6.8;fretado, fretamento;Palavra Livre: Soninha Francine – apresentou em slides algumas fotos de sugestões e reclamações sobre o transporte coletivo Jorge Miguel - Conselheiro TRANSFETUR - Parabeniza o secretario pela condução do conselho, concorda com o secretario quando afirma que a prioridade na cidade é o transporte publico, com base em pesquisas afirma que os usuários que deixaram de ser transportados pelo fretamento, migram para utilizar seus veículos, contribuindo assim para o aumento do transito na cidade, propõem que seja criada uma comissão para estudo do fretamento, formada pelo poder publico, setor de fretamento e técnicos de transito. [...] A 6ª reunião do Conselho contou ainda com a participação de representantes de sindicatos, entidades representativas de táxis, do segmento de fretados e de pessoas da sociedade civil que expuseram suas opiniões sobre a operação de linhas de ônibus.
06_2014_Pleno_ordin_ata.pdf;6ª Reunião Ordinária;2014;Mobilidade Ativa: Acessibilidade e Pedestres;3;6.8;pedestre;A abertura deste 6º encontro foi feita pelo presidente do Conselho, o secretário municipal de Transportes, Jilmar Tatto, e a tônica do debate foi a Mobilidade Urbana voltada para a importância de ações que priorizem o transporte público coletivo e o pedestre. [...] Apresentação Apresentado foi realizado pelo senhor Horácio Figueira, consultor em Mobilidade Urbana, o conjunto de sugestões inclui, por exemplo, “colocar semáforos com foco em pedestres em todos os cruzamentos onde já existam semáforo para veículos” e “prever todas as facilidades para o pedestre no projeto de mobilidade”.
07_2014_Pleno_ordin_ata.pdf;7ª Reunião Ordinária;2014;Mobilidade Ativa: Bicicletas;47;42.3;bicicleta, ciclista, ciclofaixa, ciclovia;RELATÓRIO 04/06/2014 7ª Reunião do Conselho Municipal de Transporte e Trânsito – CMTT Local: Rua Genebra, 25 – Centro Pauta: Abertura Cerimônia de Posse dos Conselheiros da Sociedade Civil eleitos Palavra Livre Agenda de Construção do PLAMMOB –Plano Municipal de Mobilidade: • Apresentação da proposta da Rede Cicloviária Debate Previsão de Encerramento Composição da Mesa: Presidente do CMTT Sr. [...] Jilmar Tatto, Felipe Aragones representante dos Ciclistas e Carina Vitral representante UMES.
07_2014_Pleno_ordin_ata.pdf;7ª Reunião Ordinária;2014;Estrutura e Organização da Rede Viária;19;17.1;cet, corredor, faixa exclusiva, via;O CET no Bairro 70 bairros em 2014, as intervenções serão priorizadas nos bairros que o índice de acidentes são altos. [...] Hoje, temos 21 Km de ciclovias em construção nas avenidas Cruzeiro do Sul, Eliseu de Almeida, no bairro Jardim Helena (Zona Leste) e em Parelheiros (Zona Sul), queremos, e vamos, fazer muito mais, a extensão pretendida de 400 Km se somará aos 150 km de ciclovias previstas para serem implantadas junto aos futuros corredores de ônibus.
07_2014_Pleno_ordin_ata.pdf;7ª Reunião Ordinária;2014;Composição e Governança do Conselho;12;10.8;conselheiro, conselho, representante;RELATÓRIO 04/06/2014 7ª Reunião do Conselho Municipal de Transporte e Trânsito – CMTT Local: Rua Genebra, 25 – Centro Pauta: Abertura Cerimônia de Posse dos Conselheiros da Sociedade Civil eleitos Palavra Livre Agenda de Construção do PLAMMOB –Plano Municipal de Mobilidade: • Apresentação da proposta da Rede Cicloviária Debate Previsão de Encerramento Composição da Mesa: Presidente do CMTT Sr. [...] Jilmar Tatto, Felipe Aragones representante dos Ciclistas e Carina Vitral representante UMES.
07_2014_Pleno_ordin_ata.pdf;7ª Reunião Ordinária;2014;Segurança Viária;9;8.1;acidente, seguranca, velocidade;Palavra Livre: Derli Valadares – Instituto de Etica e Comportamento no Transito: Alertou sobre o número crescente de acidentes com pedestres, ações mais concretas e reduzir medidas, solicitou a divulgação dos índices para acompanhamento da sociedade. [...] O CET no Bairro 70 bairros em 2014, as intervenções serão priorizadas nos bairros que o índice de acidentes são altos.
07_2014_Pleno_ordin_ata.pdf;7ª Reunião Ordinária;2014;Mobilidade Ativa: Acessibilidade e Pedestres;8;7.2;calcada, pedestre, travessia;Palavra Livre: Derli Valadares – Instituto de Etica e Comportamento no Transito: Alertou sobre o número crescente de acidentes com pedestres, ações mais concretas e reduzir medidas, solicitou a divulgação dos índices para acompanhamento da sociedade. [...] Diretrizes para ciclovias “padrão CET” Para planejar a futura rede de 400 Km de ciclovias, as diretrizes a nortear os técnicos da CET foram revistas e, em suma, determinam que as futuras ciclovias devam ter o seguinte padrão: • Ligações perimetrais e radiais: constituição de rede estrutural cicloviária • Conectividade dos trajetos • Linearidade: menor distância possível na viagem • Funcionalidade: importância das ligações que proporciona (escolas, praças, etc.) • Integração modal com transporte de média e alta capacidade • Uso da estrutura como meio de transporte • Preferência por ruas secundárias • Não se eliminar a faixa de rolamento • Implantar preferencialmente no lado esquerdo • Ser preferencialmente bidirecional Como a ciclovia será sinalizada na via pública (ou seja, não em calçadas), será necessário remover vagas de estacionamento (inclusive as de Zona Azul) nas vias contempladas por este plano.
07_2014_Pleno_ordin_ata.pdf;7ª Reunião Ordinária;2014;Transporte Público Coletivo;6;5.4;onibus, transporte coletivo;Hoje, temos 21 Km de ciclovias em construção nas avenidas Cruzeiro do Sul, Eliseu de Almeida, no bairro Jardim Helena (Zona Leste) e em Parelheiros (Zona Sul), queremos, e vamos, fazer muito mais, a extensão pretendida de 400 Km se somará aos 150 km de ciclovias previstas para serem implantadas junto aos futuros corredores de ônibus. [...] Os novos percursos deverão ser espalhados pela cidade conectados com outros modais de transporte, como terminais de ônibus, equipamentos públicos, escolas, praças, parques e locais de trabalho.
08_2014_Pleno_ordin_ata.pdf;8ª Reunião Ordinária;2014;Transporte Público Coletivo;18;27.7;onibus, sptrans, transporte coletivo;Bueno Camargo – Conselheiro suplente da sociedade civil – segmento Região Oeste – Convidar a SMT, SPTrans e CET para participarem da audiência pública no dia 02/08, tratando da criação de faixa exclusiva na rodovia Raposo Tavares. [...] Bárbara de Oliveira Lopes – Conselheira titular da sociedade civil – segmento Centro Expandido – Pergunta sobre a implantação do ônibus 24 horas e auditoria.
08_2014_Pleno_ordin_ata.pdf;8ª Reunião Ordinária;2014;Composição e Governança do Conselho;17;26.2;conselheiro, conselho;RELATÓRIO 8ª Reunião do Conselho Municipal de Transporte e Trânsito – CMTT 30/07/2014 - Auditório da Biblioteca Mário de Andrade Pauta: 8h30 - Recepção dos conselheiros e convidados 8h45 - Abertura (com 50% mais um dos conselheiros) 9h00 - Abertura (com qualquer número de conselheiros presentes) 9h05 - Palavra Livre 9h35 - Contribuição para o Plano de Mobilidade Urbana preparada pelo Sindicato das Empresas de Transporte de Passageiros por Fretamento e para Turismo de São Paulo. [...] TRANSFRETUR 10h35 – Debate 11h00 – Indicação dos Conselheiros da Sociedade Civil para o CPOP e para Coordenação Executiva do CMTT Composição da Mesa: Sr.
08_2014_Pleno_ordin_ata.pdf;8ª Reunião Ordinária;2014;Transporte Escolar e Fretamento;8;12.3;fretamento;RELATÓRIO 8ª Reunião do Conselho Municipal de Transporte e Trânsito – CMTT 30/07/2014 - Auditório da Biblioteca Mário de Andrade Pauta: 8h30 - Recepção dos conselheiros e convidados 8h45 - Abertura (com 50% mais um dos conselheiros) 9h00 - Abertura (com qualquer número de conselheiros presentes) 9h05 - Palavra Livre 9h35 - Contribuição para o Plano de Mobilidade Urbana preparada pelo Sindicato das Empresas de Transporte de Passageiros por Fretamento e para Turismo de São Paulo. [...] Jilmar Tatto - Secretário Municipal de Transporte e Presidente do CMTT, Josias Lech - Secretário Executivo do CMTT, Karina Solha - Professora Curso de Turismo da USP, Eduardo Alcântara Vasconcellos - Engenheiro Civil e Sociólogo e Jorge Miguel dos Santos - Sindicato das Empresas de Transporte de Passageiros por Fretamento e para Turismo de São Paulo - TRANSFRETUR e Conselheiro suplente do CMTT Palavra Livre: Élio J.
08_2014_Pleno_ordin_ata.pdf;8ª Reunião Ordinária;2014;Estrutura e Organização da Rede Viária;6;9.2;corredor, faixa exclusiva, via;Bueno Camargo – Conselheiro suplente da sociedade civil – segmento Região Oeste – Convidar a SMT, SPTrans e CET para participarem da audiência pública no dia 02/08, tratando da criação de faixa exclusiva na rodovia Raposo Tavares. [...] Natalício Bezerra – Conselheiro Titular SINDITAXI – Parabeniza o Secretário sobre os corredores e faixa exclusiva, solicita que os taxistas tenham o direito de andar no corredor.
08_2014_Pleno_ordin_ata.pdf;8ª Reunião Ordinária;2014;Mobilidade Urbana: Organização Geral e Prestação de Contas;6;9.2;orcament, plano de mobilidade, tarifa;RELATÓRIO 8ª Reunião do Conselho Municipal de Transporte e Trânsito – CMTT 30/07/2014 - Auditório da Biblioteca Mário de Andrade Pauta: 8h30 - Recepção dos conselheiros e convidados 8h45 - Abertura (com 50% mais um dos conselheiros) 9h00 - Abertura (com qualquer número de conselheiros presentes) 9h05 - Palavra Livre 9h35 - Contribuição para o Plano de Mobilidade Urbana preparada pelo Sindicato das Empresas de Transporte de Passageiros por Fretamento e para Turismo de São Paulo. [...] Felipe Teixeira Gonçalves – Conselheiro Titular – SEMPLA – Explicação sobre a composição e objetivo do Conselho Municipal de Planejamento, Orçamento e Gestão.
08_2014_Pleno_ordin_ata.pdf;8ª Reunião Ordinária;2014;Mobilidade Ativa: Acessibilidade e Pedestres;4;6.2;acessibilidade, calcada, pedestre;"Horácio Augusto Figueira – Consultor Engenharia de Trânsito na Hora H Pesquisa Engenharia & Marketing Ltda – 1º Referendar as faixas exclusivas nas rodovias da R.M.S.P nos dias úteis PM: 6 – 4 chegadas, PT: 16 – 21 saídas e fins de semana; 2º colocar os abrigos de ônibus em ângulo mais ou menos 30° graus em relação à calçadas para facilitar o usuário ver a chegada dos veículos; 3º aumentar o tamanho das letras nos painéis dos abrigos com os nomes e números das linhas. [...] Sobre a acessibilidade assumo o compromisso de articular uma reunião juntamente com grupo temático, outros secretários para discutir essa questão de acessibilidade, o trajeto antes de chegar ao ponto de ônibus."
09_2014_Pleno_ordin_ata.pdf;9ª Reunião Ordinária;2014;Mobilidade Ativa: Bicicletas;39;31.7;bicicleta, bike, ciclista, ciclovia;RELATÓRIO 9ª Reunião do Conselho Municipal de Transporte e Trânsito – CMTT 25/09/2014 Rua da Consolação, 94 – Centro – Auditório da Biblioteca Mário de Andrade Pauta: 8h30 - Recepção dos conselheiros e convidados 8h45 - Abertura (com 50% mais um dos conselheiros) 9h00 - Abertura (com qualquer numero de conselheiros presentes) 9h05 - Palavra Livre 9h35 – Semana da Mobilidade 2014  Balanços das Ações voltadas aos Pedestres e Ciclistas  Lançamento da Publicação Faixa Exclusiva 10h35 - Debate 11h00 - Previsão de Encerramento Composição da Mesa: Presidente do CMTT Sr. [...] Antonio Miotto – Ciclista – Solicita informações sobre a compra de Paraciclos entregou solicitação por escrito.
09_2014_Pleno_ordin_ata.pdf;9ª Reunião Ordinária;2014;Transporte Público Coletivo;18;14.6;onibus, sptrans, transporte coletivo;Sérgio Zolino – Movimento Pedala SP – Estou aqui para ressaltar a importância da sua campanha para o cidadão paulistano de “Respeito nas Ruas” abrange todos modais com uma visão holística para todos motoristas: taxis, motoristas de ônibus, bikers. [...] fisc, 0,002%, 5 x menor, 63 embriagados, 34 embriagados, 2,3% embriagados, 7,3% embriagados, traflic calming, poucas medidas, ciclovias, logo passa Lisboa, mas as velocidades continuam altas / (30% morte a 40 km/h e 85% norte a 60km/h), domingo na Paulista tinha 35 mil pessoas com 76% aprovação, GPS está instalado nos ônibus – porque não usar como o instrumento de fiscalização?
09_2014_Pleno_ordin_ata.pdf;9ª Reunião Ordinária;2014;Estrutura e Organização da Rede Viária;17;13.8;cet, corredor, faixa exclusiva, via;RELATÓRIO 9ª Reunião do Conselho Municipal de Transporte e Trânsito – CMTT 25/09/2014 Rua da Consolação, 94 – Centro – Auditório da Biblioteca Mário de Andrade Pauta: 8h30 - Recepção dos conselheiros e convidados 8h45 - Abertura (com 50% mais um dos conselheiros) 9h00 - Abertura (com qualquer numero de conselheiros presentes) 9h05 - Palavra Livre 9h35 – Semana da Mobilidade 2014  Balanços das Ações voltadas aos Pedestres e Ciclistas  Lançamento da Publicação Faixa Exclusiva 10h35 - Debate 11h00 - Previsão de Encerramento Composição da Mesa: Presidente do CMTT Sr. [...] Roberson Miguel – Ciclocidade – Ligação local dos postos públicos com ciclovias UBS, CÉU – escolas e área para caminhadas revezando 2 a 3 vezes por semana para as UBS levarem idosos e paciente com apoio da CET.
09_2014_Pleno_ordin_ata.pdf;9ª Reunião Ordinária;2014;Mobilidade Ativa: Acessibilidade e Pedestres;16;13.0;acessibilidade, calcada, pedestre, travessia;RELATÓRIO 9ª Reunião do Conselho Municipal de Transporte e Trânsito – CMTT 25/09/2014 Rua da Consolação, 94 – Centro – Auditório da Biblioteca Mário de Andrade Pauta: 8h30 - Recepção dos conselheiros e convidados 8h45 - Abertura (com 50% mais um dos conselheiros) 9h00 - Abertura (com qualquer numero de conselheiros presentes) 9h05 - Palavra Livre 9h35 – Semana da Mobilidade 2014  Balanços das Ações voltadas aos Pedestres e Ciclistas  Lançamento da Publicação Faixa Exclusiva 10h35 - Debate 11h00 - Previsão de Encerramento Composição da Mesa: Presidente do CMTT Sr. [...] E ciclistas passam em velocidade semelhante ao pedestre, com muito mais facilidade que um motorista para ver uma vitrine, entrar numa loja, conhecer um produto ou serviço.
09_2014_Pleno_ordin_ata.pdf;9ª Reunião Ordinária;2014;Segurança Viária;11;8.9;acidente, seguranca, velocidade;E a viabilização de um projeto técnico avaliado com a objetividade de reduzir a velocidade dos veículos para 40 km/hora com a objetividade de construir um sistema de mobilidade humana com instrumento de trabalho e de lazer. [...] (Doação de campanha de segurança para trânsito).
09_2014_Pleno_ordin_ata.pdf;9ª Reunião Ordinária;2014;Composição e Governança do Conselho;8;6.5;conselheiro, conselho, representante;RELATÓRIO 9ª Reunião do Conselho Municipal de Transporte e Trânsito – CMTT 25/09/2014 Rua da Consolação, 94 – Centro – Auditório da Biblioteca Mário de Andrade Pauta: 8h30 - Recepção dos conselheiros e convidados 8h45 - Abertura (com 50% mais um dos conselheiros) 9h00 - Abertura (com qualquer numero de conselheiros presentes) 9h05 - Palavra Livre 9h35 – Semana da Mobilidade 2014  Balanços das Ações voltadas aos Pedestres e Ciclistas  Lançamento da Publicação Faixa Exclusiva 10h35 - Debate 11h00 - Previsão de Encerramento Composição da Mesa: Presidente do CMTT Sr. [...] Josias Lech, Conselheiro da Região Leste Sr.
10_2014_Pleno_ordin_ata.pdf;10ª Reunião Ordinária;2014;Transporte Público Coletivo;13;24.5;bilhete unico, metro, onibus, sptrans, terminal, transporte coletivo;Josias Lech, Conselheira respresentante da Região Centro Sra Bárbara de Oliveira Lopes, Conselheiro representante do Sindicato das Empresas de Transporte de cargas de São Paulo e Região - Sr Manoel Souza Lima Junior PALAVRA LIVRE Nome: Ricardo Auriemma Organização: Adetax Sintetaxi Apresentação sobre a criação do serviço de Taxi Acessível apresentamos núcleo institucional de nossa entidade que apresenta o trabalho e a criação de serviço de taxi acessível da cidade de São Paulo, com depoimento da SPTrans, de SPMED de motoristas e usuários. [...] Nome: Alessandra Jeszensky Organização: Viva Pacaembu Email: ale.jeszensky@gmail.com Resumo da fala: Vim representando o Viva Pacaembu, e gostaríamos gentilmente de pedir a revisão de itinerário de 13 linhas de ônibus que passam na rua Minas Gerais.
10_2014_Pleno_ordin_ata.pdf;10ª Reunião Ordinária;2014;Estrutura e Organização da Rede Viária;7;13.2;asfalto, cet, corredor, engenharia de trafego, faixa exclusiva, semaforo;Ainda sobre o Balanço de Ações, na abordagem do Programa ATENDE, comentou sobre a possível Sugeriu a partir das explanações da participante Alessandra, representante da Associação Viva Pacaembu, uma reunião da mesma com integrantes da CET e SPTrans, a fim de sanar o exposto na “Palavra Livre”. [...] Comentou sobre a importância da redução do número de mortes e de análises que associam as faixas etárias mais jovens aos níveis de acidentalidades associadas ao alcoolismo, enfatizou que a Companhia de Engenharia de Tráfego vem desenvolvendo programas de segurança e implantando diversas medidas como o programa de redução de velocidade em diversas áreas da cidade, com a intenção de reduzir o número de mortes.
10_2014_Pleno_ordin_ata.pdf;10ª Reunião Ordinária;2014;Mobilidade Ativa: Bicicletas;7;13.2;ciclista, ciclovia;Enfatizou que a prefeitura desenvolve diversas ações que promovem a ocupação do espaço público a fim de que a cidade seja pensada como um espaço de convivência, onde as pessoas possam transitar por diversos modais e estar ocupando diversas posições, ora pedestre, ora ciclista, ora usuário de outro modal, que conviva com outras pessoas e que compartilhe de espaços de convivência, citou os parklets como exemplo de uso democrático das vias e ocupação do espaço público. [...] DEBATE Nome: Felipe Fernandes Organização: Ciclocidade Resumo da fala: Balanço das ações de mobilidade por bicicleta  Parabéns pelos quase 200 km entregues  Má qualidade do asfalto, em que pé está a licitação para refazer o pavimento (sic)  Sinalização semafórica deficiente principalmente na contra – mão  Ciclovia da Paulista  Treinamento dos motoristas de ônibus  Não da para aumentar a passagem se 0,20 já deu tudo aquilo, imagina por 0,40 #Ficadica (sic) Nome: Maria Amélia Portugal Organização: Ass.com.
10_2014_Pleno_ordin_ata.pdf;10ª Reunião Ordinária;2014;Composição e Governança do Conselho;6;11.3;conselheiro, conselho, representante;RELATÓRIO 10ª Reunião do Conselho Municipal de Transporte e Trânsito – CMTT 04/12/2014 Rua Rosa e Silva, 60 – Santa Cecília – Conselho Regional de Contabilidade- CRC Programação: 15h30 - Recepção dos conselheiros e convidados 15h45 - Abertura (com 50% mais um dos conselheiros) 16h00 - Abertura (com qualquer número de conselheiros presentes) 16h05 - Palavra Livre (inscrição prévia por e-mail ou presencial até horário da Abertura 16h35 - Balanço das Ações da Mobilidade 2014 - Apresentação e Debate 18h00 – Coquetel de Confraternização Composição da Mesa: Presidente do CMTT Sr. [...] Josias Lech, Conselheira respresentante da Região Centro Sra Bárbara de Oliveira Lopes, Conselheiro representante do Sindicato das Empresas de Transporte de cargas de São Paulo e Região - Sr Manoel Souza Lima Junior PALAVRA LIVRE Nome: Ricardo Auriemma Organização: Adetax Sintetaxi Apresentação sobre a criação do serviço de Taxi Acessível apresentamos núcleo institucional de nossa entidade que apresenta o trabalho e a criação de serviço de taxi acessível da cidade de São Paulo, com depoimento da SPTrans, de SPMED de motoristas e usuários.
10_2014_Pleno_ordin_ata.pdf;10ª Reunião Ordinária;2014;Segurança Viária;6;11.3;acidente, seguranca, velocidade;Comentou sobre a importância da redução do número de mortes e de análises que associam as faixas etárias mais jovens aos níveis de acidentalidades associadas ao alcoolismo, enfatizou que a Companhia de Engenharia de Tráfego vem desenvolvendo programas de segurança e implantando diversas medidas como o programa de redução de velocidade em diversas áreas da cidade, com a intenção de reduzir o número de mortes. [...] CONSIDERAÇÕES DA MESA Sr Manoel de Souza Lima Conselheiro titular do CMTT, representando do SETCESP Explanou sobre as condições das calçadas na região de perdizes, Comunicou que a AMBEV convidou o SETCESP a participar do programa “Acidente Zero”, a fim de trabalharem juntos na redução do número de acidentes gerados por motoristas que dirigem após consumirem bebidas alcoólica.
10_2014_Pleno_ordin_ata.pdf;10ª Reunião Ordinária;2014;Mobilidade Ativa: Acessibilidade e Pedestres;6;11.3;calcada, pedestre;Josias Lech, ressaltou a importância do Programa de Proteção ao Pedestre, endossando a explanação do Sr Élio ( Palavra Livre) em dar preferência ao pedestre, transformando o caminhar uma apropriação do espaço público. [...] Destacou a importância das calçadas estarem acessíveis à travessia e caminhar sem obstaculizações.
10_2014_Pleno_ordin_ata.pdf;10ª Reunião Ordinária;2014;Mobilidade Urbana: Organização Geral e Prestação de Contas;3;5.7;custos, planmob, plano de mobilidade;Camargo Organização: CMTT - Oeste Resumo da fala:  Faróis de 10 segundos  Na conversão a preferência é do pedestre realizar campanha  Faixas Exclusivas c/ Muitos obstáculos  Participação no plano de mobilidade Nome: Adilson Sousa Organização: Bancada Norte (titular) Resumo da fala:  Extensão ao bilhete Único destinado as pessoas com câncer, também ao acompanhante. [...] CONSIDERAÇÕES DO PRESIDENTE SOBRE O DEBATE: O Secretário de Transportes Jilmar Tatto comentou sobre a contratação pública da empresa Ernest Young que tem por objetivo verificar o sistema de transporte públicoimplantado atualmente e realizar estudos de custos e organização das linhas tornando estes dados abertos a fim que seja possibilitada a reestruturação do sistema de transporte públicono município de São Paulo.
10_2014_Pleno_ordin_ata.pdf;10ª Reunião Ordinária;2014;Motocicletas e Motofrete;3;5.7;moto;Josias Lech, Conselheira respresentante da Região Centro Sra Bárbara de Oliveira Lopes, Conselheiro representante do Sindicato das Empresas de Transporte de cargas de São Paulo e Região - Sr Manoel Souza Lima Junior PALAVRA LIVRE Nome: Ricardo Auriemma Organização: Adetax Sintetaxi Apresentação sobre a criação do serviço de Taxi Acessível apresentamos núcleo institucional de nossa entidade que apresenta o trabalho e a criação de serviço de taxi acessível da cidade de São Paulo, com depoimento da SPTrans, de SPMED de motoristas e usuários. [...] CONSIDERAÇÕES DA MESA Sr Manoel de Souza Lima Conselheiro titular do CMTT, representando do SETCESP Explanou sobre as condições das calçadas na região de perdizes, Comunicou que a AMBEV convidou o SETCESP a participar do programa “Acidente Zero”, a fim de trabalharem juntos na redução do número de acidentes gerados por motoristas que dirigem após consumirem bebidas alcoólica.
11_2015_Pleno_ordin_ata.pdf;11ª Reunião Ordinária;2015;Transporte Público Coletivo;16;26.2;metro, onibus, sptrans, terminal, transporte coletivo;RELATÓRIO 11ª Reunião do Conselho Municipal de Transporte e Trânsito – CMTT 24/02/2015 Realizada em PMSP- Viaduto do Chá- 7 andar Programação: 08h30 - Recepção dos conselheiros e convidados 08h45 - Abertura (com 50% mais um dos conselheiros) 09h00 - Abertura (com qualquer número de conselheiros presentes) 09h10 - Lançamento da etapa participativa do Plano de Mobilidade da Cidade de São Paulo - PlanMob Lançamento da Rede da Noturna 09h40 – Apresentação da proposta da Nova Rede de Transporte Coletivo 10h10 – Debate dos Conselheiros e Palavra Livre 11h30 – Previsão de Encerramento Composição da Mesa: Sr Fernando Haddad, Prefeito da Cidade de São Paulo, Sr Alexandre Padilha- Secretário de Relações Governamentais, Sr Percival Maricato, Conselheiro da Cidade e Coordenador do GT de Mobilidade Urbana, Sr. [...] Enfatizou a criação da nova rede de linhas de ônibus que operarão na madrugada, denominada “Noturno”.
11_2015_Pleno_ordin_ata.pdf;11ª Reunião Ordinária;2015;Mobilidade Ativa: Acessibilidade e Pedestres;14;23.0;calcada, pedestre;Pediu respeito e atenção aos mais vulneráveis como os pedestres e ciclistas, Informou que na próxima semana estará reunido com Ricardo Teixeira e Nádia campeão para discussão de assuntos que envolvem a mobilidade. [...] APÉ da ANTP Assunto: Venho primeiramente anunciar que felizmente estamos aumentando as organizações dedicadas a garantir a prioridade dos pedestres (da mobilidade a pé) na mobilidade urbana em São Paulo.
11_2015_Pleno_ordin_ata.pdf;11ª Reunião Ordinária;2015;Transporte Escolar e Fretamento;7;11.5;escolar;Josias Lech, Secretário Executivo do CMTT, Conselheira Lurdinha Rodrigues representante do Sindicato dos Transportadores Autônomos de Escolares e das Microempresas de Transporte Escolar do Estado de São Paulo, Conselheiro Marcos Kaue Ferreira de Queiroz, representante do movimento Estudantil Secundarista. [...] Sra Lurdinha Rodrigues elucidou a importância do transporte escolar.
11_2015_Pleno_ordin_ata.pdf;11ª Reunião Ordinária;2015;Estrutura e Organização da Rede Viária;6;9.8;cet, corredor, via;PALAVRA LIVRE E DEBATE Nome: Antonio Raimundo dos Santos Organização: SIMTETAXIS Assunto: Inclusão dos taxis nos terminais de ônibus de São Paulo onde foi tirado na comissão feita pelo Secretario estadual de transporte e, conjunto com a SPTransporte, DTP, CET, Metrô, Trem, Detran, Simtetaxis, aproveito para pedir apoio ao Tuca Munhoz para liberar os pontos de taxi acessível nas rodoviárias, aeroportos, shoppings, estações de metr e trem. [...] Claro, isso não vai mudar em uma gestão, mas tem coisa que dá pra ser feito, e é barata – parar de remover faixas de pedestre de faces de cruzamento, parar de reduzir calçadas, parar de alargar vias, reduzir velocidade, enfim – efetivamente aumentar segurança e conforto do pedestre, compartilhando a via.
11_2015_Pleno_ordin_ata.pdf;11ª Reunião Ordinária;2015;Composição e Governança do Conselho;4;6.6;conselheiro, conselho;RELATÓRIO 11ª Reunião do Conselho Municipal de Transporte e Trânsito – CMTT 24/02/2015 Realizada em PMSP- Viaduto do Chá- 7 andar Programação: 08h30 - Recepção dos conselheiros e convidados 08h45 - Abertura (com 50% mais um dos conselheiros) 09h00 - Abertura (com qualquer número de conselheiros presentes) 09h10 - Lançamento da etapa participativa do Plano de Mobilidade da Cidade de São Paulo - PlanMob Lançamento da Rede da Noturna 09h40 – Apresentação da proposta da Nova Rede de Transporte Coletivo 10h10 – Debate dos Conselheiros e Palavra Livre 11h30 – Previsão de Encerramento Composição da Mesa: Sr Fernando Haddad, Prefeito da Cidade de São Paulo, Sr Alexandre Padilha- Secretário de Relações Governamentais, Sr Percival Maricato, Conselheiro da Cidade e Coordenador do GT de Mobilidade Urbana, Sr. [...] Josias Lech, Secretário Executivo do CMTT, Conselheira Lurdinha Rodrigues representante do Sindicato dos Transportadores Autônomos de Escolares e das Microempresas de Transporte Escolar do Estado de São Paulo, Conselheiro Marcos Kaue Ferreira de Queiroz, representante do movimento Estudantil Secundarista.
11_2015_Pleno_ordin_ata.pdf;11ª Reunião Ordinária;2015;Mobilidade Urbana: Organização Geral e Prestação de Contas;4;6.6;planmob, plano de mobilidade;RELATÓRIO 11ª Reunião do Conselho Municipal de Transporte e Trânsito – CMTT 24/02/2015 Realizada em PMSP- Viaduto do Chá- 7 andar Programação: 08h30 - Recepção dos conselheiros e convidados 08h45 - Abertura (com 50% mais um dos conselheiros) 09h00 - Abertura (com qualquer número de conselheiros presentes) 09h10 - Lançamento da etapa participativa do Plano de Mobilidade da Cidade de São Paulo - PlanMob Lançamento da Rede da Noturna 09h40 – Apresentação da proposta da Nova Rede de Transporte Coletivo 10h10 – Debate dos Conselheiros e Palavra Livre 11h30 – Previsão de Encerramento Composição da Mesa: Sr Fernando Haddad, Prefeito da Cidade de São Paulo, Sr Alexandre Padilha- Secretário de Relações Governamentais, Sr Percival Maricato, Conselheiro da Cidade e Coordenador do GT de Mobilidade Urbana, Sr. [...] Secretário Padilha a aplicação da lei das calçadas (2013) / Solicito apresentarmos (Butantã) contribuição ao plano de mobilidade à D.
12_2015_Pleno_ordin_ata.pdf;12ª Reunião Ordinária;2015;Mobilidade Ativa: Acessibilidade e Pedestres;17;29.8;calcada, pedestre;RELATÓRIO 12ª Reunião do Conselho Municipal de Transporte e Trânsito – CMTT 16/04/2015 Realizada no Conselho Regional e Contabilidade- CRC – Rua Rosa e Silva- 60 Programação: 08h30 - Recepção dos conselheiros e convidados 08h45 - Abertura (com 50% mais um dos conselheiros) 09h00 - Abertura (com qualquer número de conselheiros presentes) 09h05 – Palavra livre 09h35 – Apresentação de estudo e proposta sobre calçadas e acessibilidade 10h10 – Debate dos Conselheiros e Palavra Livre 11h30 – Previsão de Encerramento Composição da Mesa: Jilmar Tatto – presidente CMTT José Evaldo Gonçalves – Conselheiro Secretaria Municipal de Transportes Bárbara Lopes – Conselheira Regional - Oeste Jorge Miguel – Conselheiro Sindicato das Empresas de Transporte de Passageiros por Fretamento e para Turismo de São Paulo José Pivato - Secretaria Municipal de Relações Governamentais Marianne Pinotti – Secretária Pessoa com Deficiência e Mobilidade Reduzida Tereza Herling - Secretaria de Desenvolvimento Urbano Tuca Munhoz – Secretário Adjunto Pessoa com Deficiência e Mobilidade Reduzida Manoel Victor de Azevedo Neto ABERTURA O Sr José Evaldo realizou a abertura dando início à palavra livre PALAVRA LIVRE Nome: Silvia e Letícia Organização: Corrida Amiga e Sampapé Realizaram apresentação sobre mobilidade a pé e contribuições ao PlanMob referindo-se ao tema. [...] Sr Tuca Munhoz, representante do Grupo de Trabalho sobre calçadas realizou apresentação disponível em: http://www.prefeitura.sp.gov.br/cidade/secretarias/upload/chamadas/12reunao_142921 7230.pdf O Secretário Jilmar Tatto fez considerações sobre o plano de calçadas que será lançado pela prefeitura de São Paulo em breve, destacou a importância das calçadas na cidade A Sra Marianne Pinotti fez considerações sobre a reforma das calçadas e comentou que quando há acessibilidade e condições adequadas de deslocamento nas calçadas às pessoas com deficiência, esta adequação atenderá a todos que farão uso destas.
12_2015_Pleno_ordin_ata.pdf;12ª Reunião Ordinária;2015;Mobilidade Ativa: Bicicletas;9;15.8;bicicleta, ciclofaixa, ciclovia;Nome: Daniela Floriano Teixeira Organização: Pimp my Carroça Resumo da Fala: Como um movimento que representa os catadores/ carroceiros em situação de rua, viemos aqui solicitar uma remodelagem no Decreto 55790 de Dezembro de 2014 que regulamenta o uso das ciclovias da cidade de São Paulo, para que o mesmo passe a incluir as carroças entre os tipos de usuários dessas faixas voltadas para transportes não motorizados. [...]  Sr Rene Rodrigues, componente do GT de ciclistas informou que o tráfego das carroças nas ciclovias é apoiado pelos ciclistas.
12_2015_Pleno_ordin_ata.pdf;12ª Reunião Ordinária;2015;Composição e Governança do Conselho;6;10.5;conselho, representante;RELATÓRIO 12ª Reunião do Conselho Municipal de Transporte e Trânsito – CMTT 16/04/2015 Realizada no Conselho Regional e Contabilidade- CRC – Rua Rosa e Silva- 60 Programação: 08h30 - Recepção dos conselheiros e convidados 08h45 - Abertura (com 50% mais um dos conselheiros) 09h00 - Abertura (com qualquer número de conselheiros presentes) 09h05 – Palavra livre 09h35 – Apresentação de estudo e proposta sobre calçadas e acessibilidade 10h10 – Debate dos Conselheiros e Palavra Livre 11h30 – Previsão de Encerramento Composição da Mesa: Jilmar Tatto – presidente CMTT José Evaldo Gonçalves – Conselheiro Secretaria Municipal de Transportes Bárbara Lopes – Conselheira Regional - Oeste Jorge Miguel – Conselheiro Sindicato das Empresas de Transporte de Passageiros por Fretamento e para Turismo de São Paulo José Pivato - Secretaria Municipal de Relações Governamentais Marianne Pinotti – Secretária Pessoa com Deficiência e Mobilidade Reduzida Tereza Herling - Secretaria de Desenvolvimento Urbano Tuca Munhoz – Secretário Adjunto Pessoa com Deficiência e Mobilidade Reduzida Manoel Victor de Azevedo Neto ABERTURA O Sr José Evaldo realizou a abertura dando início à palavra livre PALAVRA LIVRE Nome: Silvia e Letícia Organização: Corrida Amiga e Sampapé Realizaram apresentação sobre mobilidade a pé e contribuições ao PlanMob referindo-se ao tema. [...] Devemos ainda convidar os sindicatos de moto boys para participar do conselho.
12_2015_Pleno_ordin_ata.pdf;12ª Reunião Ordinária;2015;Estrutura e Organização da Rede Viária;6;10.5;cet, corredor, semaforo, via;Esta semana em uma manhã 15 motoqueiros se acidentaram já que está sendo feito este estudo temos que pensar em uma solução a este problema tal como c/ as ciclofaixas e o grupo de trabalhado dos agravos da USP e da CET devem mapear estes agravos. [...]  Alteração dos horários ou itinerários de linhas noturnas na região Sul da capila, em especial (Jardim Angela, Capelinha, Parelheiros etc)  Corredor de ônibus central urgente na Brigadeiro Faria Lima.
12_2015_Pleno_ordin_ata.pdf;12ª Reunião Ordinária;2015;Mobilidade Urbana: Organização Geral e Prestação de Contas;5;8.8;planmob, plano de mobilidade;RELATÓRIO 12ª Reunião do Conselho Municipal de Transporte e Trânsito – CMTT 16/04/2015 Realizada no Conselho Regional e Contabilidade- CRC – Rua Rosa e Silva- 60 Programação: 08h30 - Recepção dos conselheiros e convidados 08h45 - Abertura (com 50% mais um dos conselheiros) 09h00 - Abertura (com qualquer número de conselheiros presentes) 09h05 – Palavra livre 09h35 – Apresentação de estudo e proposta sobre calçadas e acessibilidade 10h10 – Debate dos Conselheiros e Palavra Livre 11h30 – Previsão de Encerramento Composição da Mesa: Jilmar Tatto – presidente CMTT José Evaldo Gonçalves – Conselheiro Secretaria Municipal de Transportes Bárbara Lopes – Conselheira Regional - Oeste Jorge Miguel – Conselheiro Sindicato das Empresas de Transporte de Passageiros por Fretamento e para Turismo de São Paulo José Pivato - Secretaria Municipal de Relações Governamentais Marianne Pinotti – Secretária Pessoa com Deficiência e Mobilidade Reduzida Tereza Herling - Secretaria de Desenvolvimento Urbano Tuca Munhoz – Secretário Adjunto Pessoa com Deficiência e Mobilidade Reduzida Manoel Victor de Azevedo Neto ABERTURA O Sr José Evaldo realizou a abertura dando início à palavra livre PALAVRA LIVRE Nome: Silvia e Letícia Organização: Corrida Amiga e Sampapé Realizaram apresentação sobre mobilidade a pé e contribuições ao PlanMob referindo-se ao tema. [...] Ainda assim informou que a regulamentação da circulação deste tipo de veículo nas ciclovias deve ser analisado a fim de verificar qual procedimento deve ser adotado para que a ciclovia seja compartilhada entre as bicicletas, carroças e outros ocupantes desta via, para que ninguém seja prejudicado no momento da circulação (dimensões das carroças devem ser regulamentadas) Sr Josias Lech comentou sobre a participação popular no PlanMob, sobre a nova rede de transportes e destacou o lançamento da rede da madrugada.
12_2015_Pleno_ordin_ata.pdf;12ª Reunião Ordinária;2015;Transporte Público Coletivo;5;8.8;onibus; Alteração dos horários ou itinerários de linhas noturnas na região Sul da capila, em especial (Jardim Angela, Capelinha, Parelheiros etc)  Corredor de ônibus central urgente na Brigadeiro Faria Lima. [...] Fez considerações também quanto à acessibilidade nos ônibus e quanto ao rebaixamento das calçadas em toda a extensão das ciclovias.
12_2015_Pleno_ordin_ata.pdf;12ª Reunião Ordinária;2015;Motocicletas e Motofrete;5;8.8;moto;Nome: Daniela Floriano Teixeira Organização: Pimp my Carroça Resumo da Fala: Como um movimento que representa os catadores/ carroceiros em situação de rua, viemos aqui solicitar uma remodelagem no Decreto 55790 de Dezembro de 2014 que regulamenta o uso das ciclovias da cidade de São Paulo, para que o mesmo passe a incluir as carroças entre os tipos de usuários dessas faixas voltadas para transportes não motorizados. [...] Particularmente os acidentes com motociclistas e sobretudo os trabalhadores Moto boys.
12_2015_Pleno_ordin_ata.pdf;12ª Reunião Ordinária;2015;Segurança Viária;3;5.3;acidente, seguranca;Particularmente os acidentes com motociclistas e sobretudo os trabalhadores Moto boys. [...] Nome: Élio Jovart Bueno de Camargo Organização: CMTT - Oeste Resumo da Fala: Endossou a fala de Paulo Frangetto e sugeriu a implantação de mais áreas de “Frente Segura” (contenção e segurança para motocicletas em semáforos) na cidade Frente Segura ( p/ motos e bicicletas) Sugiro implantar a área de estacionamento (Frente Segura) em todos os faróis, evitando a circulação dos Z.
13_2015_Pleno_ordin_ata.pdf;13ª Reunião Ordinária;2015;Segurança Viária;16;30.8;acidente, seguranca, velocidade;RELATÓRIO 13ª Reunião do Conselho Municipal de Transporte e Trânsito – CMTT 18/06/2015 Realizada no Conselho Regional e Contabilidade- CRC – Rua Rosa e Silva- 60 08h30 - Recepção dos conselheiros e convidados 08h45 - Abertura (com 50% mais um dos conselheiros) 09h00 - Abertura (com qualquer número de conselheiros presentes) 09h10 - Palavra Livre 09h40 - Apresentação e debate da pesquisa sobre Segurança no Trânsito – Horácio Augusto Figueira – Especialista em Engenharia de Transportes 10h10 – Debate dos Conselheiros 11h00 – Previsão de Encerramento Composição da Mesa: Jilmar Tatto – Presidente CMTT Patricia Rodrigues – Representante da Secretaria de Política para Mulheres Horácio Augusto Figueira – Especialista em Engenharia de Transportes ABERTURA O Presidente Jilmar Tatto realizou a abertura dando início à palavra livre PALAVRA LIVRE Nome: Silvia Miloco - Ciclista região do moinho velho : Faz colocações a repeito da ciclovia do Caminho velho confome especificados Rua Abauna - ciclofaixa com descida na contramão, término brusco em frente a ilha/contramão a frente ou a esquerda, ciclista não tem como prosseguir, ver quem vem da travessa euclides pinheiro, nem parar caso um carro faça a conversão. [...] Apresentação Pesquisa sobre Segurança no Trânsito – Horácio Augusto Figueira – Especialista em Engenharia de Transportes O especialista em Engenharia de Transporte de Pessoas, Horácio Figueira organizou o trabalho juntamente com a Companhia de Engenharia de Tráfego (CET).
13_2015_Pleno_ordin_ata.pdf;13ª Reunião Ordinária;2015;Composição e Governança do Conselho;10;19.2;conselheiro, conselho;RELATÓRIO 13ª Reunião do Conselho Municipal de Transporte e Trânsito – CMTT 18/06/2015 Realizada no Conselho Regional e Contabilidade- CRC – Rua Rosa e Silva- 60 08h30 - Recepção dos conselheiros e convidados 08h45 - Abertura (com 50% mais um dos conselheiros) 09h00 - Abertura (com qualquer número de conselheiros presentes) 09h10 - Palavra Livre 09h40 - Apresentação e debate da pesquisa sobre Segurança no Trânsito – Horácio Augusto Figueira – Especialista em Engenharia de Transportes 10h10 – Debate dos Conselheiros 11h00 – Previsão de Encerramento Composição da Mesa: Jilmar Tatto – Presidente CMTT Patricia Rodrigues – Representante da Secretaria de Política para Mulheres Horácio Augusto Figueira – Especialista em Engenharia de Transportes ABERTURA O Presidente Jilmar Tatto realizou a abertura dando início à palavra livre PALAVRA LIVRE Nome: Silvia Miloco - Ciclista região do moinho velho : Faz colocações a repeito da ciclovia do Caminho velho confome especificados Rua Abauna - ciclofaixa com descida na contramão, término brusco em frente a ilha/contramão a frente ou a esquerda, ciclista não tem como prosseguir, ver quem vem da travessa euclides pinheiro, nem parar caso um carro faça a conversão. [...] Nome: Elio Jovart Conselheiro Suplente da Região Oeste Solicita esclarecimentos sobre novo formato da Rede de ônibus especialmente na região do Butantã.
13_2015_Pleno_ordin_ata.pdf;13ª Reunião Ordinária;2015;Estrutura e Organização da Rede Viária;7;13.5;cet, engenharia de trafego, semaforo;Considerações do Presidente a Repeito da Palavra Livre Sobre as considerações da Sra Silvia Miloco fica indicado para que a equipe responsável da CET agende uma vistoria nas ruas indicadas para avaliar as condições e possíveis soluções. [...] Apresentação Pesquisa sobre Segurança no Trânsito – Horácio Augusto Figueira – Especialista em Engenharia de Transportes O especialista em Engenharia de Transporte de Pessoas, Horácio Figueira organizou o trabalho juntamente com a Companhia de Engenharia de Tráfego (CET).
13_2015_Pleno_ordin_ata.pdf;13ª Reunião Ordinária;2015;Mobilidade Ativa: Bicicletas;6;11.5;bicicleta, ciclista, ciclofaixa, ciclovia;RELATÓRIO 13ª Reunião do Conselho Municipal de Transporte e Trânsito – CMTT 18/06/2015 Realizada no Conselho Regional e Contabilidade- CRC – Rua Rosa e Silva- 60 08h30 - Recepção dos conselheiros e convidados 08h45 - Abertura (com 50% mais um dos conselheiros) 09h00 - Abertura (com qualquer número de conselheiros presentes) 09h10 - Palavra Livre 09h40 - Apresentação e debate da pesquisa sobre Segurança no Trânsito – Horácio Augusto Figueira – Especialista em Engenharia de Transportes 10h10 – Debate dos Conselheiros 11h00 – Previsão de Encerramento Composição da Mesa: Jilmar Tatto – Presidente CMTT Patricia Rodrigues – Representante da Secretaria de Política para Mulheres Horácio Augusto Figueira – Especialista em Engenharia de Transportes ABERTURA O Presidente Jilmar Tatto realizou a abertura dando início à palavra livre PALAVRA LIVRE Nome: Silvia Miloco - Ciclista região do moinho velho : Faz colocações a repeito da ciclovia do Caminho velho confome especificados Rua Abauna - ciclofaixa com descida na contramão, término brusco em frente a ilha/contramão a frente ou a esquerda, ciclista não tem como prosseguir, ver quem vem da travessa euclides pinheiro, nem parar caso um carro faça a conversão. [...] Rua Anatole France - rua sem largura suficiente para mão dupla e ciclofaixa, risco de colisão frontal ou invasão da ciclo.
13_2015_Pleno_ordin_ata.pdf;13ª Reunião Ordinária;2015;Motocicletas e Motofrete;5;9.6;moto;Ou seja, mais da metade dos motoristas cometeu ao menos uma infração. [...] Elio Jovart - Conselheiro Suplente da Região Oeste: Parabeniza a Secretaria pelo trabalho e a preocupação em melhorar a segurança infelizmente é falha em prestar atenção, na questão do pare nos cruzamentos a ideia é que se coloque um elevado para alertar ao motorista que está chegando num cruzamento, para cada ciclista morto no transito de São Paulo, são 5 de carro, 10 de moto e 12 pedestre.
13_2015_Pleno_ordin_ata.pdf;13ª Reunião Ordinária;2015;Mobilidade Ativa: Acessibilidade e Pedestres;5;9.6;pedestre;Entre as infrações mais praticadas estão à falta do uso da seta e do cinto de segurança, dirigir com braço para fora, uso de celular ao volante, desrespeito à faixa de pedestre, não parar no semáforo vermelho e não respeitar a sinalização PARE. [...] Também é necessário faixa de pedestre no entorno das escolas, programa amigo do trânsito deveria ser intensificado.
14_2015_Pleno_ordin_ata.pdf;14ª Reunião Ordinária;2015;Transporte Público Coletivo;12;50.0;bilhete unico, frota, onibus, sptrans;"RELATÓRIO 14ª Reunião do Conselho Municipal de Transporte e Trânsito – CMTT 20/08/2015 Realizada no Conselho Regional e Contabilidade- CRC – Rua Rosa e Silva- 60 Programação: 08h30 - Recepção dos conselheiros e convidados 08h45 - Abertura (com 50% mais um dos conselheiros) 09h10 – Apresentação da minuta do edital para licitação de concessão do transporte público da cidade de São Paulo, que se encontra em consulta pública 09h40 – Debate com presentes dando preferência na inscrição dos Conselheiros 11h00 – Previsão de Encerramento Composição da Mesa: Jilmar Tatto – presidente CMTT Ana Odila Paiva de Souza – SPTrans – Diretoria Planejamento Adauto Farias – SPTrans – Diretoria Gestão Almir Chiaratto – SPTrans – Diretoria de Operações Paulo Bourroul – SMT - Jurídico ABERTURA Secretário de Transportes, Jilmar Tatto, realizou a apresentação dos pontos principais da minuta do edital para licitação de concessão do transporte público da cidade de São Paulo, disponível em: Debate realizado com as seguintes colocações: DEBATE (este espaço contempla a digitação dos formulários preenchidos pelos participantes do debates, e não a transcrição de suas falas) Nome: Mauricio Broinizi Pereira Organização: Rede Nossa São Paulo Resumo da Fala: - Agradecimento do Secretário pelo adiamento do prazo da consulta pública do edital. [...] Nome: Élio Jovart Bueno de Camargo Organização: CMTT Oeste – GT Mobilidade Butantã Resumo da Fala: Assegurar um sistema otimizado e eficiente do transporte público: (junto com as novas concessões) 1 – Assegurar horários: - Ter via livre – poucos corredores (150 Km); - Avenidas com faixa na esquerda; - Faixa direita totalmente restrita; - Eliminar gargalos de trajeto (túnel faixa 9 de julho); - Uso do pré-embarque nas faixas da esquerda / terminais; 2 – Otimizar tempo de deslocamento; - Transferências e pontos nas esquinas e simultâneos; - Faróis sincronizados com ônibus; - Conceito de expresso nas linhas de reforço com trajeto e operação otimizada (pontos seletivos / ultrapassagens sem faixa adicional); 3 – Otimizar trajetos - Diretos aos destinos; - Eliminar gargalos; - Usar conversão controlada à esquerda; - Usar ligação leste / oeste para ônibus também; - Segregar faixas nas marginais; - Usar conceito de linhas regulares com embarque e desembarque em todo trajeto; - Eliminar ponto final no centro; - Introduzir esses pontos no edital assegurando sua realização."
14_2015_Pleno_ordin_ata.pdf;14ª Reunião Ordinária;2015;Mobilidade Ativa: Bicicletas;4;16.7;bicicleta, ciclista, ciclovia;Nome: Odir Zuge Junior Organização: Conselheiro Ciclista Resumo da Fala: Intermobilidade. [...] Baia nas ciclovias para possível embarque DEF fora de ponto.
14_2015_Pleno_ordin_ata.pdf;14ª Reunião Ordinária;2015;Estrutura e Organização da Rede Viária;3;12.5;semaforo, via;"Nome: Élio Jovart Bueno de Camargo Organização: CMTT Oeste – GT Mobilidade Butantã Resumo da Fala: Assegurar um sistema otimizado e eficiente do transporte público: (junto com as novas concessões) 1 – Assegurar horários: - Ter via livre – poucos corredores (150 Km); - Avenidas com faixa na esquerda; - Faixa direita totalmente restrita; - Eliminar gargalos de trajeto (túnel faixa 9 de julho); - Uso do pré-embarque nas faixas da esquerda / terminais; 2 – Otimizar tempo de deslocamento; - Transferências e pontos nas esquinas e simultâneos; - Faróis sincronizados com ônibus; - Conceito de expresso nas linhas de reforço com trajeto e operação otimizada (pontos seletivos / ultrapassagens sem faixa adicional); 3 – Otimizar trajetos - Diretos aos destinos; - Eliminar gargalos; - Usar conversão controlada à esquerda; - Usar ligação leste / oeste para ônibus também; - Segregar faixas nas marginais; - Usar conceito de linhas regulares com embarque e desembarque em todo trajeto; - Eliminar ponto final no centro; - Introduzir esses pontos no edital assegurando sua realização. [...] CONSIDERAÇÕES DOS COMPONENTES DA MESA, EM RESPOSTA AOS QUESTIONAMENTOS REALIZADOS: Paulo Bourroul: Fez colocações sobre cláusulas contratuais e prazos de execução Prazo para Instalçao do CCO: 12 meses Ana Odila Paiva de Souza: Propostas estão sendo contempladas para a garantia de regularidade A instalação do CCO é fundamental para a garantia de regularidade A sugestão de faixas exclusivas a esquerda são interessantes, porém mexem muito com a infra estrutura da cidade no que tange o transporte público - Via Livre ( VEIO) – Via exclusiva de interesse dos ônibus O pré embarque já é realizado em diversos terminais Pontos de ônibus em esquinas já estão sendo contemplado no desenho da nova rede, sendo estes os chamados pontos de conexão."
14_2015_Pleno_ordin_ata.pdf;14ª Reunião Ordinária;2015;Composição e Governança do Conselho;2;8.3;conselheiro, conselho;RELATÓRIO 14ª Reunião do Conselho Municipal de Transporte e Trânsito – CMTT 20/08/2015 Realizada no Conselho Regional e Contabilidade- CRC – Rua Rosa e Silva- 60 Programação: 08h30 - Recepção dos conselheiros e convidados 08h45 - Abertura (com 50% mais um dos conselheiros) 09h10 – Apresentação da minuta do edital para licitação de concessão do transporte público da cidade de São Paulo, que se encontra em consulta pública 09h40 – Debate com presentes dando preferência na inscrição dos Conselheiros 11h00 – Previsão de Encerramento Composição da Mesa: Jilmar Tatto – presidente CMTT Ana Odila Paiva de Souza – SPTrans – Diretoria Planejamento Adauto Farias – SPTrans – Diretoria Gestão Almir Chiaratto – SPTrans – Diretoria de Operações Paulo Bourroul – SMT - Jurídico ABERTURA Secretário de Transportes, Jilmar Tatto, realizou a apresentação dos pontos principais da minuta do edital para licitação de concessão do transporte público da cidade de São Paulo, disponível em: Debate realizado com as seguintes colocações: DEBATE (este espaço contempla a digitação dos formulários preenchidos pelos participantes do debates, e não a transcrição de suas falas) Nome: Mauricio Broinizi Pereira Organização: Rede Nossa São Paulo Resumo da Fala: - Agradecimento do Secretário pelo adiamento do prazo da consulta pública do edital. [...] Nome: Odir Zuge Junior Organização: Conselheiro Ciclista Resumo da Fala: Intermobilidade.
15_2015_Pleno_ordin_ata.pdf;15ª Reunião Ordinária;2015;Estrutura e Organização da Rede Viária;16;19.8;cet, corredor, semaforo, via;RELATÓRIO 15ª Reunião do Conselho Municipal de Transporte e Trânsito – CMTT 29/10/2015 Reunião dos Conselhos Administrativos ( CONSADs CET e SPTrans) Realizada no Conselho Regional e Contabilidade- CRC – Rua Rosa e Silva- 60 Programação: 08h30 - Recepção dos conselheiros e convidados 08h45 - Abertura (com 50% mais um dos conselheiros) 09h00 - Abertura (com qualquer número de conselheiros presentes) 09h05 – Palavra livre 09h35 – Programa de Redução de Acidentes e Mortes no Trânsito 10h35 – Debate dos presentes dando preferência a inscrição de Conselheiros 11h00 – Previsão de Encerramento Composição da Mesa: Jilmar Tatto – presidente CMTT Ana Carolina – Representante da Câmara Temática de Mobilidade a Pé Antonio Prestes – Diretor do DTC - Divisão de Transporte de Cargas Josias Lech – Secretário Executivo do CMTT ABERTURA O presidente Jilmar Tatto realizou a abertura dando início à palavra livre PALAVRA LIVRE Flávio Scavasin Organização: Vila Jatai (Bairro da Z. [...] É fundamental, para ruas mais estreitas dos bairros, que sejam disponibilizados micro ônibus circulares que desloquem moradores às estações de trem e metrô, corredores de ônibus, assim como escolas e locais de comércio.
15_2015_Pleno_ordin_ata.pdf;15ª Reunião Ordinária;2015;Transporte Público Coletivo;15;18.5;onibus, sptrans, transporte coletivo;RELATÓRIO 15ª Reunião do Conselho Municipal de Transporte e Trânsito – CMTT 29/10/2015 Reunião dos Conselhos Administrativos ( CONSADs CET e SPTrans) Realizada no Conselho Regional e Contabilidade- CRC – Rua Rosa e Silva- 60 Programação: 08h30 - Recepção dos conselheiros e convidados 08h45 - Abertura (com 50% mais um dos conselheiros) 09h00 - Abertura (com qualquer número de conselheiros presentes) 09h05 – Palavra livre 09h35 – Programa de Redução de Acidentes e Mortes no Trânsito 10h35 – Debate dos presentes dando preferência a inscrição de Conselheiros 11h00 – Previsão de Encerramento Composição da Mesa: Jilmar Tatto – presidente CMTT Ana Carolina – Representante da Câmara Temática de Mobilidade a Pé Antonio Prestes – Diretor do DTC - Divisão de Transporte de Cargas Josias Lech – Secretário Executivo do CMTT ABERTURA O presidente Jilmar Tatto realizou a abertura dando início à palavra livre PALAVRA LIVRE Flávio Scavasin Organização: Vila Jatai (Bairro da Z. [...] É fundamental, para ruas mais estreitas dos bairros, que sejam disponibilizados micro ônibus circulares que desloquem moradores às estações de trem e metrô, corredores de ônibus, assim como escolas e locais de comércio.
15_2015_Pleno_ordin_ata.pdf;15ª Reunião Ordinária;2015;Mobilidade Ativa: Acessibilidade e Pedestres;12;14.8;calcada, pedestre;"Oeste) Resumo da fala: Os atuais motoristas não profissionais de automóveis, em grande parte, certamente deixarão de utilizar diariamente os seus veículos caso tenham transporte público adequado e de qualidade, sem esquecer de calçadas melhores e acessíveis. [...] Camargo Organização: CMTT – Rede Butantã Resumo da fala: Implantar faixas preferenciais para taxi com passageiros, ônibus fretados com passageiros, van escolar com passageiros, veículos oficiais e veículos comuns com 3 pessoas, em todas vias de no mínimo 3 faixas, sendo uma exclusiva para ônibus públicos regulares; CET realizar campanhas para deixar claro a preferência do pedestre nas conversões dos veículos, já que 90% das esquinas da cidade não tem faixas."
15_2015_Pleno_ordin_ata.pdf;15ª Reunião Ordinária;2015;Segurança Viária;9;11.1;acidente, seguranca;"RELATÓRIO 15ª Reunião do Conselho Municipal de Transporte e Trânsito – CMTT 29/10/2015 Reunião dos Conselhos Administrativos ( CONSADs CET e SPTrans) Realizada no Conselho Regional e Contabilidade- CRC – Rua Rosa e Silva- 60 Programação: 08h30 - Recepção dos conselheiros e convidados 08h45 - Abertura (com 50% mais um dos conselheiros) 09h00 - Abertura (com qualquer número de conselheiros presentes) 09h05 – Palavra livre 09h35 – Programa de Redução de Acidentes e Mortes no Trânsito 10h35 – Debate dos presentes dando preferência a inscrição de Conselheiros 11h00 – Previsão de Encerramento Composição da Mesa: Jilmar Tatto – presidente CMTT Ana Carolina – Representante da Câmara Temática de Mobilidade a Pé Antonio Prestes – Diretor do DTC - Divisão de Transporte de Cargas Josias Lech – Secretário Executivo do CMTT ABERTURA O presidente Jilmar Tatto realizou a abertura dando início à palavra livre PALAVRA LIVRE Flávio Scavasin Organização: Vila Jatai (Bairro da Z. [...] Derli Valadares da Rocha Organização: IECF – Instituto de Ética e Comportamento no Trânsito Email: contato@iecf.org.br / presidente@iecf.org.br Resumo da fala: Segurança rodoviária; Velocidade fator decisivo; Estudo do departamento de tráfego britânico sobre velocidade; Custos econômicos."
15_2015_Pleno_ordin_ata.pdf;15ª Reunião Ordinária;2015;Composição e Governança do Conselho;8;9.9;conselheiro, conselho, representante;RELATÓRIO 15ª Reunião do Conselho Municipal de Transporte e Trânsito – CMTT 29/10/2015 Reunião dos Conselhos Administrativos ( CONSADs CET e SPTrans) Realizada no Conselho Regional e Contabilidade- CRC – Rua Rosa e Silva- 60 Programação: 08h30 - Recepção dos conselheiros e convidados 08h45 - Abertura (com 50% mais um dos conselheiros) 09h00 - Abertura (com qualquer número de conselheiros presentes) 09h05 – Palavra livre 09h35 – Programa de Redução de Acidentes e Mortes no Trânsito 10h35 – Debate dos presentes dando preferência a inscrição de Conselheiros 11h00 – Previsão de Encerramento Composição da Mesa: Jilmar Tatto – presidente CMTT Ana Carolina – Representante da Câmara Temática de Mobilidade a Pé Antonio Prestes – Diretor do DTC - Divisão de Transporte de Cargas Josias Lech – Secretário Executivo do CMTT ABERTURA O presidente Jilmar Tatto realizou a abertura dando início à palavra livre PALAVRA LIVRE Flávio Scavasin Organização: Vila Jatai (Bairro da Z. [...] Coordenação das subprefeituras, Conselho Municipal da Pessoa com Deficiência.
15_2015_Pleno_ordin_ata.pdf;15ª Reunião Ordinária;2015;Transporte Escolar e Fretamento;6;7.4;escolar;"Camargo Organização: CMTT – Rede Butantã Resumo da fala: Implantar faixas preferenciais para taxi com passageiros, ônibus fretados com passageiros, van escolar com passageiros, veículos oficiais e veículos comuns com 3 pessoas, em todas vias de no mínimo 3 faixas, sendo uma exclusiva para ônibus públicos regulares; CET realizar campanhas para deixar claro a preferência do pedestre nas conversões dos veículos, já que 90% das esquinas da cidade não tem faixas. [...] Debate – Semáforos para pedestres – prioridade Donay Neto Organização: Sindicato Transporte Escolar Email: donayneto@hotmail.com Resumo da fala: Como está o cronograma do PlanMob no âmbito da Sec."
16_2015_Pleno_ordin_ata.pdf;16ª Reunião Ordinária;2015;Transporte Individual: Táxis;8;34.8;alvara, dtp, taxi;RELATÓRIO 16ª Reunião do Conselho Municipal de Transporte e Trânsito – CMTT 18/12/2015 Reunião dos Conselhos Administrativos ( CONSADs CET e SPTrans) Realizada no Conselho Regional e Contabilidade- CRC – Rua Rosa e Silva- 60 Programação: 15h30 - Recepção dos conselheiros e convidados 15h45 - Abertura (com 50% mais um dos conselheiros) 16h00 - Abertura (com qualquer número de conselheiros presentes) 16h05 – Palavra livre 16h35 – Apresentação do Plano Municipal de Mobilidade PlanMob/2015 17h35 – Encaminhamentos e encerramento Composição da Mesa: Jilmar Tatto – presidente CMTT Marianne Pinotti – Secretária da Pessoa com Deficiência Ana Carolina – Representante da Câmara Temática de Mobilidade a Pé Donay Neto – Conselheiro Suplente cadeira transporte Escolar Daniel Telles- Diretor DTP Josias Lech – Secretário Executivo do CMTT ABERTURA O presidente Jilmar Tatto realizou a abertura dando início à palavra livre PALAVRA LIVRE Participaram da palavra livre os operadores dos serviços de transporte escolar, e tiveram suas dúvidas esclarecidas pela mesa e acolhidas suas demandas pela equipe executiva do CMTT Considerações da mesa: Secretária Marianne Pinotti (Secretaria Municipal da Pessoa com Deficiência) – Agradeceu a presença de todos e expôs sua felicidade pela implantação de um Plano de Mobilidade tão acessível. [...] Ele comentou das dificuldades e melhorias da Cidade de São Paulo nesse ano de 2015, como as faixas exclusivas, ciclovias, regulamentação de táxi, redução da velocidade nas vias, entre outros.
16_2015_Pleno_ordin_ata.pdf;16ª Reunião Ordinária;2015;Transporte Escolar e Fretamento;5;21.7;escolar, teg;RELATÓRIO 16ª Reunião do Conselho Municipal de Transporte e Trânsito – CMTT 18/12/2015 Reunião dos Conselhos Administrativos ( CONSADs CET e SPTrans) Realizada no Conselho Regional e Contabilidade- CRC – Rua Rosa e Silva- 60 Programação: 15h30 - Recepção dos conselheiros e convidados 15h45 - Abertura (com 50% mais um dos conselheiros) 16h00 - Abertura (com qualquer número de conselheiros presentes) 16h05 – Palavra livre 16h35 – Apresentação do Plano Municipal de Mobilidade PlanMob/2015 17h35 – Encaminhamentos e encerramento Composição da Mesa: Jilmar Tatto – presidente CMTT Marianne Pinotti – Secretária da Pessoa com Deficiência Ana Carolina – Representante da Câmara Temática de Mobilidade a Pé Donay Neto – Conselheiro Suplente cadeira transporte Escolar Daniel Telles- Diretor DTP Josias Lech – Secretário Executivo do CMTT ABERTURA O presidente Jilmar Tatto realizou a abertura dando início à palavra livre PALAVRA LIVRE Participaram da palavra livre os operadores dos serviços de transporte escolar, e tiveram suas dúvidas esclarecidas pela mesa e acolhidas suas demandas pela equipe executiva do CMTT Considerações da mesa: Secretária Marianne Pinotti (Secretaria Municipal da Pessoa com Deficiência) – Agradeceu a presença de todos e expôs sua felicidade pela implantação de um Plano de Mobilidade tão acessível. [...] Donay (Conselheiro representando Transportador Escolar) – Comentou sobre o impacto negativo que o credenciamento do novo modelo do TEG/SP vai trazer para eles, propôs a suspensão do credenciamento e a criação de um canal de comunicação efetivo, como uma câmara temática, para solucionar os problemas e eliminar as comissões.
16_2015_Pleno_ordin_ata.pdf;16ª Reunião Ordinária;2015;Composição e Governança do Conselho;3;13.0;conselheiro, conselho;RELATÓRIO 16ª Reunião do Conselho Municipal de Transporte e Trânsito – CMTT 18/12/2015 Reunião dos Conselhos Administrativos ( CONSADs CET e SPTrans) Realizada no Conselho Regional e Contabilidade- CRC – Rua Rosa e Silva- 60 Programação: 15h30 - Recepção dos conselheiros e convidados 15h45 - Abertura (com 50% mais um dos conselheiros) 16h00 - Abertura (com qualquer número de conselheiros presentes) 16h05 – Palavra livre 16h35 – Apresentação do Plano Municipal de Mobilidade PlanMob/2015 17h35 – Encaminhamentos e encerramento Composição da Mesa: Jilmar Tatto – presidente CMTT Marianne Pinotti – Secretária da Pessoa com Deficiência Ana Carolina – Representante da Câmara Temática de Mobilidade a Pé Donay Neto – Conselheiro Suplente cadeira transporte Escolar Daniel Telles- Diretor DTP Josias Lech – Secretário Executivo do CMTT ABERTURA O presidente Jilmar Tatto realizou a abertura dando início à palavra livre PALAVRA LIVRE Participaram da palavra livre os operadores dos serviços de transporte escolar, e tiveram suas dúvidas esclarecidas pela mesa e acolhidas suas demandas pela equipe executiva do CMTT Considerações da mesa: Secretária Marianne Pinotti (Secretaria Municipal da Pessoa com Deficiência) – Agradeceu a presença de todos e expôs sua felicidade pela implantação de um Plano de Mobilidade tão acessível. [...] Donay (Conselheiro representando Transportador Escolar) – Comentou sobre o impacto negativo que o credenciamento do novo modelo do TEG/SP vai trazer para eles, propôs a suspensão do credenciamento e a criação de um canal de comunicação efetivo, como uma câmara temática, para solucionar os problemas e eliminar as comissões.
16_2015_Pleno_ordin_ata.pdf;16ª Reunião Ordinária;2015;Mobilidade Urbana: Organização Geral e Prestação de Contas;2;8.7;plano de mobilidade;RELATÓRIO 16ª Reunião do Conselho Municipal de Transporte e Trânsito – CMTT 18/12/2015 Reunião dos Conselhos Administrativos ( CONSADs CET e SPTrans) Realizada no Conselho Regional e Contabilidade- CRC – Rua Rosa e Silva- 60 Programação: 15h30 - Recepção dos conselheiros e convidados 15h45 - Abertura (com 50% mais um dos conselheiros) 16h00 - Abertura (com qualquer número de conselheiros presentes) 16h05 – Palavra livre 16h35 – Apresentação do Plano Municipal de Mobilidade PlanMob/2015 17h35 – Encaminhamentos e encerramento Composição da Mesa: Jilmar Tatto – presidente CMTT Marianne Pinotti – Secretária da Pessoa com Deficiência Ana Carolina – Representante da Câmara Temática de Mobilidade a Pé Donay Neto – Conselheiro Suplente cadeira transporte Escolar Daniel Telles- Diretor DTP Josias Lech – Secretário Executivo do CMTT ABERTURA O presidente Jilmar Tatto realizou a abertura dando início à palavra livre PALAVRA LIVRE Participaram da palavra livre os operadores dos serviços de transporte escolar, e tiveram suas dúvidas esclarecidas pela mesa e acolhidas suas demandas pela equipe executiva do CMTT Considerações da mesa: Secretária Marianne Pinotti (Secretaria Municipal da Pessoa com Deficiência) – Agradeceu a presença de todos e expôs sua felicidade pela implantação de um Plano de Mobilidade tão acessível. [...] Jilmar Tatto (Secretário de Transporte) – Comentou sobre o Plano de Mobilidade e sua previsão de 15 anos para a entrega, a decisão do prefeito Fernando Haddad de fazer um decreto para que não haja alterações e falou da importância do povo em monitorar as próximas gestões para que o PlanMob não desvie de sua rota.
17_2016_Pleno_ordin_ata.pdf;17ª Reunião Ordinária;2016;Composição e Governança do Conselho;24;45.3;conselheiro, conselho, eleic, representante;RELATÓRIO 17ª Reunião do Conselho Municipal de Transporte e Trânsito – CMTT 03/03/2016 Realizada na Biblioteca Mário de Andrade Programação: 08h30 - Recepção dos conselheiros e convidados 08h45 - Abertura (com 50% mais um dos conselheiros) 09h00 - Abertura (com qualquer número de conselheiros presentes) 09h05 – Palavra Livre 09h35 – A participação da mulher na Sociedade e na Gestão Pública e as diretrizes da Paridade de Gênero para as próximas eleições do CMTT – Denise Dau - Secretária de Politicas para as Mulheres 10h15 - Apresentação da proposta de reformulação e aumento das cadeiras do CMTT. [...] 10h30 – Debate dos Conselheiros e encaminhamentos sobre a eleição dos membros do CMTT 11h00 – Previsão de Encerramento Composição da Mesa: Denise Dau- Secretária Municipal de Políticas para as Mulheres - SMPM Patrícia Rodrigues da Silva- SMPM José Evaldo Gonçalo – Secretário Adjunto SMT Lurdinha Rodrigues – Conselheira titular cadeira de Operadores Transporte Escolar Joana Canedo – Cidade a Pé Luciana Berardi – Conselheira Titular CET Lucimara Gonçalves – Convidada taxista categoria Taxi Preto Josias Lech - Secretário Executivo do CMTT ABERTURA Reunião iniciada com 26 Cadeiras ocupadas por titulares ou suplentes, das 45 existentes, mais 6 suplentes presentes, sendo : 1.
17_2016_Pleno_ordin_ata.pdf;17ª Reunião Ordinária;2016;Transporte Público Coletivo;8;15.1;onibus, sptrans;José Ferreira dos Santos – SPTrans – Suplente 31. [...] Ana Odila Paiva de Souza – SPTrans – Titular 32.
17_2016_Pleno_ordin_ata.pdf;17ª Reunião Ordinária;2016;Mobilidade Ativa: Acessibilidade e Pedestres;7;13.2;acessibilidade, cadeirante, calcada;O sistema de mobilidade a pé deve ser considerado como uma rede de transporte que inclui uma infraestrutura básica constituída de calçada, mas também de travessias, mobiliário. [...] Nome: Meli Malatesta Organização: CT Mobilidade a Pé e Acessibilidade ANTP Resumo da fala: Parceria das políticas de mulheres e a Mobilidade a Pé, porque: - A maioria das viagens a pé é praticada por mulheres de acordo com as pesquisas de transporte - A mulher também sofre assédio no uso dos espaços públicos da mobilidade a pé Nome: Rafael Drummond Organização: Rede Butantã Resumo da fala: Esta próxima eleição ao CMTT é uma grande oportunidade para trazer a administração da mobilidade da cidade mais próxima à população.
17_2016_Pleno_ordin_ata.pdf;17ª Reunião Ordinária;2016;Estrutura e Organização da Rede Viária;5;9.4;cet, corredor;10h30 – Debate dos Conselheiros e encaminhamentos sobre a eleição dos membros do CMTT 11h00 – Previsão de Encerramento Composição da Mesa: Denise Dau- Secretária Municipal de Políticas para as Mulheres - SMPM Patrícia Rodrigues da Silva- SMPM José Evaldo Gonçalo – Secretário Adjunto SMT Lurdinha Rodrigues – Conselheira titular cadeira de Operadores Transporte Escolar Joana Canedo – Cidade a Pé Luciana Berardi – Conselheira Titular CET Lucimara Gonçalves – Convidada taxista categoria Taxi Preto Josias Lech - Secretário Executivo do CMTT ABERTURA Reunião iniciada com 26 Cadeiras ocupadas por titulares ou suplentes, das 45 existentes, mais 6 suplentes presentes, sendo : 1. [...] Luciana Andrea Accorsi Berardi – CET- Titular 23.
17_2016_Pleno_ordin_ata.pdf;17ª Reunião Ordinária;2016;Transporte Escolar e Fretamento;3;5.7;escolar;10h30 – Debate dos Conselheiros e encaminhamentos sobre a eleição dos membros do CMTT 11h00 – Previsão de Encerramento Composição da Mesa: Denise Dau- Secretária Municipal de Políticas para as Mulheres - SMPM Patrícia Rodrigues da Silva- SMPM José Evaldo Gonçalo – Secretário Adjunto SMT Lurdinha Rodrigues – Conselheira titular cadeira de Operadores Transporte Escolar Joana Canedo – Cidade a Pé Luciana Berardi – Conselheira Titular CET Lucimara Gonçalves – Convidada taxista categoria Taxi Preto Josias Lech - Secretário Executivo do CMTT ABERTURA Reunião iniciada com 26 Cadeiras ocupadas por titulares ou suplentes, das 45 existentes, mais 6 suplentes presentes, sendo : 1. [...] Nome: Osvaldo Luiz dos Reis Filito Organização: Transporte Escolar Resumo da fala:Liberação de faixa de ônibus para transporte escolar.
17_2016_Pleno_ordin_ata.pdf;17ª Reunião Ordinária;2016;Transporte Individual: Táxis;3;5.7;taxi, taxista;10h30 – Debate dos Conselheiros e encaminhamentos sobre a eleição dos membros do CMTT 11h00 – Previsão de Encerramento Composição da Mesa: Denise Dau- Secretária Municipal de Políticas para as Mulheres - SMPM Patrícia Rodrigues da Silva- SMPM José Evaldo Gonçalo – Secretário Adjunto SMT Lurdinha Rodrigues – Conselheira titular cadeira de Operadores Transporte Escolar Joana Canedo – Cidade a Pé Luciana Berardi – Conselheira Titular CET Lucimara Gonçalves – Convidada taxista categoria Taxi Preto Josias Lech - Secretário Executivo do CMTT ABERTURA Reunião iniciada com 26 Cadeiras ocupadas por titulares ou suplentes, das 45 existentes, mais 6 suplentes presentes, sendo : 1. [...] Nome: Marcos Kaue Ferreira de Queiroz Organização: Conselheiro Titular cadeira estudantes Secundaristas Resumo da fala:- A importância da participação das mulheres nos ambientes - A proposta de ter também essa discussão para os negros Nome: Antonio Matias _ Ceará Organização: Conselheiro Titular cadeira Sindicato dos taxistas Resumo da fala:- Defendeu a proposta 2 pois acha que a mulher pode compor conjuntamente as discussões, sendo uma oportunidade não de disputa, mas trazer para dentro do conselho toda a sociedade para aprofundar o debate.
18_2016_Pleno_ordin_ata.pdf;18ª Reunião Ordinária;2016;Composição e Governança do Conselho;28;40.6;conselheiro, conselho, eleic, regimento interno, representante;RELATÓRIO 18ª Reunião do Conselho Municipal de Transporte e Trânsito – CMTT 28/04/2016 Realizada no Museu do Transporte – Avenida Cruzeiro do Sul, 780 - Canindé. [...] Programação:  08h30 - Recepção dos conselheiros e convidados  08h45 - Abertura (com 50% mais um dos conselheiros)  09h00 - Abertura (com qualquer número de conselheiros presentes)  09h10 - Palavra Livre  09h40 - 10h10 – Debate dos Conselheiros  11h00 – Previsão de Encerramento Composição da Mesa: Lurdinha Rodrigues – Conselheira Titular Operadores do Transporte Escolar - Presidiu a reunião.
18_2016_Pleno_ordin_ata.pdf;18ª Reunião Ordinária;2016;Transporte Público Coletivo;11;15.9;frota, onibus, sptrans, transporte coletivo;Elio Jovart - Conselheiro Suplente da Região Oeste José Ferreira dos Santos - Conselheiro Suplente da SPTrans Josias Lech – Secretário Executivo do CMTT ABERTURA 1. [...] Eduardo Fachini – SPTrans – Suplente 20.
18_2016_Pleno_ordin_ata.pdf;18ª Reunião Ordinária;2016;Mobilidade Ativa: Bicicletas;6;8.7;bicicleta, ciclista;Odir Zuger Júnior – Ciclistas – Titular 15. [...] Enfatizou que o CT da Bicicleta já atende a questão da paridade e o que o CMTT é o conselho com menor representação feminina.
18_2016_Pleno_ordin_ata.pdf;18ª Reunião Ordinária;2016;Segurança Viária;4;5.8;acidente, seguranca, velocidade;Nome: Derli Valadares Organização: Instituto de Ética e Comportamento no Trânsito Resumo da fala: Salientou que a redução de velocidade é um fator determinante para a diminuição de acidentes no trânsito. [...] Gerson Bittencourt – Secretária Municipal da Saúde e CONSAD Explicou que o Grupo Intersecretarial para segurança no trânsito vem desenvolvendo um banco de dados para notificar os órgãos sobre todos os tipos de acidentes com diferenciada, características, buscando a padronização das informações.
18_2016_Pleno_ordin_ata.pdf;18ª Reunião Ordinária;2016;Transporte Escolar e Fretamento;4;5.8;escolar;Programação:  08h30 - Recepção dos conselheiros e convidados  08h45 - Abertura (com 50% mais um dos conselheiros)  09h00 - Abertura (com qualquer número de conselheiros presentes)  09h10 - Palavra Livre  09h40 - 10h10 – Debate dos Conselheiros  11h00 – Previsão de Encerramento Composição da Mesa: Lurdinha Rodrigues – Conselheira Titular Operadores do Transporte Escolar - Presidiu a reunião. [...] Lurdinha Rodrigues – Presidente da Mesa - Sugere a criação de câmaras temáticas do transporte coletivo, transporte escolar e campanhas relacionadas ao embarque e desembarque seguro.
19_2016_Pleno_ordin_ata.pdf;19ª Reunião Ordinária;2016;Composição e Governança do Conselho;6;28.6;conselheiro, conselho;RELATÓRIO 19ª Reunião do Conselho Municipal de Transportes e Trânsito Data: 20/09/2016 Local: Auditório do Sindicato dos Engenheiros do Estado de São Paulo Programação: 08h30 - Recepção dos conselheiros e convidados 08h45 - Abertura (com 50% mais um dos conselheiros) 09h00 - Abertura (com qualquer número de conselheiros presentes) 09h10 - Agradecimento aos Conselheiros que estão encerrando o mandato - Posse dos novos Conselheiros - Apresentação do PDUI - Plano de Desenvolvimento Urbano Integrado da Região Metropolitana de São Paulo - Apresentação da Proposta de Reestruturação da Classificação da Rede Viária de São Paulo - Debate 11h00 - Previsão de encerramento Composição da mesa:  Jilmar Tatto – Presidente do CMTT  Josias Lech – Secretário Executivo do CMTT  Patrícia Rodrigues – Membro da Comissão Eleitoral  Lurdinha Rodrigues – Representante titular do SIMETESP  Ivony Lessa Santos – Representante titular da Secretaria Municipal de Saúde  Meli Malatesta – Representante titular do segmento de Idosos Josias Lech abriu a reunião dando a palavra para Patrícia Rodrigues, que representou a Comissão Eleitoral nas Eleições do Conselho. [...] Na sequência o Secretário Executivo leu os nomes de todos os novos Conselheiros eleitos e indicados, e passou a palavra ao Presidente do CMTT e Secretário Municipal de Transportes, Jilmar Tatto, que agradeceu os Conselheiros cujo mandato se encerra e deu posse aos novos.
19_2016_Pleno_ordin_ata.pdf;19ª Reunião Ordinária;2016;Transporte Público Coletivo;3;14.3;frota, sptrans, transporte coletivo;"Novos Conselheiros do Conselho Municipal de Transporte Trânsito: ÓRGÃOS MUNICIPAIS SECRETARIAS Nº VAGAS TITULAR SUPLENTE Secretaria Municipal de Transportes – SMT 1 Jilmar Augustinho Tatto José Evaldo Gonçalo Luciana Andrea Accorsi Berardi Maria Lucia Begalli Companhia de Engenharia de Tráfego – CET 3 Lucélia Helena Moura Nancy Schneider Tadeu Leite Duarte Heloisa Helena de Mello Martins Roberto Vitorino dos Santos Audrey Gabriel São Paulo Transporte S/A – SPTrans 3 Ana Odila de Paiva Souza Rosilda Maria Vedovato Domingues Olga Aparecida Landucci Magda Reginaldo Secretaria Municipal da Pessoa com Deficiência e 1 Monique Priscila Garrido Laila Dell Antonia Scarassati Mobilidade Reduzida – SMPED Secretaria Municipal do Verde e do Meio Ambiente – 1 Mônica Pilz Borba Cibele Amaral SVMA Secretaria Municipal de Gestão – SMG 1 Mariana Brito Isadora Tavares de Moura Secretaria Municipal de Finanças e Desenvolvimento 1 Roberta Uliani Joaquim Gina Armelin Pagotto Bernadino Econômico – SF Secretaria Municipal de Infraestrutura Urbana e Obras – 1 Roberto de Moraes Moura Antonia Ribeiro Guglielmi SIURB Secretaria Municipal de Desenvolvimento Urbano - SMDU; 1 André Luis Gonçalves Pina Denise de Campos Bittencourt Secretaria Municipal de Coordenação das Subprefeituras – 1 Manoel Victor de Azevedo Neto Valéria Rodrigues Cassemiro SMSP Coordenação de Políticas para Idosos, da Secretaria 1 Guiomar Silva Lopes Graziela Cândido Cardoso Municipal de Direitos Humanos e Cidadania – SMDHC; Coordenação de Promoção do Direito à Cidade, da Secretaria Municipal de Direitos Humanos e Cidadania – 1 Marilia Jahnel de Oliveira Esther Madeleine Leblanc SMDHC Secretaria Municipal de Políticas para as Mulheres – 1 Adriana Aparecida de Souza Patrícia Rodrigues da Silva SMPM; Secretaria Municipal de Relações Governamentais – SMRG 1 Silmara Ribeiro Marques Flávia Maria Lustosa Ribeiro Secretaria Municipal da Saúde – SMS 1 Ivony Lessa Santos Lucília Nunes da Silva Secretaria Municipal de Promoção da Igualdade Racial – 1 Fernando Leonel Henrique Simões Gislaine dos Santos Ferreira SMPIR Secretaria Municipal de Educação - SME 1 Manassés dos Santos Tatiana Ripari Cardeal Villar OPERADORES DO SERVIÇO DE TRANSPORTE ENTIDADE Nº VAGAS TITULAR SUPLENTE Francisco Armando Noschang Christovam Carlos Alberto Fernandes R. [...] de Souza Sindicato das Empresas de Transporte Coletivo Urbano de Passageiros de São Paulo – SPURBANUSS Niege Rossiter Chaves Regina Helena Alonso Teixeira Francisco Xavier da Silva Filho Edivaldo Lima da Silva Sindicato dos Motoristas e Trabalhadores em Transporte Rodoviário Urbano de São Paulo – SINDMOTORISTAS Rosineide Gualberto Santos Giselle Martins dos Santos Sindicato dos Transportadores Autônomos de Escolares e Lurdinha Maria de Lourdes Rodrigues Simone Cristina Godinho Sabino das Microempresas de Transportes de Escolares do Estado 2 de São Paulo – SIMETESP Donay da Silva Jacintho Neto Franscisco Amaro Gurgel Sindicato dos Trabalhadores em Empresas de Transporte 2 Alexandre Gerolamo de Almeida Antonio Catalano Junior Escolar do Município de São Paulo – SINTTEASP Iara Maria Pires de Oliveira Marcia Baptista de Abrantes Tayguara Helou Adauto Bentivegna Filho Sindicato das Empresas de Transporte de Carga de São Paulo e Região – SETCESP Bárbara Pereira Calderani Ducimara Aparecida Salatiel Bueno Natalício Bezerra Silva Giovanni Romano Sindicato dos Taxistas Autônomos de São Paulo – SINDITAXI Edna de Souza Mendes Ruth Lorena da Silva Pina Maria Helena dos Santos Rodrigues Izabel Rodrigues Sindicato dos Motoristas e Trabalhadores nas Empresas de Táxi do Município de São Paulo - SIMTETAXIS Antonio Raimundo Matias dos Santos Everson Silva Albuquerque Sindicato das Empresas de Transporte de Passageiros por Fretamento e para Turismo de São Paulo e Região – 1 Jorge Miguel dos Santos Kelly Rodrigues Morette TRANSFRETUR Sindicato dos Empregados em Empresas de Transporte de Passageiros por Fretamento e Turismo da Grande São 1 Joel Andrade dos Santos Rosemeire Mauricio da Silva Paulo – SINDIFRETUR Setor de transportes do turismo - Associação dos 1 Irineu Leite Burin Lorena Verusca Rodrigues Operadores de Receptivo de São Paulo - ARESP Sindicato das Empresas de Distribuição das Entregas 1 Fernando A."
19_2016_Pleno_ordin_ata.pdf;19ª Reunião Ordinária;2016;Mobilidade Ativa: Bicicletas;3;14.3;bicicleta;"Em seguida o Diretor de Planejamento, Tadeu Leite Duarte, discorreu sobre a segunda parte da pauta, a Proposta de Reestruturação da Classificação da Rede Viária de São Paulo e logo em seguida abriu-se espaço para os debates, em que os seguintes Conselheiros se inscreveram: Maria Amélia Portugal (Titular Zona Leste), Andrew Johnson (Titular Zona Oeste), José Eduardo dos Santos (Suplente Zona Leste) Lurdinha Rodrigues (Titular SIMETESP), Ivony Lessa (Titular SMS), José Marcelo (Titular Zona Sul) e Marina Harkot (Titular da CT de Bicicleta). [...] Souza Hérika Mascarenhas Rápidas do Estado de São Paulo – SEDERSP Sindicato dos Mensageiros, Motociclistas, Ciclistas e 1 Gerson Silva Renata Ferreira da Silva Mototaxistas de São Paulo – SINDIMOTOSP Associação das Empresas de Táxi de Frota do Município de 1 Ricardo Auriemma Marinez Raimondo São Paulo – ADETAX; Entidade que represente entregadores de cargas por 1 Aguardando indicação Aguardando indicação bicicleta."
19_2016_Pleno_ordin_ata.pdf;19ª Reunião Ordinária;2016;Estrutura e Organização da Rede Viária;2;9.5;cet, engenharia de trafego;"Em seguida chamou Ronaldo Tonobohn, Superintendente de Planejamento e Projetos da CET, que discorreu sobre o primeiro assunto da pauta, o PDUI (Plano de Desenvolvimento Urbano Integrado da Região Metropolitana de São Paulo). [...] Novos Conselheiros do Conselho Municipal de Transporte Trânsito: ÓRGÃOS MUNICIPAIS SECRETARIAS Nº VAGAS TITULAR SUPLENTE Secretaria Municipal de Transportes – SMT 1 Jilmar Augustinho Tatto José Evaldo Gonçalo Luciana Andrea Accorsi Berardi Maria Lucia Begalli Companhia de Engenharia de Tráfego – CET 3 Lucélia Helena Moura Nancy Schneider Tadeu Leite Duarte Heloisa Helena de Mello Martins Roberto Vitorino dos Santos Audrey Gabriel São Paulo Transporte S/A – SPTrans 3 Ana Odila de Paiva Souza Rosilda Maria Vedovato Domingues Olga Aparecida Landucci Magda Reginaldo Secretaria Municipal da Pessoa com Deficiência e 1 Monique Priscila Garrido Laila Dell Antonia Scarassati Mobilidade Reduzida – SMPED Secretaria Municipal do Verde e do Meio Ambiente – 1 Mônica Pilz Borba Cibele Amaral SVMA Secretaria Municipal de Gestão – SMG 1 Mariana Brito Isadora Tavares de Moura Secretaria Municipal de Finanças e Desenvolvimento 1 Roberta Uliani Joaquim Gina Armelin Pagotto Bernadino Econômico – SF Secretaria Municipal de Infraestrutura Urbana e Obras – 1 Roberto de Moraes Moura Antonia Ribeiro Guglielmi SIURB Secretaria Municipal de Desenvolvimento Urbano - SMDU; 1 André Luis Gonçalves Pina Denise de Campos Bittencourt Secretaria Municipal de Coordenação das Subprefeituras – 1 Manoel Victor de Azevedo Neto Valéria Rodrigues Cassemiro SMSP Coordenação de Políticas para Idosos, da Secretaria 1 Guiomar Silva Lopes Graziela Cândido Cardoso Municipal de Direitos Humanos e Cidadania – SMDHC; Coordenação de Promoção do Direito à Cidade, da Secretaria Municipal de Direitos Humanos e Cidadania – 1 Marilia Jahnel de Oliveira Esther Madeleine Leblanc SMDHC Secretaria Municipal de Políticas para as Mulheres – 1 Adriana Aparecida de Souza Patrícia Rodrigues da Silva SMPM; Secretaria Municipal de Relações Governamentais – SMRG 1 Silmara Ribeiro Marques Flávia Maria Lustosa Ribeiro Secretaria Municipal da Saúde – SMS 1 Ivony Lessa Santos Lucília Nunes da Silva Secretaria Municipal de Promoção da Igualdade Racial – 1 Fernando Leonel Henrique Simões Gislaine dos Santos Ferreira SMPIR Secretaria Municipal de Educação - SME 1 Manassés dos Santos Tatiana Ripari Cardeal Villar OPERADORES DO SERVIÇO DE TRANSPORTE ENTIDADE Nº VAGAS TITULAR SUPLENTE Francisco Armando Noschang Christovam Carlos Alberto Fernandes R."
19_2016_Pleno_ordin_ata.pdf;19ª Reunião Ordinária;2016;Logística Urbana e Transporte de Cargas;2;9.5;carga;"de Souza Sindicato das Empresas de Transporte Coletivo Urbano de Passageiros de São Paulo – SPURBANUSS Niege Rossiter Chaves Regina Helena Alonso Teixeira Francisco Xavier da Silva Filho Edivaldo Lima da Silva Sindicato dos Motoristas e Trabalhadores em Transporte Rodoviário Urbano de São Paulo – SINDMOTORISTAS Rosineide Gualberto Santos Giselle Martins dos Santos Sindicato dos Transportadores Autônomos de Escolares e Lurdinha Maria de Lourdes Rodrigues Simone Cristina Godinho Sabino das Microempresas de Transportes de Escolares do Estado 2 de São Paulo – SIMETESP Donay da Silva Jacintho Neto Franscisco Amaro Gurgel Sindicato dos Trabalhadores em Empresas de Transporte 2 Alexandre Gerolamo de Almeida Antonio Catalano Junior Escolar do Município de São Paulo – SINTTEASP Iara Maria Pires de Oliveira Marcia Baptista de Abrantes Tayguara Helou Adauto Bentivegna Filho Sindicato das Empresas de Transporte de Carga de São Paulo e Região – SETCESP Bárbara Pereira Calderani Ducimara Aparecida Salatiel Bueno Natalício Bezerra Silva Giovanni Romano Sindicato dos Taxistas Autônomos de São Paulo – SINDITAXI Edna de Souza Mendes Ruth Lorena da Silva Pina Maria Helena dos Santos Rodrigues Izabel Rodrigues Sindicato dos Motoristas e Trabalhadores nas Empresas de Táxi do Município de São Paulo - SIMTETAXIS Antonio Raimundo Matias dos Santos Everson Silva Albuquerque Sindicato das Empresas de Transporte de Passageiros por Fretamento e para Turismo de São Paulo e Região – 1 Jorge Miguel dos Santos Kelly Rodrigues Morette TRANSFRETUR Sindicato dos Empregados em Empresas de Transporte de Passageiros por Fretamento e Turismo da Grande São 1 Joel Andrade dos Santos Rosemeire Mauricio da Silva Paulo – SINDIFRETUR Setor de transportes do turismo - Associação dos 1 Irineu Leite Burin Lorena Verusca Rodrigues Operadores de Receptivo de São Paulo - ARESP Sindicato das Empresas de Distribuição das Entregas 1 Fernando A. [...] Souza Hérika Mascarenhas Rápidas do Estado de São Paulo – SEDERSP Sindicato dos Mensageiros, Motociclistas, Ciclistas e 1 Gerson Silva Renata Ferreira da Silva Mototaxistas de São Paulo – SINDIMOTOSP Associação das Empresas de Táxi de Frota do Município de 1 Ricardo Auriemma Marinez Raimondo São Paulo – ADETAX; Entidade que represente entregadores de cargas por 1 Aguardando indicação Aguardando indicação bicicleta."
19_2016_Pleno_ordin_ata.pdf;19ª Reunião Ordinária;2016;Motocicletas e Motofrete;2;9.5;moto;"de Souza Sindicato das Empresas de Transporte Coletivo Urbano de Passageiros de São Paulo – SPURBANUSS Niege Rossiter Chaves Regina Helena Alonso Teixeira Francisco Xavier da Silva Filho Edivaldo Lima da Silva Sindicato dos Motoristas e Trabalhadores em Transporte Rodoviário Urbano de São Paulo – SINDMOTORISTAS Rosineide Gualberto Santos Giselle Martins dos Santos Sindicato dos Transportadores Autônomos de Escolares e Lurdinha Maria de Lourdes Rodrigues Simone Cristina Godinho Sabino das Microempresas de Transportes de Escolares do Estado 2 de São Paulo – SIMETESP Donay da Silva Jacintho Neto Franscisco Amaro Gurgel Sindicato dos Trabalhadores em Empresas de Transporte 2 Alexandre Gerolamo de Almeida Antonio Catalano Junior Escolar do Município de São Paulo – SINTTEASP Iara Maria Pires de Oliveira Marcia Baptista de Abrantes Tayguara Helou Adauto Bentivegna Filho Sindicato das Empresas de Transporte de Carga de São Paulo e Região – SETCESP Bárbara Pereira Calderani Ducimara Aparecida Salatiel Bueno Natalício Bezerra Silva Giovanni Romano Sindicato dos Taxistas Autônomos de São Paulo – SINDITAXI Edna de Souza Mendes Ruth Lorena da Silva Pina Maria Helena dos Santos Rodrigues Izabel Rodrigues Sindicato dos Motoristas e Trabalhadores nas Empresas de Táxi do Município de São Paulo - SIMTETAXIS Antonio Raimundo Matias dos Santos Everson Silva Albuquerque Sindicato das Empresas de Transporte de Passageiros por Fretamento e para Turismo de São Paulo e Região – 1 Jorge Miguel dos Santos Kelly Rodrigues Morette TRANSFRETUR Sindicato dos Empregados em Empresas de Transporte de Passageiros por Fretamento e Turismo da Grande São 1 Joel Andrade dos Santos Rosemeire Mauricio da Silva Paulo – SINDIFRETUR Setor de transportes do turismo - Associação dos 1 Irineu Leite Burin Lorena Verusca Rodrigues Operadores de Receptivo de São Paulo - ARESP Sindicato das Empresas de Distribuição das Entregas 1 Fernando A. [...] Souza Hérika Mascarenhas Rápidas do Estado de São Paulo – SEDERSP Sindicato dos Mensageiros, Motociclistas, Ciclistas e 1 Gerson Silva Renata Ferreira da Silva Mototaxistas de São Paulo – SINDIMOTOSP Associação das Empresas de Táxi de Frota do Município de 1 Ricardo Auriemma Marinez Raimondo São Paulo – ADETAX; Entidade que represente entregadores de cargas por 1 Aguardando indicação Aguardando indicação bicicleta."
19_2016_Pleno_ordin_ata.pdf;19ª Reunião Ordinária;2016;Transporte Individual: Táxis;2;9.5;taxi;"de Souza Sindicato das Empresas de Transporte Coletivo Urbano de Passageiros de São Paulo – SPURBANUSS Niege Rossiter Chaves Regina Helena Alonso Teixeira Francisco Xavier da Silva Filho Edivaldo Lima da Silva Sindicato dos Motoristas e Trabalhadores em Transporte Rodoviário Urbano de São Paulo – SINDMOTORISTAS Rosineide Gualberto Santos Giselle Martins dos Santos Sindicato dos Transportadores Autônomos de Escolares e Lurdinha Maria de Lourdes Rodrigues Simone Cristina Godinho Sabino das Microempresas de Transportes de Escolares do Estado 2 de São Paulo – SIMETESP Donay da Silva Jacintho Neto Franscisco Amaro Gurgel Sindicato dos Trabalhadores em Empresas de Transporte 2 Alexandre Gerolamo de Almeida Antonio Catalano Junior Escolar do Município de São Paulo – SINTTEASP Iara Maria Pires de Oliveira Marcia Baptista de Abrantes Tayguara Helou Adauto Bentivegna Filho Sindicato das Empresas de Transporte de Carga de São Paulo e Região – SETCESP Bárbara Pereira Calderani Ducimara Aparecida Salatiel Bueno Natalício Bezerra Silva Giovanni Romano Sindicato dos Taxistas Autônomos de São Paulo – SINDITAXI Edna de Souza Mendes Ruth Lorena da Silva Pina Maria Helena dos Santos Rodrigues Izabel Rodrigues Sindicato dos Motoristas e Trabalhadores nas Empresas de Táxi do Município de São Paulo - SIMTETAXIS Antonio Raimundo Matias dos Santos Everson Silva Albuquerque Sindicato das Empresas de Transporte de Passageiros por Fretamento e para Turismo de São Paulo e Região – 1 Jorge Miguel dos Santos Kelly Rodrigues Morette TRANSFRETUR Sindicato dos Empregados em Empresas de Transporte de Passageiros por Fretamento e Turismo da Grande São 1 Joel Andrade dos Santos Rosemeire Mauricio da Silva Paulo – SINDIFRETUR Setor de transportes do turismo - Associação dos 1 Irineu Leite Burin Lorena Verusca Rodrigues Operadores de Receptivo de São Paulo - ARESP Sindicato das Empresas de Distribuição das Entregas 1 Fernando A. [...] Souza Hérika Mascarenhas Rápidas do Estado de São Paulo – SEDERSP Sindicato dos Mensageiros, Motociclistas, Ciclistas e 1 Gerson Silva Renata Ferreira da Silva Mototaxistas de São Paulo – SINDIMOTOSP Associação das Empresas de Táxi de Frota do Município de 1 Ricardo Auriemma Marinez Raimondo São Paulo – ADETAX; Entidade que represente entregadores de cargas por 1 Aguardando indicação Aguardando indicação bicicleta."
20_2016_Pleno_ordin_ata.pdf;20ª Reunião Ordinária;2016;Mobilidade Ativa: Bicicletas;3;33.3;bicicleta, ciclovia;O Secretário Municipal de Transporte fez um balanço das obras e ações realizadas pela secretaria na atual gestão, parabenizou todo trabalho realizado pelo conselho e enfatizou a conclusão dos 400 KM de Ciclovias. [...] Logo após, foi aberta a palavra para o plenário, tendo como inscritos: Marina Harkot - Bicicleta, Ana Carolina Nunes – Mobilidade a Pé, Laércio Brasil – Munícipe, Bibiana Tini – Região Norte, Rafael Drumond – Região Centro, Andrew de Oliveira – Região Oeste , Cadú – Assoc.
20_2016_Pleno_ordin_ata.pdf;20ª Reunião Ordinária;2016;Composição e Governança do Conselho;2;22.2;conselho;20ª Reunião do Conselho Municipal de Transportes e Trânsito Data: 06/12/2016 Local: Auditório do Sindicato dos Engenheiros do Estado de São Paulo Programação: Apresentação do Filme com Balanço Final das Ações de Mobilidade Encerramento da Gestão Municipal 2013-2016 Composição da mesa:  Jilmar Tatto – Presidente do CMTT  Josias Lech – Secretário Executivo do CMTT  Heloisa Helena Martins - CET  Rosilda Domingues Vedovato - SPtrans  Rafael Calabria – ONG’s  Mity Hori Kato – Região Oeste  Donay Jacinto Neto - SIMETESP  Kelly Rodrigues Morette - TRANSFRETUR A reunião iniciou com a apresentando e aprovação simbólica dos indicados para compor a nova coordenação executiva do Conselho Municipal de Transporte e Trânsito – Gestão 2016-2018. [...] O Secretário Municipal de Transporte fez um balanço das obras e ações realizadas pela secretaria na atual gestão, parabenizou todo trabalho realizado pelo conselho e enfatizou a conclusão dos 400 KM de Ciclovias.
21_2017_Pleno_ordin_ata.pdf;21ª Reunião Ordinária;2017;Segurança Viária;47;29.4;acidente, atropelamento, morte, seguranca, velocidade;O sistema de Bilhete Único está carecendo de atualização em relação à segurança para evitar fraudes. [...] Disciplinar o trânsito com segurança buscando a fluidez.
21_2017_Pleno_ordin_ata.pdf;21ª Reunião Ordinária;2017;Composição e Governança do Conselho;26;16.2;conselheiro, conselho, eleic;"RELATÓRIO DA 21ª REUNIÃO DO CONSELHO MUNICIPAL DE TRANSPORTES E TRÂNSITO Local: Auditório da Biblioteca Mário de Andrade Data: 19/01/2017 Hora: 7h30-12h Participantes: 37 (trinta e sete) Conselheiros Titulares; 28 (vinte e oito) Conselheiros Suplentes; 202 (duzentos e dois) convidados gerais. [...] MESA DIRETORA Sérgio Avelleda, Secretário Municipal de Mobilidade e Transportes; João Manoel Scudeler de Barros, Chefe de Gabinete da Secretaria de Mobilidade e Transportes; Irineu Gnecco Filho, Secretário Adjunto da Secretaria de Mobilidade e Transportes; João Octaviano Machado Neto, Presidente da CET e representante Titular no Conselho Municipal de Transportes e Trânsito; José Carlos Martinelli, Presidente da SP Trans; Antonio Raimundo Matias dos Santos (Ceará), representante Titular do Sindicato dos Motoristas e Trabalhadores nas Empresas de Táxi do Município de São Paulo – SIMTETAXIS; Marina Kohler Harkot, representante Titular dos Usuários Temáticos | Bicicleta; PAUTA  Apresentação do Secretário, Presidente da CET e Presidente da SP Trans;  Apresentação dos novos Conselheiros;  Informes Gerais;  Principais Projetos da Secretaria, CET e SP Trans;  Consulta ao CMTT sobre Projeto de Proteção ao Pedestre;  Projeto Piloto de Melhoria dos Corredores de Ônibus;  Regulamentação do Taxi Preto;  Marginal Segura;  Ações contra fraude na SPTrans;  Ajuste das Tarifas do Transporte Público;  Programa Estamos Juntos;  Palavra Livre e Debates;  Informes Finais;  Encerramento."
21_2017_Pleno_ordin_ata.pdf;21ª Reunião Ordinária;2017;Mobilidade Ativa: Acessibilidade e Pedestres;23;14.4;acessibilidade, calcada, pedestre;"MESA DIRETORA Sérgio Avelleda, Secretário Municipal de Mobilidade e Transportes; João Manoel Scudeler de Barros, Chefe de Gabinete da Secretaria de Mobilidade e Transportes; Irineu Gnecco Filho, Secretário Adjunto da Secretaria de Mobilidade e Transportes; João Octaviano Machado Neto, Presidente da CET e representante Titular no Conselho Municipal de Transportes e Trânsito; José Carlos Martinelli, Presidente da SP Trans; Antonio Raimundo Matias dos Santos (Ceará), representante Titular do Sindicato dos Motoristas e Trabalhadores nas Empresas de Táxi do Município de São Paulo – SIMTETAXIS; Marina Kohler Harkot, representante Titular dos Usuários Temáticos | Bicicleta; PAUTA  Apresentação do Secretário, Presidente da CET e Presidente da SP Trans;  Apresentação dos novos Conselheiros;  Informes Gerais;  Principais Projetos da Secretaria, CET e SP Trans;  Consulta ao CMTT sobre Projeto de Proteção ao Pedestre;  Projeto Piloto de Melhoria dos Corredores de Ônibus;  Regulamentação do Taxi Preto;  Marginal Segura;  Ações contra fraude na SPTrans;  Ajuste das Tarifas do Transporte Público;  Programa Estamos Juntos;  Palavra Livre e Debates;  Informes Finais;  Encerramento. [...] Devemos ainda administrar outros meios de transporte - taxis, transporte escolar, bicicletas e pedestres - este último merece toda nossa acolhida, atenção e proteção."
21_2017_Pleno_ordin_ata.pdf;21ª Reunião Ordinária;2017;Estrutura e Organização da Rede Viária;21;13.1;cet, corredor, via;"MESA DIRETORA Sérgio Avelleda, Secretário Municipal de Mobilidade e Transportes; João Manoel Scudeler de Barros, Chefe de Gabinete da Secretaria de Mobilidade e Transportes; Irineu Gnecco Filho, Secretário Adjunto da Secretaria de Mobilidade e Transportes; João Octaviano Machado Neto, Presidente da CET e representante Titular no Conselho Municipal de Transportes e Trânsito; José Carlos Martinelli, Presidente da SP Trans; Antonio Raimundo Matias dos Santos (Ceará), representante Titular do Sindicato dos Motoristas e Trabalhadores nas Empresas de Táxi do Município de São Paulo – SIMTETAXIS; Marina Kohler Harkot, representante Titular dos Usuários Temáticos | Bicicleta; PAUTA  Apresentação do Secretário, Presidente da CET e Presidente da SP Trans;  Apresentação dos novos Conselheiros;  Informes Gerais;  Principais Projetos da Secretaria, CET e SP Trans;  Consulta ao CMTT sobre Projeto de Proteção ao Pedestre;  Projeto Piloto de Melhoria dos Corredores de Ônibus;  Regulamentação do Taxi Preto;  Marginal Segura;  Ações contra fraude na SPTrans;  Ajuste das Tarifas do Transporte Público;  Programa Estamos Juntos;  Palavra Livre e Debates;  Informes Finais;  Encerramento. [...] FALA 3 Interlocutor: João Octaviano Cargo: Presidente da CET Assunto da fala: Atuação da CET Apresentou os Diretores de Operações da CET, Milton Persoli e o Diretor de Planejamento, Sebastião Ricardo."
21_2017_Pleno_ordin_ata.pdf;21ª Reunião Ordinária;2017;Transporte Individual: Táxis;12;7.5;taxi, taxista;"MESA DIRETORA Sérgio Avelleda, Secretário Municipal de Mobilidade e Transportes; João Manoel Scudeler de Barros, Chefe de Gabinete da Secretaria de Mobilidade e Transportes; Irineu Gnecco Filho, Secretário Adjunto da Secretaria de Mobilidade e Transportes; João Octaviano Machado Neto, Presidente da CET e representante Titular no Conselho Municipal de Transportes e Trânsito; José Carlos Martinelli, Presidente da SP Trans; Antonio Raimundo Matias dos Santos (Ceará), representante Titular do Sindicato dos Motoristas e Trabalhadores nas Empresas de Táxi do Município de São Paulo – SIMTETAXIS; Marina Kohler Harkot, representante Titular dos Usuários Temáticos | Bicicleta; PAUTA  Apresentação do Secretário, Presidente da CET e Presidente da SP Trans;  Apresentação dos novos Conselheiros;  Informes Gerais;  Principais Projetos da Secretaria, CET e SP Trans;  Consulta ao CMTT sobre Projeto de Proteção ao Pedestre;  Projeto Piloto de Melhoria dos Corredores de Ônibus;  Regulamentação do Taxi Preto;  Marginal Segura;  Ações contra fraude na SPTrans;  Ajuste das Tarifas do Transporte Público;  Programa Estamos Juntos;  Palavra Livre e Debates;  Informes Finais;  Encerramento. [...] FALA 7 Interlocutor: Antonio dos Santos (Ceará) Cargo: Conselheiro Titular Operadores: SIMTETAXIS (Taxi) Assunto da fala: Taxi preto Parabenizou a nova Gestão."
21_2017_Pleno_ordin_ata.pdf;21ª Reunião Ordinária;2017;Transporte Público Coletivo;9;5.6;bilhete unico, onibus, sptrans;"MESA DIRETORA Sérgio Avelleda, Secretário Municipal de Mobilidade e Transportes; João Manoel Scudeler de Barros, Chefe de Gabinete da Secretaria de Mobilidade e Transportes; Irineu Gnecco Filho, Secretário Adjunto da Secretaria de Mobilidade e Transportes; João Octaviano Machado Neto, Presidente da CET e representante Titular no Conselho Municipal de Transportes e Trânsito; José Carlos Martinelli, Presidente da SP Trans; Antonio Raimundo Matias dos Santos (Ceará), representante Titular do Sindicato dos Motoristas e Trabalhadores nas Empresas de Táxi do Município de São Paulo – SIMTETAXIS; Marina Kohler Harkot, representante Titular dos Usuários Temáticos | Bicicleta; PAUTA  Apresentação do Secretário, Presidente da CET e Presidente da SP Trans;  Apresentação dos novos Conselheiros;  Informes Gerais;  Principais Projetos da Secretaria, CET e SP Trans;  Consulta ao CMTT sobre Projeto de Proteção ao Pedestre;  Projeto Piloto de Melhoria dos Corredores de Ônibus;  Regulamentação do Taxi Preto;  Marginal Segura;  Ações contra fraude na SPTrans;  Ajuste das Tarifas do Transporte Público;  Programa Estamos Juntos;  Palavra Livre e Debates;  Informes Finais;  Encerramento. [...] O sistema de Bilhete Único está carecendo de atualização em relação à segurança para evitar fraudes."
21_2017_Pleno_ordin_ata.pdf;21ª Reunião Ordinária;2017;Mobilidade Ativa: Bicicletas;8;5.0;bicicleta;"MESA DIRETORA Sérgio Avelleda, Secretário Municipal de Mobilidade e Transportes; João Manoel Scudeler de Barros, Chefe de Gabinete da Secretaria de Mobilidade e Transportes; Irineu Gnecco Filho, Secretário Adjunto da Secretaria de Mobilidade e Transportes; João Octaviano Machado Neto, Presidente da CET e representante Titular no Conselho Municipal de Transportes e Trânsito; José Carlos Martinelli, Presidente da SP Trans; Antonio Raimundo Matias dos Santos (Ceará), representante Titular do Sindicato dos Motoristas e Trabalhadores nas Empresas de Táxi do Município de São Paulo – SIMTETAXIS; Marina Kohler Harkot, representante Titular dos Usuários Temáticos | Bicicleta; PAUTA  Apresentação do Secretário, Presidente da CET e Presidente da SP Trans;  Apresentação dos novos Conselheiros;  Informes Gerais;  Principais Projetos da Secretaria, CET e SP Trans;  Consulta ao CMTT sobre Projeto de Proteção ao Pedestre;  Projeto Piloto de Melhoria dos Corredores de Ônibus;  Regulamentação do Taxi Preto;  Marginal Segura;  Ações contra fraude na SPTrans;  Ajuste das Tarifas do Transporte Público;  Programa Estamos Juntos;  Palavra Livre e Debates;  Informes Finais;  Encerramento. [...] FALA 2 Interlocutor: Marina Kohler Harkot Cargo: Conselheira Titular Usuários Temáticos: Bicicleta Assunto da fala: Paridade de Gênero Como será tratada a questão da paridade de gênero no Conselho Municipal de Transportes e Trânsito."
22_2017_Pleno_ordin_ata.pdf;22ª Reunião Ordinária;2017;Transporte Público Coletivo;27;25.5;bilhete unico, onibus, sptrans, transporte coletivo;"MESA DIRETORA Sérgio Avelleda, Secretário Municipal de Mobilidade e Transportes; João Manoel Scudeler de Barros, Chefe de Gabinete da Secretaria de Mobilidade e Transportes; José Carlos Martinelli, diretor-presidente da SPTrans; João Octaviano Machado Neto, Presidente da CET e representante Titular no Conselho Municipal de Transportes e Trânsito; José Carlos Martinelli, Presidente da SP Trans; Maria Ermelina Brosch Malatesta, representante Titular dos Usuários Temáticos | Idosos; Nancy Schneider, Superintendente de Planejamento e Projetos da CET; Maria de Lourdes Rodrigues (Lurdinha), titular da Bancada de Operadores do Serviço de Transporte – Entidade “Sindicato dos Transportadores Autônomos de Escolares e das Microempresas de Transp. [...] • Avaliação da solicitação de criação da Câmara Temática do Transporte Escolar • Melhoria dos Corredores de Ônibus • Bilhete Único – Combate à fraude • Táxi Preto • Palavra Aberta e Informes finais • Encerramento FALA 1 Interlocutor: Sérgio Avelleda Cargo: Secretário de Mobilidade e Transportes Assunto da fala: Agradecimentos e apresentações A reunião começou com os agradecimentos do secretário, seguido de especial agradecimento ao Sindicato dos Engenheiros no Estado de São Paulo pela cessão do espaço e infraestrutura para a realização do encontro."
22_2017_Pleno_ordin_ata.pdf;22ª Reunião Ordinária;2017;Estrutura e Organização da Rede Viária;20;18.9;cet, corredor, faixa exclusiva, via;"MESA DIRETORA Sérgio Avelleda, Secretário Municipal de Mobilidade e Transportes; João Manoel Scudeler de Barros, Chefe de Gabinete da Secretaria de Mobilidade e Transportes; José Carlos Martinelli, diretor-presidente da SPTrans; João Octaviano Machado Neto, Presidente da CET e representante Titular no Conselho Municipal de Transportes e Trânsito; José Carlos Martinelli, Presidente da SP Trans; Maria Ermelina Brosch Malatesta, representante Titular dos Usuários Temáticos | Idosos; Nancy Schneider, Superintendente de Planejamento e Projetos da CET; Maria de Lourdes Rodrigues (Lurdinha), titular da Bancada de Operadores do Serviço de Transporte – Entidade “Sindicato dos Transportadores Autônomos de Escolares e das Microempresas de Transp. [...] • Avaliação da solicitação de criação da Câmara Temática do Transporte Escolar • Melhoria dos Corredores de Ônibus • Bilhete Único – Combate à fraude • Táxi Preto • Palavra Aberta e Informes finais • Encerramento FALA 1 Interlocutor: Sérgio Avelleda Cargo: Secretário de Mobilidade e Transportes Assunto da fala: Agradecimentos e apresentações A reunião começou com os agradecimentos do secretário, seguido de especial agradecimento ao Sindicato dos Engenheiros no Estado de São Paulo pela cessão do espaço e infraestrutura para a realização do encontro."
22_2017_Pleno_ordin_ata.pdf;22ª Reunião Ordinária;2017;Composição e Governança do Conselho;13;12.3;conselheiro, conselho, representante;"RELATÓRIO DA 22ª REUNIÃO DO CONSELHO MUNICIPAL DE TRANSPORTES E TRÂNSITO Local: Auditório do Sindicato dos Engenheiros no Estado de São Paulo Data: 16/02/2017 Hora: 8h30-12h Participantes: 12 (doze) titulares e 6 (seis) suplentes da Bancada “Órgãos Municipais”; 11 (onze) titulares e 8 (oito) suplentes da Bancada “Usuários Temáticos e Regionais”; 8 (oito) titulares e 4 (quatro) suplentes da Bancada “Operadores do Serviço de Transporte”; 54 (cinquenta e quatro) convidados gerais. [...] MESA DIRETORA Sérgio Avelleda, Secretário Municipal de Mobilidade e Transportes; João Manoel Scudeler de Barros, Chefe de Gabinete da Secretaria de Mobilidade e Transportes; José Carlos Martinelli, diretor-presidente da SPTrans; João Octaviano Machado Neto, Presidente da CET e representante Titular no Conselho Municipal de Transportes e Trânsito; José Carlos Martinelli, Presidente da SP Trans; Maria Ermelina Brosch Malatesta, representante Titular dos Usuários Temáticos | Idosos; Nancy Schneider, Superintendente de Planejamento e Projetos da CET; Maria de Lourdes Rodrigues (Lurdinha), titular da Bancada de Operadores do Serviço de Transporte – Entidade “Sindicato dos Transportadores Autônomos de Escolares e das Microempresas de Transp."
22_2017_Pleno_ordin_ata.pdf;22ª Reunião Ordinária;2017;Transporte Escolar e Fretamento;12;11.3;escolar;"MESA DIRETORA Sérgio Avelleda, Secretário Municipal de Mobilidade e Transportes; João Manoel Scudeler de Barros, Chefe de Gabinete da Secretaria de Mobilidade e Transportes; José Carlos Martinelli, diretor-presidente da SPTrans; João Octaviano Machado Neto, Presidente da CET e representante Titular no Conselho Municipal de Transportes e Trânsito; José Carlos Martinelli, Presidente da SP Trans; Maria Ermelina Brosch Malatesta, representante Titular dos Usuários Temáticos | Idosos; Nancy Schneider, Superintendente de Planejamento e Projetos da CET; Maria de Lourdes Rodrigues (Lurdinha), titular da Bancada de Operadores do Serviço de Transporte – Entidade “Sindicato dos Transportadores Autônomos de Escolares e das Microempresas de Transp. [...] de Escolares do Estado de São Paulo – SIMETESP”; Adilson Amadeu, vereador (PTB-SP)."
22_2017_Pleno_ordin_ata.pdf;22ª Reunião Ordinária;2017;Segurança Viária;8;7.5;morte, seguranca, velocidade;"Estruturadas em sete eixos (Estruturação e qualificação da rede de mobilidade a pé, Transporte público coletivo, Expansão e qualificação da rede cicloviária, Redução de mortes no trânsito, Emissões do setor de transportes, Participação e controle social e Ruas Abertas), essas contribuições foram apresentadas no formato de “meta fim” e “metas meio”. [...] Os principais objetivos dessa Câmara são: - Acompanhar e contribuir para o PlanMob; - Acompanhar e contribuir em conjunto com a CET nos estudos de implantação de áreas específicas para estacionamento de veículos de transporte escolar junto às instituições de ensino, para operação de embarque e desembarque de alunos; - Elaboração e contribuição de estudos para aprimorar a gestão do sistema de Transporte Escolar Gratuito – TEG; - Realizar estudos que visem ao incentivo da utilização do transporte escolar, com intuito de melhorar o acesso das crianças ao ensino, redução do trânsito e melhoria na qualidade do ar da nossa cidade; - Elaboração de estudos em conjunto com a CET para aprimorar o tráfego e a fiscalização dos veículos de transporte escolar nas faixas exclusivas de ônibus; - Contribuir com estudos para campanha de conscientização da segurança do uso do Transporte Escolar Regularizado e combate ao transporte clandestino; - Contribuir com a elaboração de estudos em conjunto com o Departamento de Transporte Público (DTP), para certificar e definir a quantidade e qualidade da prestação de serviços do transporte escolar."
22_2017_Pleno_ordin_ata.pdf;22ª Reunião Ordinária;2017;Transporte Individual: Táxis;8;7.5;dtp, taxi, taxista;"• Avaliação da solicitação de criação da Câmara Temática do Transporte Escolar • Melhoria dos Corredores de Ônibus • Bilhete Único – Combate à fraude • Táxi Preto • Palavra Aberta e Informes finais • Encerramento FALA 1 Interlocutor: Sérgio Avelleda Cargo: Secretário de Mobilidade e Transportes Assunto da fala: Agradecimentos e apresentações A reunião começou com os agradecimentos do secretário, seguido de especial agradecimento ao Sindicato dos Engenheiros no Estado de São Paulo pela cessão do espaço e infraestrutura para a realização do encontro. [...] Os principais objetivos dessa Câmara são: - Acompanhar e contribuir para o PlanMob; - Acompanhar e contribuir em conjunto com a CET nos estudos de implantação de áreas específicas para estacionamento de veículos de transporte escolar junto às instituições de ensino, para operação de embarque e desembarque de alunos; - Elaboração e contribuição de estudos para aprimorar a gestão do sistema de Transporte Escolar Gratuito – TEG; - Realizar estudos que visem ao incentivo da utilização do transporte escolar, com intuito de melhorar o acesso das crianças ao ensino, redução do trânsito e melhoria na qualidade do ar da nossa cidade; - Elaboração de estudos em conjunto com a CET para aprimorar o tráfego e a fiscalização dos veículos de transporte escolar nas faixas exclusivas de ônibus; - Contribuir com estudos para campanha de conscientização da segurança do uso do Transporte Escolar Regularizado e combate ao transporte clandestino; - Contribuir com a elaboração de estudos em conjunto com o Departamento de Transporte Público (DTP), para certificar e definir a quantidade e qualidade da prestação de serviços do transporte escolar."
22_2017_Pleno_ordin_ata.pdf;22ª Reunião Ordinária;2017;Mobilidade Ativa: Acessibilidade e Pedestres;6;5.7;acessibilidade, cadeirante, pedestre;FALA 5 Interlocutor: José Carlos Martinelli Cargo: Presidente da SPTrans Assunto da fala: Melhoria dos Corredores de Ônibus Pontuou um “trabalho prioritário” a ser feito pela atual gestão que é o de transformar os terminais e postos de atendimento da São Paulo Transporte, provendo-os de acessibilidade para quem precisa, ou seja, pessoas portadoras de deficiências e necessidades especiais. [...] FALA 7 Interlocutor: Dalva Laura Santana Cargo: Conselheira Suplente Usuários Regionais: Região Leste Assunto da fala: Condições dos terminais Reclamou do estado do Terminal e faixas de pedestre do bairro de Guaianases, solicitando atenção tanto da SPTrans quanto da CET para com essa região.
23_2017_Pleno_ordin_ata.pdf;23ª Reunião Ordinária;2017;Mobilidade Ativa: Acessibilidade e Pedestres;44;28.0;acessibilidade, cadeirante, calcada, pedestre;PAUTA • Recepção dos conselheiros e convidados • Abertura • Maio Amarelo 2017 • Plano de Metas • Acessibilidade • Planejamento Cicloviário • Palavra Aberta e Informes finais • Encerramento FALA 1 Interlocutor: João Manuel de Barros Cargo: Chefe de Gabinete da SMT Assunto da fala: Agradecimentos e apresentações Agradeceu imensamente ao CRC pela cessão do espaço e infraestrutura para a realização do encontro. [...] FALA 3 Interlocutor: Cid Torquato Cargo: Secretário da Pessoa com Deficiência Assunto da fala: Saudação e alinhamento das agendas de SMT e SMPED Fez uma saudação, agradecendo o convite para participar da reunião e ressaltando que a pauta da Acessibilidade é complexa, impondo o desafio de mudar a estrutura da cidade de São Paulo.
23_2017_Pleno_ordin_ata.pdf;23ª Reunião Ordinária;2017;Segurança Viária;24;15.3;acidente, atropelamento, morte, seguranca, velocidade;Na capital paulista, são 2,7 mortes por dia, das quais ao menos um pedestre e um motociclista. [...] O dia 31/05 foi anunciado como o Dia D, quando se pretende ter um dia, na cidade de São Paulo, sem acidentes com vítimas no trânsito.
23_2017_Pleno_ordin_ata.pdf;23ª Reunião Ordinária;2017;Composição e Governança do Conselho;22;14.0;conselheiro, conselho, mandato, representante;RELATÓRIO DA 23ª REUNIÃO DO CONSELHO MUNICIPAL DE TRANSPORTES E TRÂNSITO Local: Auditório do Conselho Regional de Contabilidade de São Paulo Data: 27/04/2017 Hora: 8h30-12h Participantes: 23 (vinte e três) conselheiros titulares e 24 (vinte e quatro) suplentes 64 (sessenta e quatro) convidados gerais. [...] PAUTA • Recepção dos conselheiros e convidados • Abertura • Maio Amarelo 2017 • Plano de Metas • Acessibilidade • Planejamento Cicloviário • Palavra Aberta e Informes finais • Encerramento FALA 1 Interlocutor: João Manuel de Barros Cargo: Chefe de Gabinete da SMT Assunto da fala: Agradecimentos e apresentações Agradeceu imensamente ao CRC pela cessão do espaço e infraestrutura para a realização do encontro.
23_2017_Pleno_ordin_ata.pdf;23ª Reunião Ordinária;2017;Estrutura e Organização da Rede Viária;17;10.8;asfalto, cet, corredor, semaforo, via;"2) Sobre a greve geral prevista para o dia seguinte, Avelleda informou as medidas que seriam adotadas num plano de contingência: liberação do rodízio, da Zona Azul, das faixas exclusivas de ônibus à direita para circulação de qualquer veículo durante todo o dia; os corredores de ônibus à esquerda, liberados apenas para táxis, transporte escolar e veículos com 2 ou mais passageiros. [...] FALA 4 Interlocutor: Sérgio Avelleda Cargo: Secretário de Mobilidade e Transportes Assunto da fala: Maio Amarelo Após cumprimentar as diretorias da SPTrans, SMT e CET, Avelleda convocou a gerente de Marketing e Comunicação da CET, Renata Montenegro de Menezes, para apresentar o primeiro item da pauta: a adesão ao Movimento Maio Amarelo."
23_2017_Pleno_ordin_ata.pdf;23ª Reunião Ordinária;2017;Transporte Público Coletivo;17;10.8;metro, onibus, sptrans, terminal, transporte coletivo;"2) Sobre a greve geral prevista para o dia seguinte, Avelleda informou as medidas que seriam adotadas num plano de contingência: liberação do rodízio, da Zona Azul, das faixas exclusivas de ônibus à direita para circulação de qualquer veículo durante todo o dia; os corredores de ônibus à esquerda, liberados apenas para táxis, transporte escolar e veículos com 2 ou mais passageiros. [...] Vários dos projetos, nesse campo, passam pela questão dos transportes: ônibus [acessíveis], Atende, táxis, intermodalidade."
23_2017_Pleno_ordin_ata.pdf;23ª Reunião Ordinária;2017;Mobilidade Ativa: Bicicletas;16;10.2;bicicleta, bike, ciclista, ciclovia;"PAUTA • Recepção dos conselheiros e convidados • Abertura • Maio Amarelo 2017 • Plano de Metas • Acessibilidade • Planejamento Cicloviário • Palavra Aberta e Informes finais • Encerramento FALA 1 Interlocutor: João Manuel de Barros Cargo: Chefe de Gabinete da SMT Assunto da fala: Agradecimentos e apresentações Agradeceu imensamente ao CRC pela cessão do espaço e infraestrutura para a realização do encontro. [...] Prédios e monumentos públicos iluminados de amarelo; a fachada da CET Barão com laço amarelo gigante; e uma intensa programação, no mês de maio, será realizada para conscientizar pedestres, ciclistas, motociclistas e condutores de carros, ônibus e caminhões."
24_2017_Pleno_ordin_ata.pdf;24ª Reunião Ordinária;2017;Transporte Público Coletivo;73;48.0;bilhete unico, frota, metro, onibus, sptrans, transporte coletivo;"MESA DIRETORA Sérgio Avelleda, Secretário Municipal de Mobilidade e Transportes; João Manoel Scudeler de Barros, Chefe de Gabinete da Secretaria de Mobilidade e Transportes; Irineu Gnecco Filho, Secretário Adjunto da Secretaria Municipal de Mobilidade e Transportes; João Octaviano Machado Neto, Presidente da CET; José Carlos Martinelli, Presidente da SPTrans; Ricardo Auriemma, Conselheiro Titular da ADETAX – Associação das Empresas de Táxi de Frota do Município de São Paulo; Cristina Maria Soja, Conselheira Suplente da CET; Carolina Vianna Jacob, Assessoria Jurídica da São Paulo Transporte S/A – SPTrans; Rafael Del Mônaco Ferreira, Coordenação Executiva e Usuário Regional Centro. [...] FALA 1 Interlocutor: Sérgio Avelleda Cargo: Secretário de Mobilidade e Transportes Assunto da fala: Agradecimentos e apresentações Cumprimentou os presentes, a mesa diretora, agradeceu a presença de todos e dos Conselheiros; anunciou que a pauta seria exclusiva; falariam sobre a Licitação para Outorga da Concessão do Serviço de Transporte Público de Passageiros na Cidade de São Paulo e passou a palavra para os Presidentes da CET e da SPTrans."
24_2017_Pleno_ordin_ata.pdf;24ª Reunião Ordinária;2017;Composição e Governança do Conselho;34;22.4;conselheiro, conselho, eleic, representante;"RELATÓRIO DA 24ª REUNIÃO DO CONSELHO MUNICIPAL DE TRANSPORTES E TRÂNSITO Local: Auditório do Sindicato dos Engenheiros – SP (Rua Genebra, 25) Data: 24/05/2017 Hora: 9h-12h Participantes: sete (7) Conselheiros Titulares e um (1) Conselheiro Suplente dos Operadores do Serviço de Transporte; cinco (5) Conselheiros Titulares e cinco (5) Suplentes Temáticos; nove (9) Conselheiros Titulares e oito (8) Suplentes dos Órgãos Municipais e 44 (quarenta e quatro) convidados gerais. [...] MESA DIRETORA Sérgio Avelleda, Secretário Municipal de Mobilidade e Transportes; João Manoel Scudeler de Barros, Chefe de Gabinete da Secretaria de Mobilidade e Transportes; Irineu Gnecco Filho, Secretário Adjunto da Secretaria Municipal de Mobilidade e Transportes; João Octaviano Machado Neto, Presidente da CET; José Carlos Martinelli, Presidente da SPTrans; Ricardo Auriemma, Conselheiro Titular da ADETAX – Associação das Empresas de Táxi de Frota do Município de São Paulo; Cristina Maria Soja, Conselheira Suplente da CET; Carolina Vianna Jacob, Assessoria Jurídica da São Paulo Transporte S/A – SPTrans; Rafael Del Mônaco Ferreira, Coordenação Executiva e Usuário Regional Centro."
24_2017_Pleno_ordin_ata.pdf;24ª Reunião Ordinária;2017;Estrutura e Organização da Rede Viária;10;6.6;cet, via;"MESA DIRETORA Sérgio Avelleda, Secretário Municipal de Mobilidade e Transportes; João Manoel Scudeler de Barros, Chefe de Gabinete da Secretaria de Mobilidade e Transportes; Irineu Gnecco Filho, Secretário Adjunto da Secretaria Municipal de Mobilidade e Transportes; João Octaviano Machado Neto, Presidente da CET; José Carlos Martinelli, Presidente da SPTrans; Ricardo Auriemma, Conselheiro Titular da ADETAX – Associação das Empresas de Táxi de Frota do Município de São Paulo; Cristina Maria Soja, Conselheira Suplente da CET; Carolina Vianna Jacob, Assessoria Jurídica da São Paulo Transporte S/A – SPTrans; Rafael Del Mônaco Ferreira, Coordenação Executiva e Usuário Regional Centro. [...] FALA 1 Interlocutor: Sérgio Avelleda Cargo: Secretário de Mobilidade e Transportes Assunto da fala: Agradecimentos e apresentações Cumprimentou os presentes, a mesa diretora, agradeceu a presença de todos e dos Conselheiros; anunciou que a pauta seria exclusiva; falariam sobre a Licitação para Outorga da Concessão do Serviço de Transporte Público de Passageiros na Cidade de São Paulo e passou a palavra para os Presidentes da CET e da SPTrans."
24_2017_Pleno_ordin_ata.pdf;24ª Reunião Ordinária;2017;Mobilidade Urbana: Organização Geral e Prestação de Contas;10;6.6;custos, subsidio, tarifa;"Disse que deveria haver representatividade daquelas categorias, que era fácil acusarem, darem outras soluções, mas que ninguém dizia nada sobre os custos. [...] Falou que a cidade tinha frota verde, que era no ônibus, no táxi, no caminhão, mas que ninguém sustentava ao poder de bateria, etc; que não tinham subsídio para trocar a frota, não havia isenção."
24_2017_Pleno_ordin_ata.pdf;24ª Reunião Ordinária;2017;Motocicletas e Motofrete;10;6.6;moto;"FALA 4 Interlocutor: Sérgio Avelleda Cargo: Secretário de Mobilidade e Transportes Assunto da fala: Câmara Temática de Motocicletas e introdução ao tema Antes de entrar no assunto disse que na reunião anterior foi analisada a possiblidade de representação dos motociclistas. [...] Quanto ao CCO, disse haver um problema muito sério, pois não havia projeto básico; que era necessário saber qual o tipo de CCO que se almejava, que estavam fazendo uma licitação para contratar operadores e que já existia a premissa de que a SPTrans não era a operadora, que ela não era como a antiga CMTC, que ela não tinha o ônibus, que ela não dava ordem ao motorista, mas sim, que ela tinha o papel de reguladora, controladora e fiscalizadora."
25_2017_Pleno_ordin_ata.pdf;25ª Reunião Ordinária;2017;Mobilidade Ativa: Bicicletas;69;39.9;bicicleta, bike, ciclista, ciclofaixa, ciclovia;"MESA DIRETORA Sérgio Avelleda, Secretário Municipal de Mobilidade e Transportes; João Manoel Scudeler de Barros, Chefe de Gabinete da Secretaria de Mobilidade e Transportes; Irineu Gnecco Filho, Secretário Adjunto da Secretaria Municipal de Mobilidade e Transportes; João Octaviano Machado Neto, Presidente da CET; Milton Roberto Persoli, Diretor de Operações da CET; Nancy Reis Schneider, Superintendente de Planejamento e Projetos da CET; Marina Kohler Harkot, Titular representante do segmento Bicicleta; Selma Strublic, Titular representante da SPTrans; Suzana Nogueira, Responsável pelo Departamento de Planejamento de Modos Ativos da CET. [...] PAUTA Recepção dos conselheiros e convidados Abertura Planejamento Cicloviário Palavra Aberta e Informes finais Encerramento FALA 1 Interlocutor: Sérgio Avelleda Cargo: Secretário de Mobilidade e Transportes Assunto da fala: Abertura e Estatuto do Pedestre Iniciou a reunião comemorando a recente sanção, pelo prefeito João Doria, do Estatuto do Pedestre: “Celebro a vitória dos pedestres de São Paulo com a aprovação desse Estatuto, uma das mais modernas legislações a esse respeito."
25_2017_Pleno_ordin_ata.pdf;25ª Reunião Ordinária;2017;Transporte Público Coletivo;30;17.3;metro, onibus, sptrans, transporte coletivo;"MESA DIRETORA Sérgio Avelleda, Secretário Municipal de Mobilidade e Transportes; João Manoel Scudeler de Barros, Chefe de Gabinete da Secretaria de Mobilidade e Transportes; Irineu Gnecco Filho, Secretário Adjunto da Secretaria Municipal de Mobilidade e Transportes; João Octaviano Machado Neto, Presidente da CET; Milton Roberto Persoli, Diretor de Operações da CET; Nancy Reis Schneider, Superintendente de Planejamento e Projetos da CET; Marina Kohler Harkot, Titular representante do segmento Bicicleta; Selma Strublic, Titular representante da SPTrans; Suzana Nogueira, Responsável pelo Departamento de Planejamento de Modos Ativos da CET. [...] “Mesmo em relação ao Plano de Mobilidade [PlanMob 2015-2030], a gente sabe que há algumas questões ali que podem ser, sim, revistas.” FALA 4 Interlocutor: Mauro Ramon Cargo: Convidado Assunto da fala: Audiências Públicas Faz observações sobre as audiências públicas a serem realizadas nas Prefeituras Regionais para consolidar o edital de licitação do transporte coletivo."
25_2017_Pleno_ordin_ata.pdf;25ª Reunião Ordinária;2017;Composição e Governança do Conselho;23;13.3;conselheiro, conselho, representante;"RELATÓRIO DA 25ª REUNIÃO DO CONSELHO MUNICIPAL DE TRÂNSITO E TRANSPORTES Local: Auditório do Sindicato dos Engenheiros no Estado de São Paulo Rua Genebra, 25, Bela Vista, São Paulo Data: 22/06/2017 Hora: 9h-12h Participantes: 31 Conselheiros e 28 convidados. [...] MESA DIRETORA Sérgio Avelleda, Secretário Municipal de Mobilidade e Transportes; João Manoel Scudeler de Barros, Chefe de Gabinete da Secretaria de Mobilidade e Transportes; Irineu Gnecco Filho, Secretário Adjunto da Secretaria Municipal de Mobilidade e Transportes; João Octaviano Machado Neto, Presidente da CET; Milton Roberto Persoli, Diretor de Operações da CET; Nancy Reis Schneider, Superintendente de Planejamento e Projetos da CET; Marina Kohler Harkot, Titular representante do segmento Bicicleta; Selma Strublic, Titular representante da SPTrans; Suzana Nogueira, Responsável pelo Departamento de Planejamento de Modos Ativos da CET."
25_2017_Pleno_ordin_ata.pdf;25ª Reunião Ordinária;2017;Estrutura e Organização da Rede Viária;21;12.1;cet, corredor, faixa exclusiva, recapeamento, semaforo, via;"MESA DIRETORA Sérgio Avelleda, Secretário Municipal de Mobilidade e Transportes; João Manoel Scudeler de Barros, Chefe de Gabinete da Secretaria de Mobilidade e Transportes; Irineu Gnecco Filho, Secretário Adjunto da Secretaria Municipal de Mobilidade e Transportes; João Octaviano Machado Neto, Presidente da CET; Milton Roberto Persoli, Diretor de Operações da CET; Nancy Reis Schneider, Superintendente de Planejamento e Projetos da CET; Marina Kohler Harkot, Titular representante do segmento Bicicleta; Selma Strublic, Titular representante da SPTrans; Suzana Nogueira, Responsável pelo Departamento de Planejamento de Modos Ativos da CET. [...] FALA 2 Interlocutor: Suzana Nogueira Cargo: Departamento de Planejamento de Modos Ativos da CET Assunto da fala: Apresentação do Planejamento da Rede Cicloviária Estrutural Apresenta o planejamento da rede cicloviária estrutural, composta por elementos que envolvem uma política voltada para as bicicletas."
25_2017_Pleno_ordin_ata.pdf;25ª Reunião Ordinária;2017;Mobilidade Ativa: Acessibilidade e Pedestres;16;9.2;acessibilidade, cadeirante, calcada, pedestre;PAUTA Recepção dos conselheiros e convidados Abertura Planejamento Cicloviário Palavra Aberta e Informes finais Encerramento FALA 1 Interlocutor: Sérgio Avelleda Cargo: Secretário de Mobilidade e Transportes Assunto da fala: Abertura e Estatuto do Pedestre Iniciou a reunião comemorando a recente sanção, pelo prefeito João Doria, do Estatuto do Pedestre: “Celebro a vitória dos pedestres de São Paulo com a aprovação desse Estatuto, uma das mais modernas legislações a esse respeito. [...] O desafio que está dado a nós da SMT e também a este Conselho é a concretização do Estatuto do Pedestre.” Avelleda lembrou que, antes mesmo da sanção, a Secretaria já havia começado a trabalhar pela priorização do pedestre, com o anúncio do Programa Pedestre Seguro.
27_2017_Pleno_ordin_ata.pdf;27ª Reunião Ordinária;2017;Composição e Governança do Conselho;8;36.4;conselheiro, conselho, representante;Relatório da 27ª Reunião Ordinária do Conselho Municipal de Transporte e Trânsito – CMTT Data: 17/08/2017 | Local: Auditório do Sindicato dos Engenheiros no Estado de SP Programação:  Recepção dos conselheiros e convidados  Abertura  Planejamento da Concessão dos Terminais Urbanos  Palavra Aberta e Informes finais  Encerramento A 27ª. [...] reunião do CMTT contou com a participação de 28 conselheiros e 31 convidados.
27_2017_Pleno_ordin_ata.pdf;27ª Reunião Ordinária;2017;Transporte Público Coletivo;8;36.4;onibus, sptrans, terminal;"O presidente do CMTT, o Secretário Sérgio Avelleda, compôs a mesa:  Sérgio Avelleda, Secretário Municipal de Mobilidade e Transportes;  João Manoel Scudeler de Barros, Chefe de Gabinete da SMT;  João Octaviano Machado Neto, Presidente da CET;  Edson Caran, Diretor do DSV;  Selma Strublic, titular representante da SPTrans;  Carlos Leite, SP Urbanismo;  Eduardo Carvalho, SP Urbanismo;  Donay da Silva Jacinto Neto, titular representante da SIMETESP;  Rafael Del Monaco D. [...] Avelleda esclarece que a SPTrans não abrirá mão da operação do terminal ter uma lógica da visão pública."
27_2017_Pleno_ordin_ata.pdf;27ª Reunião Ordinária;2017;Transporte Escolar e Fretamento;2;9.1;escolar;Donay comenta ter uma preocupação muito pertinente às micro-relações com os terminais de ônibus da cidade no que diz respeito aos taxis, bicicletários e transporte escolar. [...] Dando como exemplo seu setor que para muitos adolescentes é só um dos meios utilizados, tendo em vista que seu desembarque é em algum terminal, facilitando sua chegada em casa, pois a distância muitas vezes é grande para só se utilizar o transporte escolar, e hoje esse desembarque acontece na parte externa dos terminais.
28_2017_Pleno_ordin_ata.pdf;28ª Reunião Ordinária;2017;Transporte Público Coletivo;7;25.0;onibus;Gabriela Vuolo (Suplente da região Oeste) traz dados em relação aos ônibus e diz que a secretaria deve rever esses dados e repensar o edital de licitação. [...] Considera a pesquisa apresentada, e comenta sobre a campanha do abuso sexual nos transportes públicos, que envolve CPTM, metrô e ônibus.
28_2017_Pleno_ordin_ata.pdf;28ª Reunião Ordinária;2017;Estrutura e Organização da Rede Viária;6;21.4;cet, corredor, semaforo;"Compôs a mesa:  Irineu Gnecco Filho, secretário adjunto municipal de Mobilidade e Transportes;  João Manoel Scudeler de Barros, chefe de gabinete da SMT;  Edson Caran, Diretor do DSV;  Renata, Coordenadora de Marketing da SMT;  Guilherme Mendes, Controlador Geral do Município;  Heloisa Helena de Mello Martins, Gerente de Segurança de Tráfego CET;  Glaucia Guimarães, Cidadeapé. [...] E Heloisa finaliza as apresentações mostrando as ações operacionais da CET."
28_2017_Pleno_ordin_ata.pdf;28ª Reunião Ordinária;2017;Composição e Governança do Conselho;5;17.9;conselheiro, conselho;Relatório da 28ª Reunião Ordinária do Conselho Municipal de Transporte e Trânsito – CMTT Data: 28/09/2017 | Local: Auditório do Sindicato dos Engenheiros no Estado de SP Programação:  Recepção dos conselheiros e convidados  Abertura  Apresentações  Palavra Aberta e Informes finais  Encerramento A 28ª. [...] reunião do CMTT contou com a participação de 23 conselheiros e 24 convidados.
28_2017_Pleno_ordin_ata.pdf;28ª Reunião Ordinária;2017;Mobilidade Ativa: Acessibilidade e Pedestres;3;10.7;acessibilidade, pedestre;Marcos Galere faz observação sobre a questão dos pedestres, acha interessante abordar mais sobre mobilidade nas escolas. [...] Mity (Titular da região Oeste) comenta sobre o tempo semafórico não ser suficiente para a travessia de idosos na faixa de pedestre.
28_2017_Pleno_ordin_ata.pdf;28ª Reunião Ordinária;2017;Segurança Viária;2;7.1;acidente, seguranca;"Compôs a mesa:  Irineu Gnecco Filho, secretário adjunto municipal de Mobilidade e Transportes;  João Manoel Scudeler de Barros, chefe de gabinete da SMT;  Edson Caran, Diretor do DSV;  Renata, Coordenadora de Marketing da SMT;  Guilherme Mendes, Controlador Geral do Município;  Heloisa Helena de Mello Martins, Gerente de Segurança de Tráfego CET;  Glaucia Guimarães, Cidadeapé. [...] Sandra Ramalhoso diz que não há um dado de acidentes de pessoas com deficiência."
28_2017_Pleno_ordin_ata.pdf;28ª Reunião Ordinária;2017;Motocicletas e Motofrete;2;7.1;moto;Informa que existe um cartaz com a informação do numero 190 para denúncia, e que os motoristas e cobradores também dão essa orientação. [...] Rafael Del Monaco (Suplente do Centro) questiona o processo de avaliação das atividades periódicas, e acha pertinente estarem alinhadas com os limites de estacionamentos, pois fechando a rua os estacionamentos acabam pressionando os motoristas a infringirem as regras e entrarem em ruas fechadas.
28_2017_Pleno_ordin_ata.pdf;28ª Reunião Ordinária;2017;Transporte Individual: Aplicativos;2;7.1;aplicativo;Selma complementa a reclamação em relação aos ônibus dizendo que hoje em dia os aplicativos auxiliam o munícipe no tempo de espera dos ônibus. [...] Bibiana (Conselheira da Zona Norte) da sugestão para que aplicativos sejam usados também com outros modais, não apenas carros.
29_2017_Pleno_ordin_ata.pdf;29ª Reunião Ordinária;2017;Transporte Público Coletivo;10;37.0;onibus, sptrans, terminal;"Mesa Diretora:  Sérgio Avelleda, Secretário de Mobilidade e Transportes;  João Manoel Scudeler de Barros, Chefe de Gabinete da Secretaria de Mobilidade e Transportes;  Daphne Savoy - CET  Maria Olívia – SPTrans;  Christina Borges – SPTrans;  Rozaque Gomes Vieira, representando o Prefeito Regional do Jaçanã;  Rafael Calábria – IDEC. [...] Avelleda – fez uma introdução sobre o Sistema de Mobilidade na Cidade e convidou para falar:  Maria Olívia, SPtrans, que apresentou a previsão do sistema de transporte coletivo para a zona norte; diretrizes gerais sobre o PlaMobi (dependerá de recursos); terminal Tucuruvi (responsável metrô);  Leonara, SPtrans, fez um resumo das principais solicitações e reclamações 2017 (Ouvidoria SMT-CET-SPtrans)."
29_2017_Pleno_ordin_ata.pdf;29ª Reunião Ordinária;2017;Estrutura e Organização da Rede Viária;6;22.2;cet, corredor;"Mesa Diretora:  Sérgio Avelleda, Secretário de Mobilidade e Transportes;  João Manoel Scudeler de Barros, Chefe de Gabinete da Secretaria de Mobilidade e Transportes;  Daphne Savoy - CET  Maria Olívia – SPTrans;  Christina Borges – SPTrans;  Rozaque Gomes Vieira, representando o Prefeito Regional do Jaçanã;  Rafael Calábria – IDEC. [...] Avelleda – fez uma introdução sobre o Sistema de Mobilidade na Cidade e convidou para falar:  Maria Olívia, SPtrans, que apresentou a previsão do sistema de transporte coletivo para a zona norte; diretrizes gerais sobre o PlaMobi (dependerá de recursos); terminal Tucuruvi (responsável metrô);  Leonara, SPtrans, fez um resumo das principais solicitações e reclamações 2017 (Ouvidoria SMT-CET-SPtrans)."
29_2017_Pleno_ordin_ata.pdf;29ª Reunião Ordinária;2017;Composição e Governança do Conselho;3;11.1;conselheiro, conselho;"Relatório da 29ª Reunião Ordinária do Conselho Municipal de Transportes e Trânsito - CMTT Data: 31/10/2017 Horário: 19h às 21h30 Local: Auditório da Prefeitura Regional Santana-Tucuruvi Pauta: Sistema de Mobilidade na Cidade de São Paulo (foco Zona Norte) e assuntos diversos da região. [...] A 29ª reunião do CMTT contou com a participação de 7 (sete) Conselheiros Titulares e 2 (dois) Suplentes (Órgãos Municipais); 4 (quatro) Conselheiros Suplentes (Usuários Temáticos) e 37 (trinta e sete) convidados gerais."
29_2017_Pleno_ordin_ata.pdf;29ª Reunião Ordinária;2017;Mobilidade Ativa: Acessibilidade e Pedestres;3;11.1;pedestre;"Avelleda – prosseguiu com a apresentação falando sobre a importância da Segurança no Trânsito; do comportamento de motoristas (veículos/motos), ciclistas e pedestres e a responsabilidade de cada qual; da epidemia de acidentes no Brasil (45 mil acidentes/ano) e da importância no investimento das políticas públicas voltadas para o pedestre (redesenhar a cidade). [...] PR Jaçanã) – demandas diversas tais como mudança de mão de direção; faixas de pedestres apagadas; farol; carros nas calçadas, etc."
29_2017_Pleno_ordin_ata.pdf;29ª Reunião Ordinária;2017;Transporte Individual: Aplicativos;2;7.4;app;"Cachoeirinha/Barra Funda;  Grande número de “apagões”, app “olho vivo” (Maria Olívia, SPTrans pegou o contato dele para conversarem). [...] Selma – comentou rapidamente os problemas de monitoramento do app “olho vivo”."
30_2017_Pleno_ordin_ata.pdf;30ª Reunião Ordinária;2017;Mobilidade Urbana: Organização Geral e Prestação de Contas;8;33.3;orcament, planmob, tarifa;Relatório da 30ª Reunião ordinária do Conselho Municipal de Transporte e Trânsito – CMTT Data: 23/11/2017 | Local: Auditório do Sindicato dos Engenheiros no Estado de SP Programação: • Recepção dos conselheiros e convidados • Abertura • Pauta: Orçamento SMT e Movimento Trânsito Seguro • Palavra Aberta e Informes finais • Encerramento A 30ª. [...] Logo em seguida passa para um dos assuntos da pauta, apresentação sobre o orçamento da secretaria.
30_2017_Pleno_ordin_ata.pdf;30ª Reunião Ordinária;2017;Composição e Governança do Conselho;5;20.8;conselheiro, conselho;Relatório da 30ª Reunião ordinária do Conselho Municipal de Transporte e Trânsito – CMTT Data: 23/11/2017 | Local: Auditório do Sindicato dos Engenheiros no Estado de SP Programação: • Recepção dos conselheiros e convidados • Abertura • Pauta: Orçamento SMT e Movimento Trânsito Seguro • Palavra Aberta e Informes finais • Encerramento A 30ª. [...] A reunião começou com 22 conselheiros presentes, às 8h30.
30_2017_Pleno_ordin_ata.pdf;30ª Reunião Ordinária;2017;Transporte Público Coletivo;4;16.7;frota, sptrans;"Barros, Chefe de Gabinete da Secretaria Municipal de Mobilidade e Transportes; • João Octaviano Machado Neto, presidente da CET; • Irineu Silva, Diretor de Representação da CET; • Leonara Lonel, Ouvidoria SPTrans; • Mity Hori, Titular Região Oeste; • Cristina Soja, Diretoria de Operações da CET. [...] Eduardo Ferrucci esclarece que foram feitos cálculos por técnicos da SPtrans, sem pensar no aumento tarifário."
30_2017_Pleno_ordin_ata.pdf;30ª Reunião Ordinária;2017;Estrutura e Organização da Rede Viária;3;12.5;cet;"Barros, Chefe de Gabinete da Secretaria Municipal de Mobilidade e Transportes; • João Octaviano Machado Neto, presidente da CET; • Irineu Silva, Diretor de Representação da CET; • Leonara Lonel, Ouvidoria SPTrans; • Mity Hori, Titular Região Oeste; • Cristina Soja, Diretoria de Operações da CET. [...] Propõe que os vídeos sejam passados para todos os funcionários da CET, SMT e SPTrans."
30_2017_Pleno_ordin_ata.pdf;30ª Reunião Ordinária;2017;Segurança Viária;2;8.3;acidente, velocidade;Mity Hori sugere que dentro da campanha sejam incluídas ações em locais onde ocorrem mais mortes e que seja abordada também a questão da velocidade. [...] Nancy Schneider diz que desde que implantaram ações na M’Boi Mirim não há acidentes fatais há quatro meses, complementa que a metodologia da CET de coleta de acidentes existe desde 1979.
31_2017_Pleno_ordin_ata.pdf;31ª Reunião Ordinária;2017;Transporte Público Coletivo;6;27.3;onibus, sptrans;Irineu Gnecco faz apresentação em relação aos cinco destaques de 2017 da SMT/CET/SPTrans. [...] Leonara (Ouvidoria da SPTrans) esclarece sobre a questão do Atende que foi citada na apresentação dos usuários temáticos.
31_2017_Pleno_ordin_ata.pdf;31ª Reunião Ordinária;2017;Mobilidade Ativa: Bicicletas;5;22.7;bicicleta, ciclista, ciclovia;"Na apresentação: Ana Carolina fala sobre a sociedade civil; Luciana sobre pessoas com deficiência; Rafael Drummond sobre sistema cicloviário; Rafael Calábria sobre transporte público e coletivo, desestímulo ao automóvel, participação e controle civil; e Ana Carolina termina apresentação fazendo proposta de novo formato para as reuniões regionais. [...] Ana Paula (Ciclocidade) comenta que nenhuma demanda dos ciclistas têm sido atendidas."
31_2017_Pleno_ordin_ata.pdf;31ª Reunião Ordinária;2017;Mobilidade Ativa: Acessibilidade e Pedestres;3;13.6;calcada, pedestre;Meli Malatesta comenta sobre a dificuldade de locomoção dos idosos em São Paulo, por conta das calçadas e programação semafórica. [...] Carolina Cominotti diz que a Comissão Permanente de Calçadas é um grande avanço, e é dessa comissão que sairá o novo decreto de calçadas.
31_2017_Pleno_ordin_ata.pdf;31ª Reunião Ordinária;2017;Composição e Governança do Conselho;2;9.1;conselheiro, conselho;Relatório da 31ª Reunião Ordinária do Conselho Municipal de Transporte e Trânsito – CMTT Data: 14/12/2017 | Local: Auditório do Sindicato dos Engenheiros no Estado de SP Programação: • Recepção dos conselheiros e convidados • Abertura • Pauta: Balanço geral das reuniões de 2017 • Palavra Aberta e Informes finais • Encerramento A 31ª. [...] A reunião começou com 28 conselheiros presentes, às 8h30.
31_2017_Pleno_ordin_ata.pdf;31ª Reunião Ordinária;2017;Estrutura e Organização da Rede Viária;2;9.1;cet;"Barros, Chefe de Gabinete da Secretaria Municipal de Mobilidade e Transportes; • João Octaviano Machado Neto, Presidente da CET; • Carolina Cominotti, Assessora em Planejamento Urbano da SMT; • Mity Hori, Titular Região Oeste; • Maria Ermelina Malatesta, Titular Idosos. [...] Irineu Gnecco faz apresentação em relação aos cinco destaques de 2017 da SMT/CET/SPTrans."
31_2017_Pleno_ordin_ata.pdf;31ª Reunião Ordinária;2017;Motocicletas e Motofrete;2;9.1;moto;Outra questão que comenta é a campanha contra o abuso sexual, que foi criticada na apresentação, porém houve o aumento de boletins de ocorrência e também a nova política aplicada aos motoristas, eles são autorizados a ir direto à delegacia mais próxima quando houver caso de abuso sexual dentro dos ônibus da cidade, além dos canais de denúncia oferecidos. [...] Foram feitas inúmeras ações: em CEUs, em colégios públicos, eventos em parques, palestras com motoristas de ônibus entre tantas outras.
32_2018_Pleno_ordin_ata.pdf;32ª Reunião Ordinária;2018;Transporte Público Coletivo;6;35.3;onibus, sptrans;"Barros, Chefe de Gabinete da Secretaria Municipal de Mobilidade e Transportes;  José Carlos Nunes Martinelli, Presidente da SPTrans;  Francisco Christovam, titular SPURBANUSS;  Nancy Schneider, Superintendente de Planejamento e Projetos da CET;  Maria Olivia Aroucha, SPTrans;  Sandra Ramalhoso, Conselheira Sociedade Civil. [...] Diz que precisam pensar principalmente nos pedestres, não apenas nos passageiros de ônibus."
32_2018_Pleno_ordin_ata.pdf;32ª Reunião Ordinária;2018;Composição e Governança do Conselho;3;17.6;conselheiro, conselho;Relatório da 32ª reunião ordinária do Conselho Municipal de Transporte e Trânsito – CMTT Data: 31/01/2018 | Local: Auditório do Sindicato dos Engenheiros no Estado de SP Programação:  Recepção dos conselheiros e convidados  Abertura  Edital de Licitação de Transportes Públicos  Palavra Aberta e Informes finais  Encerramento A 32ª reunião do CMTT contou com a participação de 16 titulares, 14 suplentes e 43 convidados. [...] A reunião começou com 30 conselheiros presentes, às 8h30.
32_2018_Pleno_ordin_ata.pdf;32ª Reunião Ordinária;2018;Transporte Escolar e Fretamento;3;17.6;teg;João Manoel convida Marcos Landucci e Fátima Abrão para falarem sobre o TEG. [...] Irão apresentar uma comissão composta por transportadores, com o objetivo de apresentar um novo modelo contratual para o TEG.
32_2018_Pleno_ordin_ata.pdf;32ª Reunião Ordinária;2018;Mobilidade Ativa: Acessibilidade e Pedestres;3;17.6;acessibilidade, calcada, pedestre;Diz que precisam pensar principalmente nos pedestres, não apenas nos passageiros de ônibus. [...] Perceberam que não existe uma parte destinada para acessibilidade, se tornando difícil até mesmo para as empresas encontrarem onde estão as exigências para que elas possam ser cumpridas.
33_2018_Pleno_ordin_ata.pdf;33ª Reunião Ordinária;2018;Transporte Público Coletivo;5;38.5;onibus, sptrans;Maria Olivia começa fazendo apresentação sobre os projetos da SPTrans previstos para a região Sul. [...] Leonara Lonel retoma as apresentações falando sobre o balanço da ouvidoria da SPTrans.
33_2018_Pleno_ordin_ata.pdf;33ª Reunião Ordinária;2018;Estrutura e Organização da Rede Viária;3;23.1;cet;"Barros, Chefe de Gabinete da Secretaria Municipal de Mobilidade e Transportes;  Manoel Victor de Azevedo Neto, Diretor de Operações CET;  Roberto Arantes, Prefeito Regional Santo Amaro;  Heitor Sertão, Prefeito Regional Campo Limpo;  Silvio Ricardo Pereira, Chefe de Gabinete Prefeitura Regional M’Boi Mirim,  Izabel Rodrigues, Suplente SIMTETAXIS;  Rafael Del Monaco, Suplente Centro. [...] Nancy Schneider continua apresentação sobre projetos e estudos da CET na Região da Zona Sul e estruturas cicloviárias."
33_2018_Pleno_ordin_ata.pdf;33ª Reunião Ordinária;2018;Composição e Governança do Conselho;2;15.4;conselheiro, conselho;Relatório da 33ª reunião ordinária do Conselho Municipal de Transporte e Trânsito – CMTT Data: 21/02/2018 | Local: Prefeitura Regional de Santo Amaro Programação:  Recepção dos conselheiros e convidados  Abertura  Ações de Mobilidade da Zona Sul  Palavra Aberta e Informes finais  Encerramento A 33ª reunião do CMTT contou com a participação de 10 titulares, 9 suplentes e 41 convidados. [...] A reunião começou com 19 conselheiros presentes, às 8h30.
34_2018_Pleno_ordin_ata.pdf;34ª Reunião Ordinária;2018;Transporte Público Coletivo;6;37.5;onibus, sptrans;"Compôs a mesa:  Sérgio Avelleda, Secretário Municipal de Mobilidade e Transportes;  Irineu Gnecco Filho, Secretário Adjunto de Mobilidade e Transportes;  Renata Montenegro, Gerente de Marketing - SMT;  Carolina Cominotti, Assessora Técnica em Planejamento Urbano - SMT;  Nancy Schneider, Superintendente de planejamento e projetos CET;  Wagner Chagas, Superintendente de Operações SpTrans;  Ana Carolina Nunes, Conselheira Titular Mobilidade a Pé;  Donay da Silva, Conselheiro Titular SIMETESP. [...] Mostra a importância dos motoristas de ônibus para a diminuição desse número."
34_2018_Pleno_ordin_ata.pdf;34ª Reunião Ordinária;2018;Composição e Governança do Conselho;3;18.8;conselheiro, conselho;Relatório da 34ª reunião ordinária do Conselho Municipal de Transporte e Trânsito – CMTT Data: 22/03/2018 | Local: Auditório do Sindicato dos Engenheiros no Estado de SP Programação:  Recepção dos conselheiros e convidados  Abertura  Maio Amarelo  Palavra Aberta e Informes finais  Encerramento A 34ª reunião do CMTT contou com a participação de 14 titulares, 10 suplentes e 15 convidados. [...] A reunião começou com 24 conselheiros presentes, às 8h30.
34_2018_Pleno_ordin_ata.pdf;34ª Reunião Ordinária;2018;Segurança Viária;2;12.5;morte, visao zero;Sérgio Avelleda agradece a presença de todos e comenta sobre a quantidade de mortes no trânsito e os avanços durante a gestão. [...] Abrirão o Maio Amarelo com um seminário para falar sobre o Visão Zero.
34_2018_Pleno_ordin_ata.pdf;34ª Reunião Ordinária;2018;Motocicletas e Motofrete;2;12.5;moto;Mostra a importância dos motoristas de ônibus para a diminuição desse número. [...] Sugere um canal de comunicação com cobradores e motoristas para informá-los das mudanças.
35_2018_Pleno_ordin_ata.pdf;35ª Reunião Ordinária;2018;Transporte Público Coletivo;7;22.6;onibus, sptrans;"Compôs a mesa:  João Octaviano Machado Neto, Secretário Municipal de Mobilidade e Transportes;  Milton Persoli, Presidente da CET;  Edson Caram, Diretor do DSV;  Marcos Antonio Landucci, Diretor do DTP;  Carlos Eduardo Batista Fernandes, Prefeito Regional da Lapa;  Nancy Schneider, Superintendente de Planejamento e Projetos CET;  Christina Marchiori Borges, SPTrans;  Mity Hori, Conselheira Titular Região Oeste;  Ana Carolina Nunes, Titular Mobilidade a Pé. [...] Carlos Eduardo comenta sobre as ciclovias e a intenção de revitalização de pontos de ônibus na lapa."
35_2018_Pleno_ordin_ata.pdf;35ª Reunião Ordinária;2018;Mobilidade Ativa: Acessibilidade e Pedestres;5;16.1;calcada, pedestre, travessia;Carlos Eduardo comenta que sua preocupação em relação às calçadas é em relação aos buracos e uma melhor acessibilidade. [...] E que pensem mais na lógica do pedestre e sua segurança.
35_2018_Pleno_ordin_ata.pdf;35ª Reunião Ordinária;2018;Composição e Governança do Conselho;3;9.7;conselheiro, conselho;Relatório da 35ª reunião ordinária do Conselho Municipal de Transporte e Trânsito – CMTT Data: 19/04/2018 | Local: Prefeitura Regional da Lapa Programação:  Recepção dos conselheiros e convidados  Abertura  Ações de Mobilidade da Zona Oeste  Palavra Aberta e Informes finais  Encerramento A 35ª reunião do CMTT contou com a participação de 8 titulares, 6 suplentes e 44 convidados. [...] A reunião começou com 14 conselheiros presentes, às 19h.
35_2018_Pleno_ordin_ata.pdf;35ª Reunião Ordinária;2018;Estrutura e Organização da Rede Viária;3;9.7;cet;"Compôs a mesa:  João Octaviano Machado Neto, Secretário Municipal de Mobilidade e Transportes;  Milton Persoli, Presidente da CET;  Edson Caram, Diretor do DSV;  Marcos Antonio Landucci, Diretor do DTP;  Carlos Eduardo Batista Fernandes, Prefeito Regional da Lapa;  Nancy Schneider, Superintendente de Planejamento e Projetos CET;  Christina Marchiori Borges, SPTrans;  Mity Hori, Conselheira Titular Região Oeste;  Ana Carolina Nunes, Titular Mobilidade a Pé. [...] Rafaela Calábria pede mais agilidade no saque da CET."
35_2018_Pleno_ordin_ata.pdf;35ª Reunião Ordinária;2018;Segurança Viária;3;9.7;seguranca, velocidade;E que pensem mais na lógica do pedestre e sua segurança. [...] Nancy Schneider responde que o foco é o pedestre, desde o ano passado tem aplicado um programa chamado “Pedestre Seguro”, como objetivo modificar áreas dando prioridade para a segurança do pedestre.
35_2018_Pleno_ordin_ata.pdf;35ª Reunião Ordinária;2018;Transporte Individual: Táxis;3;9.7;dtp;"Compôs a mesa:  João Octaviano Machado Neto, Secretário Municipal de Mobilidade e Transportes;  Milton Persoli, Presidente da CET;  Edson Caram, Diretor do DSV;  Marcos Antonio Landucci, Diretor do DTP;  Carlos Eduardo Batista Fernandes, Prefeito Regional da Lapa;  Nancy Schneider, Superintendente de Planejamento e Projetos CET;  Christina Marchiori Borges, SPTrans;  Mity Hori, Conselheira Titular Região Oeste;  Ana Carolina Nunes, Titular Mobilidade a Pé. [...] Passa a palavra aos diretores do DSV e DTP."
35_2018_Pleno_ordin_ata.pdf;35ª Reunião Ordinária;2018;Motocicletas e Motofrete;2;6.5;moto;Marcos Landucci em nome do DTP informa que está disponível a ajudar e tirar dúvidas em relação à táxis, escolares, fretamentos, carga frete e moto frete. [...] Ana Carolina Nunes sugere rever o limite de velocidade dos ônibus para 40 km/h, ao invés de 50 km/h, pois em horários mais perigosos, como o período noturno, nem os pedestres e nem os motoristas tem uma visão tão boa quanto o período da manhã e tarde.
35_2018_Pleno_ordin_ata.pdf;35ª Reunião Ordinária;2018;Mobilidade Ativa: Bicicletas;2;6.5;ciclovia;Carlos Eduardo comenta sobre as ciclovias e a intenção de revitalização de pontos de ônibus na lapa. [...] Cyra Malta lamenta o veto da uma proposta de implementação da infraestrutura cicloviária a partir da lógica de compensação ambiental.
36_2018_Pleno_ordin_ata.pdf;36ª Reunião Ordinária;2018;Transporte Público Coletivo;10;37.0;onibus, sptrans;"Relatório da 36ª reunião ordinária do Conselho Municipal de Transporte e Trânsito – CMTT Data: 23/05/2018 | Local: Auditório do Sindicato dos Engenheiros no Estado de SP Programação:  Recepção dos conselheiros e convidados  Abertura  Licitação das linhas de ônibus  Palavra Aberta e Informes finais  Encerramento A 36ª reunião do CMTT contou com a participação de 12 titulares, 7 suplentes e 36 convidados. [...] Compôs a mesa:  Edson Caram, Diretor do DSV;  Nancy Schneider, Superintendente de Planejamento e Projetos CET;  Francisco Christovam, SPURBANUSS;  Maria Olivia Aroucha, SPTrans;  Carolina Cominotti, Assessora Técnica em Planejamento Urbano SMT;  Marcelo Luis Zovico, Assessor Jurídico SMT;  Maria Ermelina Malatesta, Conselheira Titular Idosos."
36_2018_Pleno_ordin_ata.pdf;36ª Reunião Ordinária;2018;Motocicletas e Motofrete;8;29.6;moto;Eliete faz apresentação sobre treinamento dos motoristas de Ônibus. [...] 33.000 motoristas vão para as ruas todos os dias, transportando 9 milhões de passageiros.
36_2018_Pleno_ordin_ata.pdf;36ª Reunião Ordinária;2018;Composição e Governança do Conselho;5;18.5;conselheiro, conselho, eleic, representante;Relatório da 36ª reunião ordinária do Conselho Municipal de Transporte e Trânsito – CMTT Data: 23/05/2018 | Local: Auditório do Sindicato dos Engenheiros no Estado de SP Programação:  Recepção dos conselheiros e convidados  Abertura  Licitação das linhas de ônibus  Palavra Aberta e Informes finais  Encerramento A 36ª reunião do CMTT contou com a participação de 12 titulares, 7 suplentes e 36 convidados. [...] A reunião começou com 19 conselheiros presentes, às 8h30.
36_2018_Pleno_ordin_ata.pdf;36ª Reunião Ordinária;2018;Segurança Viária;2;7.4;seguranca, velocidade;Meli Malatesta pergunta se questões de velocidade e tempo de travessia são abordadas no treinamento. [...] Por fim, encerra a reunião avisando que a próxima reunião será no dia 20/06/2017 às 8h30, no mesmo local, com a pauta já determinada, o Plano de Segurança Viária embasado no conceito Visão Zero e apoio da BIGRS e WRI.
37_2018_Pleno_ordin_ata.pdf;37ª Reunião Ordinária;2018;Segurança Viária;10;34.5;acidente, morte, seguranca, visao zero;Relatório da 37ª reunião ordinária do Conselho Municipal de Transporte e Trânsito – CMTT Data: 20/06/2018 | Local: Auditório do Sindicato dos Engenheiros no Estado de SP Programação:  Recepção dos conselheiros e convidados  Abertura  Apresentação do plano de segurança viária  Palavra Aberta e Informes finais  Encerramento A 37ª reunião do CMTT contou com a participação de 18 titulares, 6 suplentes e 41 convidados. [...] Luan Ferraz faz apresentação sobre o Comitê Permanente de Segurança Viária e a estrutura do Plano de Segurança Viária – Vida Segura, que está em sua etapa de diagnóstico.
37_2018_Pleno_ordin_ata.pdf;37ª Reunião Ordinária;2018;Mobilidade Ativa: Bicicletas;9;31.0;ciclista, ciclovia;"Flávio Soares comenta que os ciclistas/pedestres veem com bons olhos o plano. [...] Ana Carolina Nunes diz que o eixo fundamental do plano tem que ser os ciclistas e pedestres, justamente por serem os mais vulneráveis; não deveriam ser coadjuvantes."
37_2018_Pleno_ordin_ata.pdf;37ª Reunião Ordinária;2018;Mobilidade Ativa: Acessibilidade e Pedestres;3;10.3;pedestre;"Flávio Soares comenta que os ciclistas/pedestres veem com bons olhos o plano. [...] Ana Carolina Nunes diz que o eixo fundamental do plano tem que ser os ciclistas e pedestres, justamente por serem os mais vulneráveis; não deveriam ser coadjuvantes."
37_2018_Pleno_ordin_ata.pdf;37ª Reunião Ordinária;2018;Composição e Governança do Conselho;2;6.9;conselheiro, conselho;Relatório da 37ª reunião ordinária do Conselho Municipal de Transporte e Trânsito – CMTT Data: 20/06/2018 | Local: Auditório do Sindicato dos Engenheiros no Estado de SP Programação:  Recepção dos conselheiros e convidados  Abertura  Apresentação do plano de segurança viária  Palavra Aberta e Informes finais  Encerramento A 37ª reunião do CMTT contou com a participação de 18 titulares, 6 suplentes e 41 convidados. [...] A reunião começou com 24 conselheiros presentes, às 8h30.
38_2018_Pleno_ordin_ata.pdf;38ª Reunião Ordinária;2018;Estrutura e Organização da Rede Viária;16;29.6;asfalto, cet, corredor, recapeamento;Mesa Diretora:  Milton Persoli – Presidente de CET, naquele ato representando o Secretário de Mobilidade e Transportes, Sr. [...] Informou que a composição da Mesa Diretora seria feita após as apresentações dos palestrantes da SPTrans e CET e que, em seguida, seria aberta a palavra aos participantes.
38_2018_Pleno_ordin_ata.pdf;38ª Reunião Ordinária;2018;Transporte Público Coletivo;10;18.5;onibus, sptrans;"de Mello - Prefeito Regional de São Mateus;  Selma Strublic – SPTrans;  Ana Carolina A.S. [...] Informou que a composição da Mesa Diretora seria feita após as apresentações dos palestrantes da SPTrans e CET e que, em seguida, seria aberta a palavra aos participantes."
38_2018_Pleno_ordin_ata.pdf;38ª Reunião Ordinária;2018;Mobilidade Ativa: Bicicletas;9;16.7;ciclovia;Felipe – indagou a CET sobre a destruição da ciclovia na Milene Elias e cobrou providências. [...] Magrão – cobrou o novo plano que a gestão ficou de apresentar sobre Ciclovias.
38_2018_Pleno_ordin_ata.pdf;38ª Reunião Ordinária;2018;Mobilidade Ativa: Acessibilidade e Pedestres;6;11.1;acessibilidade, calcada, pedestre;Acessibilidade aos equipamentos de saúde? [...] Gláucia – solicitou que a CET parasse de considerar “gradil” como item de segurança para o pedestre.
38_2018_Pleno_ordin_ata.pdf;38ª Reunião Ordinária;2018;Composição e Governança do Conselho;3;5.6;conselheiro, conselho;"Relatório da 38ª Reunião do Conselho Municipal de Transportes e Trânsito - CMTT Data: 19/07/2018 Horário: 19h às 21h30 Local: Auditório do Centro de Pesquisa e Educação em Mobilidade – CEMOB | Rua Vilela, 579 Pauta: Ações de Mobilidade na Zona Leste A 38ª reunião do CMTT contou com a participação de 04 (quatro) Conselheiros Titulares e 02 (dois) Suplentes dos Órgãos Municipais; 01 (um) Conselheiro Titular e 02 (dois) Suplentes dos Usuários Temáticos e 56 convidados gerais. [...] Não houve participação de Conselheiros Titulares e Suplentes dos Operadores do Serviço de Transporte."
38_2018_Pleno_ordin_ata.pdf;38ª Reunião Ordinária;2018;Segurança Viária;3;5.6;acidente, seguranca;Este conjunto foi escolhido por apresentar maior concentração de escolas e número de acidentes. [...] Cobrou providências em relação à falta de segurança (vários assaltos à mão armada) no trecho/ciclovia carrão-penha.
39_2018_Pleno_ordin_ata.pdf;39ª Reunião Ordinária;2018;Mobilidade Ativa: Bicicletas;15;26.3;bicicleta, bike, ciclista, ciclovia;Após, André Castro, Assessor Técnico da SMT, fez uma atualização sobre o Compartilhamento de Bicicletas. [...] Aparecido-OAB – a manutenção das ciclovias está bem ruim e é preocupante a situação em relação à segurança (limpeza e buracos).
39_2018_Pleno_ordin_ata.pdf;39ª Reunião Ordinária;2018;Estrutura e Organização da Rede Viária;13;22.8;cet, corredor, recapeamento, via;"Mesa Diretora:  Nourival Pântano Júnior – Secretário Adjunto da Secretaria de Mobilidade e Transportes  Manoel Victor de Azevedo Neto – Diretor de Operações da CET  Wagner Chagas – Diretor de Operações da SPTrans;  Rodrigo Arraval – Chefe de Gabinete da Prefeitura Regional da Sé  Andrew J. [...] Tudo foi testado e a via exigia outra especificação."
39_2018_Pleno_ordin_ata.pdf;39ª Reunião Ordinária;2018;Mobilidade Ativa: Acessibilidade e Pedestres;10;17.5;acessibilidade, calcada, pedestre;Gláucia – em referência aos “calçadões” perguntou se haveria uma comunicação aos pedestres (totens explicativos). [...] Este assunto da comunicação para os pedestres ainda está em processo.
39_2018_Pleno_ordin_ata.pdf;39ª Reunião Ordinária;2018;Transporte Público Coletivo;8;14.0;onibus, sptrans, terminal;"Mesa Diretora:  Nourival Pântano Júnior – Secretário Adjunto da Secretaria de Mobilidade e Transportes  Manoel Victor de Azevedo Neto – Diretor de Operações da CET  Wagner Chagas – Diretor de Operações da SPTrans;  Rodrigo Arraval – Chefe de Gabinete da Prefeitura Regional da Sé  Andrew J. [...] de Oliveira – CMTT, Oeste;  Lourdinha Maria de Lourdes Rodrigues – SIMETESP Lilla – após a composição da Mesa Diretora, fez uma síntese em relação ao funcionamento das reuniões anteriores e convidou a Olívia, da SPTrans, para fazer sua apresentação."
39_2018_Pleno_ordin_ata.pdf;39ª Reunião Ordinária;2018;Segurança Viária;4;7.0;seguranca, velocidade;Aparecido-OAB – a manutenção das ciclovias está bem ruim e é preocupante a situação em relação à segurança (limpeza e buracos). [...] Sobre a Celso Garcia, na reunião de Julho foram solicitados dados referente à velocidade dos ônibus e também não obtivemos resposta.
39_2018_Pleno_ordin_ata.pdf;39ª Reunião Ordinária;2018;Motocicletas e Motofrete;3;5.3;moto;"Rodrigo – reclamou de ciclistas irresponsáveis, da falta de regulamentação para os mesmos e disse que não existe política pública para os motociclistas. [...] Gerência de Marketing e Comunicação – GMC Departamento de Relações Públicas – DRP Ana Russo-Motorista APP – falou da falta de acessibilidade nos ônibus na região em que mora (Terminal Pirituba-Vila Mariana); da dificuldade de ligações do bairro (Jaguaré-Ceasa) com as demais regiões e dos permanentes congestionamentos no local."
40_2018_Pleno_ordin_ata.pdf;40ª Reunião Ordinária;2018;Transporte Público Coletivo;6;46.2;metro, onibus, sptrans, terminal;"Compôs a mesa:  João Octaviano Machado Neto, Secretário Municipal de Mobilidade e Transportes;  Nourival Pantano Junior, Secretário Adjunto Municipal de Mobilidade e Transportes;  Milton Persoli, Presidente da CET;  Christina Marchiori Borges, SPTrans;  Selma Strublic, SPTrans;  Glaucia Pereira, Cidade a pé. [...] Ana Carolina fala sobre a preocupação da requalificação do terminal parque D."
40_2018_Pleno_ordin_ata.pdf;40ª Reunião Ordinária;2018;Composição e Governança do Conselho;3;23.1;conselheiro, conselho;Ata da 40ª reunião ordinária do Conselho Municipal de Transporte e Trânsito – CMTT Data: 19/09/2018 | Local: Auditório do Sindicato dos Engenheiros no Estado de SP Programação:  Recepção dos conselheiros e convidados  Abertura  Apresentação Semana da Mobilidade  Palavra Aberta e Informes finais  Encerramento A 40ª reunião do CMTT contou com a participação de 8 titulares, 10 suplentes e 24 convidados. [...] A reunião começou com 18 conselheiros presentes, às 8h30.
41_2018_Pleno_ordin_ata.pdf;41ª Reunião Ordinária;2018;Composição e Governança do Conselho;4;26.7;conselheiro, conselho, eleic;Ata da 41ª reunião ordinária do Conselho Municipal de Transporte e Trânsito – CMTT Data: 17/10/2018 | Local: Rua Barão de Itapetininga, nº18. [...] Programação:  Recepção dos conselheiros e convidados  Abertura  Apresentação do Processo de Fiscalização de Trânsito  Palavra Aberta e Informes finais  Encerramento A 40ª reunião do CMTT contou com a participação de 10 titulares, 10 suplentes e 25 convidados.
41_2018_Pleno_ordin_ata.pdf;41ª Reunião Ordinária;2018;Estrutura e Organização da Rede Viária;3;20.0;cet, semaforo;"Compôs a mesa:  Milton Persoli, Presidente da CET;  Nancy Schneider, Assessora Técnica da SMT;  Mitty Hori, Titular Região Oeste;  Maria Helena, Titular SINDITAXI;  Maria Olívia Aroucha, Assessora da SPTrans. [...] Rosa responde que qualquer fiscal da CET, GCM ou PM."
41_2018_Pleno_ordin_ata.pdf;41ª Reunião Ordinária;2018;Mobilidade Ativa: Acessibilidade e Pedestres;3;20.0;pedestre;Rosa afirma que a calçada é sempre do pedestre, portanto o veículo é passível de multa. [...] Cristina Soja e Salim fazem apresentação sobre o Programa Operacional de Segurança – Pedestre Seguro.
41_2018_Pleno_ordin_ata.pdf;41ª Reunião Ordinária;2018;Segurança Viária;2;13.3;acidente, seguranca;E por fim, afirma que existe outra relação entre a diminuição de multas e a diminuição de acidentes. [...] Cristina Soja e Salim fazem apresentação sobre o Programa Operacional de Segurança – Pedestre Seguro.
41_2018_Pleno_ordin_ata.pdf;41ª Reunião Ordinária;2018;Transporte Público Coletivo;2;13.3;onibus, sptrans;"Compôs a mesa:  Milton Persoli, Presidente da CET;  Nancy Schneider, Assessora Técnica da SMT;  Mitty Hori, Titular Região Oeste;  Maria Helena, Titular SINDITAXI;  Maria Olívia Aroucha, Assessora da SPTrans. [...] Luciana questiona sobre os treinamentos dos motoristas de ônibus."
42_2018_Pleno_ordin_ata.pdf;42ª Reunião Ordinária;2018;Transporte Público Coletivo;9;36.0;onibus, sptrans;"Carlos Caldeira e Acessibilidade nos Terminais da SPTrans. [...] Compôs a mesa:  João Octaviano Machado Neto, Secretário Municipal de Mobilidade e Transportes;  Edson Caram, Diretor do DSV;  Milton Persoli, Presidente da CET;  Nancy Schneider, Assessora Técnica da SMT;  Maria Olivia Aroucha, SPTrans;  Maria Helena Rodrigues, Titular SIMTETAXIS;  Antonio Raimundo Matias dos Santos, Titular SIMTETAXIS."
42_2018_Pleno_ordin_ata.pdf;42ª Reunião Ordinária;2018;Composição e Governança do Conselho;4;16.0;conselheiro, conselho;Ata da 42ª reunião ordinária do Conselho Municipal de Transporte e Trânsito – CMTT Data: 04/12/2018 | Local: R. [...] Programação:  Recepção dos conselheiros e convidados  Abertura  Apresentação Ações na Av.
42_2018_Pleno_ordin_ata.pdf;42ª Reunião Ordinária;2018;Estrutura e Organização da Rede Viária;4;16.0;asfalto, cet, semaforo;"Compôs a mesa:  João Octaviano Machado Neto, Secretário Municipal de Mobilidade e Transportes;  Edson Caram, Diretor do DSV;  Milton Persoli, Presidente da CET;  Nancy Schneider, Assessora Técnica da SMT;  Maria Olivia Aroucha, SPTrans;  Maria Helena Rodrigues, Titular SIMTETAXIS;  Antonio Raimundo Matias dos Santos, Titular SIMTETAXIS. [...] Cristina Soja pergunta se a implantação dos terminais inclui faixas e semáforos."
42_2018_Pleno_ordin_ata.pdf;42ª Reunião Ordinária;2018;Mobilidade Ativa: Acessibilidade e Pedestres;4;16.0;acessibilidade;Carlos Caldeira e Acessibilidade nos Terminais da SPTrans. [...] faz apresentação sobre acessibilidade nos terminais da SPTrans.
42_2018_Pleno_ordin_ata.pdf;42ª Reunião Ordinária;2018;Segurança Viária;2;8.0;acidente;E comenta sobre a Garagem Educativa, um trabalho feito pela SPTrans de treinamento de motoristas de ônibus, com o intuito de diminuir acidentes e mortes no trânsito. [...] Oswaldo Fantini entende que o número de mortes diminuiu, porém questiona se o número de acidentes também está menor.
43_2019_Pleno_ordin_ata.pdf;43ª Reunião Ordinária;2019;Estrutura e Organização da Rede Viária;10;31.2;cet;Compôs a mesa diretora:  Sebastião Ricardo Carvalho Martins – CET  Nancy Reis Schneider – CET  Francisco Armando Noschang Christovam – SPUrbanuss  Christina Marchiori Borges – SPTrans  Joana Cristina Pegoraro – CGM/AUDI  Ana Carolina Nunes – Mobilidade a Pé Nancy Schneider – abre a reunião agradecendo a presença de todos e indica Telma para fazer a primeira apresentação. [...] Telma Micheletto – apresenta as iniciativas, etapas e resultados dos programas Caminhar Pinheiros, Pedestre Seguro e Vida Segura, apontando a participação ativa da CET, o patrocínio da 99Táxi e parceria com a Bloomberg.
43_2019_Pleno_ordin_ata.pdf;43ª Reunião Ordinária;2019;Transporte Público Coletivo;9;28.1;onibus, sptrans;Compôs a mesa diretora:  Sebastião Ricardo Carvalho Martins – CET  Nancy Reis Schneider – CET  Francisco Armando Noschang Christovam – SPUrbanuss  Christina Marchiori Borges – SPTrans  Joana Cristina Pegoraro – CGM/AUDI  Ana Carolina Nunes – Mobilidade a Pé Nancy Schneider – abre a reunião agradecendo a presença de todos e indica Telma para fazer a primeira apresentação. [...] Lucia Emilia – elogia o trabalho realizado, mas destaca a dificuldade de locomoção que deficientes físicos enfrentam devido à falta de manutenção das raízes de árvores nas calçadas, acessibilidade a comércios e pontos de ônibus.
43_2019_Pleno_ordin_ata.pdf;43ª Reunião Ordinária;2019;Mobilidade Ativa: Acessibilidade e Pedestres;5;15.6;calcada, pedestre;Telma Micheletto – apresenta as iniciativas, etapas e resultados dos programas Caminhar Pinheiros, Pedestre Seguro e Vida Segura, apontando a participação ativa da CET, o patrocínio da 99Táxi e parceria com a Bloomberg. [...] Agradece a competência da CET e frisa a importância de enxergar o pedestre no tráfego.
43_2019_Pleno_ordin_ata.pdf;43ª Reunião Ordinária;2019;Composição e Governança do Conselho;3;9.4;conselheiro, conselho, eleic;Relatório da 43ª reunião ordinária do Conselho Municipal de Transporte e Trânsito – CMTT Data: 21/02/2019 | Local: R. [...] Programação:  Recepção de conselheiros e convidados  Abertura  Apresentação de novos projetos  Palavra aberta e informes finais  Encerramento A 43ª reunião do CMTT contou com a participação de 10 titulares, 08 suplentes e 41 convidados.
43_2019_Pleno_ordin_ata.pdf;43ª Reunião Ordinária;2019;Segurança Viária;2;6.2;atropelamento, velocidade;Flavio – pergunta se pensam em adicionar o limite de velocidade das vias no mecanismo. [...] Ela comenta que o objetivo do projeto, além de reduzir o risco de atropelamento, transforma os espaços para a população, melhorando a qualidade ambiental e o convívio social.
44_2019_Pleno_ordin_ata.pdf;44ª Reunião Ordinária;2019;Composição e Governança do Conselho;32;33.0;conselheiro, conselho, eleic, representante;Conselho Municipal de Transporte e Trânsito - CMTT 1 44ª Reunião Ordinária do Conselho Municipal de Transporte e Trânsito CMTT Data: 25 de Abril de 2019 Local: Sindicato dos Engenheiros – Rua Genebra, 25 Hora: 09h00 às 12h00 Pauta  Posse dos novos representantes da CMTT  Plano de Segurança Viária “Vida Segura”  Plano de Cargas  Debate sobre as apresentações  Palavra Aberta Composição da Mesa Antônio Denardi – Secretário Adjunto SMT Nancy Reis Schneider – Secretária Executiva CMTT Maria Célia Dias Carvalho – CET Christina Marchiori Borges – SPTrans Antônio Raimundo Matias – Representante dos Operadores João Santo Carcam – Representante dos Idosos Leonara Leonel – Secretaria de Gestão Nancy Schneider apresenta os novos representantes do Conselho para o biênio 2019-2020:  Órgãos Municipais,  Operadoras do Serviço de Transporte e  Sociedade Civil Secretário Adjunto Antônio Denardi agradece o empenho e dedicação dos representantes da gestão que se encerra e deseja sucesso aos que iniciam essa nova jornada. [...] Ele declara empossados os novos conselheiros.
44_2019_Pleno_ordin_ata.pdf;44ª Reunião Ordinária;2019;Segurança Viária;23;23.7;acidente, morte, seguranca;Conselho Municipal de Transporte e Trânsito - CMTT 1 44ª Reunião Ordinária do Conselho Municipal de Transporte e Trânsito CMTT Data: 25 de Abril de 2019 Local: Sindicato dos Engenheiros – Rua Genebra, 25 Hora: 09h00 às 12h00 Pauta  Posse dos novos representantes da CMTT  Plano de Segurança Viária “Vida Segura”  Plano de Cargas  Debate sobre as apresentações  Palavra Aberta Composição da Mesa Antônio Denardi – Secretário Adjunto SMT Nancy Reis Schneider – Secretária Executiva CMTT Maria Célia Dias Carvalho – CET Christina Marchiori Borges – SPTrans Antônio Raimundo Matias – Representante dos Operadores João Santo Carcam – Representante dos Idosos Leonara Leonel – Secretaria de Gestão Nancy Schneider apresenta os novos representantes do Conselho para o biênio 2019-2020:  Órgãos Municipais,  Operadoras do Serviço de Transporte e  Sociedade Civil Secretário Adjunto Antônio Denardi agradece o empenho e dedicação dos representantes da gestão que se encerra e deseja sucesso aos que iniciam essa nova jornada. [...] Também convida a Arqtª Carolina Cominotti a apresentar o Plano de Segurança Viária da Cidade de São Paulo - Vida Segura.
44_2019_Pleno_ordin_ata.pdf;44ª Reunião Ordinária;2019;Logística Urbana e Transporte de Cargas;9;9.3;carga, logistica, restricao;Conselho Municipal de Transporte e Trânsito - CMTT 1 44ª Reunião Ordinária do Conselho Municipal de Transporte e Trânsito CMTT Data: 25 de Abril de 2019 Local: Sindicato dos Engenheiros – Rua Genebra, 25 Hora: 09h00 às 12h00 Pauta  Posse dos novos representantes da CMTT  Plano de Segurança Viária “Vida Segura”  Plano de Cargas  Debate sobre as apresentações  Palavra Aberta Composição da Mesa Antônio Denardi – Secretário Adjunto SMT Nancy Reis Schneider – Secretária Executiva CMTT Maria Célia Dias Carvalho – CET Christina Marchiori Borges – SPTrans Antônio Raimundo Matias – Representante dos Operadores João Santo Carcam – Representante dos Idosos Leonara Leonel – Secretaria de Gestão Nancy Schneider apresenta os novos representantes do Conselho para o biênio 2019-2020:  Órgãos Municipais,  Operadoras do Serviço de Transporte e  Sociedade Civil Secretário Adjunto Antônio Denardi agradece o empenho e dedicação dos representantes da gestão que se encerra e deseja sucesso aos que iniciam essa nova jornada. [...] Secretário Adjunto Antônio Denardi convida Mauricio Losada, da Companhia de Engenharia de Tráfego – CET, Departamento de Políticas de Mobilidade, para falar sobre o Plano de Cargas da Cidade de São Paulo.
44_2019_Pleno_ordin_ata.pdf;44ª Reunião Ordinária;2019;Transporte Público Coletivo;8;8.2;bilhete unico, frota, onibus, sptrans;Conselho Municipal de Transporte e Trânsito - CMTT 1 44ª Reunião Ordinária do Conselho Municipal de Transporte e Trânsito CMTT Data: 25 de Abril de 2019 Local: Sindicato dos Engenheiros – Rua Genebra, 25 Hora: 09h00 às 12h00 Pauta  Posse dos novos representantes da CMTT  Plano de Segurança Viária “Vida Segura”  Plano de Cargas  Debate sobre as apresentações  Palavra Aberta Composição da Mesa Antônio Denardi – Secretário Adjunto SMT Nancy Reis Schneider – Secretária Executiva CMTT Maria Célia Dias Carvalho – CET Christina Marchiori Borges – SPTrans Antônio Raimundo Matias – Representante dos Operadores João Santo Carcam – Representante dos Idosos Leonara Leonel – Secretaria de Gestão Nancy Schneider apresenta os novos representantes do Conselho para o biênio 2019-2020:  Órgãos Municipais,  Operadoras do Serviço de Transporte e  Sociedade Civil Secretário Adjunto Antônio Denardi agradece o empenho e dedicação dos representantes da gestão que se encerra e deseja sucesso aos que iniciam essa nova jornada. [...] Ele fala sobre a frota de utilitários, que teve uma verdadeira explosão no nº de veículos por causa de uma adequação do mercado às regras de restrição de circulação de caminhões na cidade.
44_2019_Pleno_ordin_ata.pdf;44ª Reunião Ordinária;2019;Estrutura e Organização da Rede Viária;5;5.2;cet, engenharia de trafego;Conselho Municipal de Transporte e Trânsito - CMTT 1 44ª Reunião Ordinária do Conselho Municipal de Transporte e Trânsito CMTT Data: 25 de Abril de 2019 Local: Sindicato dos Engenheiros – Rua Genebra, 25 Hora: 09h00 às 12h00 Pauta  Posse dos novos representantes da CMTT  Plano de Segurança Viária “Vida Segura”  Plano de Cargas  Debate sobre as apresentações  Palavra Aberta Composição da Mesa Antônio Denardi – Secretário Adjunto SMT Nancy Reis Schneider – Secretária Executiva CMTT Maria Célia Dias Carvalho – CET Christina Marchiori Borges – SPTrans Antônio Raimundo Matias – Representante dos Operadores João Santo Carcam – Representante dos Idosos Leonara Leonel – Secretaria de Gestão Nancy Schneider apresenta os novos representantes do Conselho para o biênio 2019-2020:  Órgãos Municipais,  Operadoras do Serviço de Transporte e  Sociedade Civil Secretário Adjunto Antônio Denardi agradece o empenho e dedicação dos representantes da gestão que se encerra e deseja sucesso aos que iniciam essa nova jornada. [...] Secretário Adjunto Antônio Denardi convida Mauricio Losada, da Companhia de Engenharia de Tráfego – CET, Departamento de Políticas de Mobilidade, para falar sobre o Plano de Cargas da Cidade de São Paulo.
45_2019_Pleno_ordin_ata.pdf;45ª Reunião Ordinária;2019;Segurança Viária;5;17.2;acidente, seguranca, velocidade;Pontua que a preocupação com a segurança da mobilidade ativa não será preenchida pelo uso de capacete por parte dos usuários, mas sim por políticas de acalmamento de tráfego. [...] Fernanda – diz ser a favor do acalmamento do tráfego, não somente devido a questão dos patinetes, como também para alcançar as estimativas da prefeitura de segurança viária.
45_2019_Pleno_ordin_ata.pdf;45ª Reunião Ordinária;2019;Mobilidade Ativa: Bicicletas;5;17.2;bicicleta, ciclovia;Considera contraditório por parte da prefeitura alegar falta de capacidade para fiscalização nos casos de carros em ciclovias e calçadas irregulares, mas disponibilizar tantos fiscais pela cidade para recolher patinetes. [...] José Luís – em termos de infraestrutura, conta ter uma verba para conservação de calçadas e readequação de ciclovia.
45_2019_Pleno_ordin_ata.pdf;45ª Reunião Ordinária;2019;Composição e Governança do Conselho;4;13.8;conselho, representante;Relatório da 45ª Reunião Ordinária do Conselho Municipal de Transporte e Trânsito - CMTT Data: 18/06/2019 Hora: 09h Local: Rua Barão de Itapetininga, 18 – térreo. [...] – referente ao regimento da câmara temática, diz estar sendo construído priorizando o motorista prestador de serviços, representantes de sindicatos, associações, cooperativas e os usuários.
45_2019_Pleno_ordin_ata.pdf;45ª Reunião Ordinária;2019;Transporte Público Coletivo;4;13.8;onibus, transporte coletivo;Idernani – faz apresentação pontuando os impactos positivos e negativos da atuação dos aplicativos de transporte privado no município e cita a redução e reajuste nos horários de linhas de ônibus como um dos fatores para a preferência da população pelo serviço de aplicativos. [...] Luís Marcelo – conta sobre estudo da Grow que apresentou os seguintes dados: 39% das viagens de patinetes são de pessoas que deixaram de usar carro, tanto particular quanto corridas de aplicativos/táxi e mais de 60% das viagens de bicicletas são integradas ao transporte coletivo.
45_2019_Pleno_ordin_ata.pdf;45ª Reunião Ordinária;2019;Transporte Individual: Aplicativos;4;13.8;aplicativo;Idernani – faz apresentação pontuando os impactos positivos e negativos da atuação dos aplicativos de transporte privado no município e cita a redução e reajuste nos horários de linhas de ônibus como um dos fatores para a preferência da população pelo serviço de aplicativos. [...] Rafael – em relação a cobrança dos aplicativos de patinetes, acredita que cobrar por tempo de uso é um incentivo ao usuário a correr e não respeitar sinalização.
45_2019_Pleno_ordin_ata.pdf;45ª Reunião Ordinária;2019;Motocicletas e Motofrete;2;6.9;moto;– referente ao regimento da câmara temática, diz estar sendo construído priorizando o motorista prestador de serviços, representantes de sindicatos, associações, cooperativas e os usuários. [...] Justifica a composição do grupo visando boa representatividade para discutir a segurança dos usuários, valores de tarifas, agregar a todo tipo de mobilidade, fazendo com que o usuário e motorista construam um trânsito melhor no munícipio.
45_2019_Pleno_ordin_ata.pdf;45ª Reunião Ordinária;2019;Mobilidade Ativa: Acessibilidade e Pedestres;2;6.9;calcada;Considera contraditório por parte da prefeitura alegar falta de capacidade para fiscalização nos casos de carros em ciclovias e calçadas irregulares, mas disponibilizar tantos fiscais pela cidade para recolher patinetes. [...] José Luís – em termos de infraestrutura, conta ter uma verba para conservação de calçadas e readequação de ciclovia.
46_2019_Pleno_ordin_ata.pdf;46ª Reunião Ordinária;2019;Transporte Público Coletivo;8;25.0;metro, onibus, sptrans, terminal;Angela – faz apresentação sobre o treinamento de 40 horas, elaborado pela SPTrans, em parceiria com empresas terceirizadas e oferecido aos operadores de transportes coletivos, a fim de entregar um serviço de qualidade aos munícipes. [...] Angela – diz que São Paulo é uma cidade grande e existem diversos fatores a serem analisados, argumenta que muitas vezes os erros dos motoristas em parar longe da calçada é ocasionado por conta de carros estacionados no ponto de ônibus.
46_2019_Pleno_ordin_ata.pdf;46ª Reunião Ordinária;2019;Composição e Governança do Conselho;6;18.8;conselheiro, conselho, representante;46º Reunião Ordinária do Conselho Municipal de Transportes e Trânsito - CMTT Data: 22/08/2019 Hora: 09h Local: Rua Barão de Itapetininga, 18 – térreo. [...] Thiago – apesar de o conselho não ser deliberativo e sim consultivo, indica que os conselheiros deveriam tomar posicionamento nas questões debatidas sobre as alterações no decreto.
46_2019_Pleno_ordin_ata.pdf;46ª Reunião Ordinária;2019;Segurança Viária;5;15.6;acidente, morte, seguranca;Os conteúdos ministrados abordam temáticas comportamentais, significado do papel de operador no transporte da cidade, código de trânsito, reclamações, segurança viária, postura profissional, atendimento, acessibilidade, mobilidade urbana, entre outros. [...] Mity – questiona se houve queda no número de acidentes após a aplicação do treinamento e como acontece o treinamento aos motoristas quando há mudança de rota e pontos de ônibus?
46_2019_Pleno_ordin_ata.pdf;46ª Reunião Ordinária;2019;Mobilidade Urbana: Organização Geral e Prestação de Contas;4;12.5;tarifa;"Rafael – faz apresentação sobre as alterações da prefeitura no decreto de transporte referente a diminuição do número de integração e aumento na tarifa. [...] Segundo ele, houve falta de estudo no impacto dessas medidas e aponta alguns problemas da decisão:  A mudança da integração foi anunciada sete dias antes do início da mudança, resultando em tempo insuficiente para os RHs das organizações adequarem a remuneração do vale-transporte;  A diminuição do número de integração afeta os usuários de baixa renda e residentes em locais periféricos;  Desgaste físico da população que tem substituído seus trajetos por trajetos mais longos, mas que possibilitam a utilizar da integração;  Algumas linhas repentinamente ficaram saturadas por conta das alterações de trajetos;  Integração nas linhas do metrô caíram;  A SMT tem cobrado uma tarifa diferente das empresas; Finaliza a apresentação comentando sobre o deficit do sistema de transportes."
46_2019_Pleno_ordin_ata.pdf;46ª Reunião Ordinária;2019;Motocicletas e Motofrete;4;12.5;moto;Comenta ter observado motoristas que não param para deficientes físicos ou costumam parar longe da calçada, dificultando a entrada de idosos no transporte. [...] Angela – diz que São Paulo é uma cidade grande e existem diversos fatores a serem analisados, argumenta que muitas vezes os erros dos motoristas em parar longe da calçada é ocasionado por conta de carros estacionados no ponto de ônibus.
46_2019_Pleno_ordin_ata.pdf;46ª Reunião Ordinária;2019;Mobilidade Ativa: Acessibilidade e Pedestres;3;9.4;acessibilidade, calcada;Os conteúdos ministrados abordam temáticas comportamentais, significado do papel de operador no transporte da cidade, código de trânsito, reclamações, segurança viária, postura profissional, atendimento, acessibilidade, mobilidade urbana, entre outros. [...] Comenta ter observado motoristas que não param para deficientes físicos ou costumam parar longe da calçada, dificultando a entrada de idosos no transporte.
46_2019_Pleno_ordin_ata.pdf;46ª Reunião Ordinária;2019;Transporte Individual: Aplicativos;2;6.2;aplicativo;Sugere encontrar outras fontes de recursos estáveis para a manutenção do sistema, como venda de espaço para publicidade nos ônibus, porcentagem da arrecadação de multas, cobrança de taxa aos aplicativos de transporte privado. [...] Solicita a prefeitura um estudo para criar um fundo municipal de mobilidade, que pode ser subsidiado por dinheiro de multas, ou tarifa as empresas de aplicativo, para investir na mobilidade urbana.
47_2019_Pleno_ordin_ata.pdf;47ª Reunião Ordinária;2019;Transporte Público Coletivo;11;61.1;onibus, sptrans, transporte coletivo;Participantes: Poder Público Michele Perea - SMT Nancy Schneider – CET Maria Célia – CET Eduardo Macabelli – CET Gerson Dessia – SPTrans Carlos Eschad – SF Vanessa Lima – SGM Izabel Cristina – SME André Luis Gonçalves – SMDU Denise de Campos – SMDU Cecilia Freitas – SG Antonio Rudnei – SMT Usuários Temáticos e Regionais Fernanda de Campos – Bicicleta Carolina Guimarães – Meio ambiente e saúde Mauro Sérgio – Mobilidade a Pé Rafael Calabria – ONG Lígia Miranda – ONG Sandra Ramalhoso – Pessoa com Deficiência José Antonio – Pessoa com Deficiência Ênio José – Região Norte Daniel Drager – Região Sul Mauricio Vieira – Região Sul Arlindo Amaro – Região Sul Niquéias Borges – Região Leste Juliana Conz – Reigão Oeste Sandro Merida – Região Oeste Paulo Macedo – Região Oeste Luciana Trindade – Região Centro Rafael Drummond – Região Centro Operadores do serviço de transporte Irineu Leite – ARESP Francisco Armando – SPURBANUSS Carlos Alberto Fernandes – SPURBANUSS Convidados gerais Participaram da reunião 47 (quarenta e sete) pessoas, dentre as quais, empregados das empresas SMT, SPTrans, CET e sociedade civil. [...] Gilmar – faz apresentação sobre o processo de concessão do transporte coletivo do município de São Paulo.
47_2019_Pleno_ordin_ata.pdf;47ª Reunião Ordinária;2019;Composição e Governança do Conselho;4;22.2;conselho, representante;47ª Reunião Ordinária do Conselho Municipal de Transporte e Trânsito – CMTT Data: 23/10/2019 Hora: 09h Local: R. [...] Aproveita para reclamar da falta de diálogo com o conselho referente ao prosseguimento das novas ações.
48_2019_Pleno_ordin_ata.pdf;48ª Reunião Ordinária;2019;Transporte Público Coletivo;11;45.8;frota, onibus, sptrans;Soares de Carvalho – CET  Gerson Carlos Dessia – SPTrans  Christina Maria M. [...] Borges – SPTrans  Vanessa de Lima Benedito – SGM  Leonardo Barbosa de Oliveira - SGM Participantes | Usuários Temáticos e Regionais:  Ana Carolina Nunes – Mobilidade a Pé  Elio J.
48_2019_Pleno_ordin_ata.pdf;48ª Reunião Ordinária;2019;Composição e Governança do Conselho;3;12.5;conselho;"48ª Reunião Ordinária do Conselho Municipal de Transporte e Trânsito - CMTT Data: 13 de dezembro de 2019. [...] Há problemas sérios nos Conselhos; não existe efetiva participação da sociedade."
48_2019_Pleno_ordin_ata.pdf;48ª Reunião Ordinária;2019;Estrutura e Organização da Rede Viária;3;12.5;cet;Participantes | Poder Público:  Michele Perea Cavinato – SMT  Nancy Schneider - CET  Eduardo Macabelli – CET  Maria Célia D. [...] Soares de Carvalho – CET  Gerson Carlos Dessia – SPTrans  Christina Maria M.
48_2019_Pleno_ordin_ata.pdf;48ª Reunião Ordinária;2019;Mobilidade Ativa: Acessibilidade e Pedestres;3;12.5;cadeirante, pedestre;Os pontos dos ônibus tem que ser próximos das esquinas e, consequentemente, das faixas de pedestre (maior transbordo). [...] José Antônio (Toninho) – como cadeirante, é importante que saibam que ninguém pode saber a melhor maneira de me ajudar como eu mesmo.
48_2019_Pleno_ordin_ata.pdf;48ª Reunião Ordinária;2019;Transporte Individual: Aplicativos;2;8.3;aplicativo;Nos aplicativos a tabela que prevê o tempo de baldeações está incorreta. [...] Fernando Caires – em relação aos aplicativos, cada um tem seu tempo de atualização e estamos nos movimentando para melhorar cada vez mais essas atualizações e acompanhar as mudanças que ocorrem.
49_2020_Pleno_ordin_ata.pdf;49ª Reunião Ordinária;2020;Transporte Público Coletivo;8;38.1;metro, onibus, sptrans, transporte coletivo;Marchiori Borges – SPTrans  Maria Cristina F. [...] de Souza – SPURBANUSS Convidados Gerais:  Participaram da reunião 52 pessoas, dentre elas, empregados às empresas SPTrans, CET, SMT e sociedade civil.
49_2020_Pleno_ordin_ata.pdf;49ª Reunião Ordinária;2020;Composição e Governança do Conselho;4;19.0;conselho, representante;49ª Reunião Ordinária do Conselho Municipal de Transporte e Trânsito – CMTT Data: 18/02/2020 Hora: 9h às 12h Local: Rua Barão de Itapetininga, 18 – térreo. [...] Sugere que possam utilizar esses dados para fomentar discussões acerca de políticas públicas, desta forma tornaria a pesquisa mais relevante para o conselho.
49_2020_Pleno_ordin_ata.pdf;49ª Reunião Ordinária;2020;Estrutura e Organização da Rede Viária;4;19.0;cet;Participantes | Poder Público:  Nancy Reis Schneider – CET  Eduardo Macabelli – CET  Maria Célia D. [...] Santana – SMDHC  Izabel Cristina – SME  Michele Perea – SMT  Elisabete França – CET  Eduardo Canhadas – CET Participantes | Usuários Temáticos e Regionais:  João Carcan – Idosos  Carolina M.
49_2020_Pleno_ordin_ata.pdf;49ª Reunião Ordinária;2020;Transporte Individual: Aplicativos;2;9.5;aplicativo;Leandro Chemalle – sugere para a próxima pesquisa ações para detectar a alteração da forma de locomoção da população, que atualmente utiliza o transporte por aplicativo como um complemento aos trajetos realizados pelo transporte público. [...] Idernani Gomes – destaca importância da presença do prestador de serviço de transporte individual por aplicativo na câmara temática e sugere uma reunião que os una os taxistas para debates produtivos.
50_2020_Pleno_ordin_ata.pdf;50ª Reunião Ordinária;2020;Transporte Público Coletivo;63;33.9;emtu, frota, metro, onibus, sptrans, transporte coletivo;"Borges – SPTrans  Eduardo Macabelli - CET  Elisabete França – DP / CET  Maria Cristina F.Biondilo – SPTrans  Nancy Schneider – CET  Irineu Gnecco Filho – Secretaria Municipal de Governo - SG  André Luis G. [...] O software é o que está sendo usado nas empresas (SMT-CET-SPTrans) e tem sido eficiente como todos os outros; é difícil porque cada um usa um software; tudo é um aprendizado neste momento."
50_2020_Pleno_ordin_ata.pdf;50ª Reunião Ordinária;2020;Composição e Governança do Conselho;31;16.7;conselheiro, conselho, regimento interno;Reunião Ordinária do Conselho Municipal de Transporte e Trânsito – CMTT Data: 09.06.2020 - terça-feira Horário: 9:00 às 12:00 (online) Participantes: Órgãos Municipais  Cristina M.M. [...] Pina – Secretaria Municipal de Desenvolvimento Urbano - SMDU  Ana Cristina de Souza - SMDHC Conselheiros  Rodrigo Carlos Ferreira da Silva – Operadores - SINDIMOTOSP  Antonio Raimundo Matias - Operadores - SIMTETAXIS  Ana Carolina – Temático / Mobilidade a Pé  Carolina Guimarães – Temático / Meio Ambiente e Saúde  João Santo Carcan - Temático / Idosos  Rafael Calabria – Temático / ONG  Rafael Drummond - Regional Centro  Paulo Reis – Regional Oeste  Sandra Ramalhoso – Temático / Pessoa com Deficiência  Mauro Calliari – Temático / Mobilidade a Pé  Ênio José da Silva - Regional Norte  Élio J.
50_2020_Pleno_ordin_ata.pdf;50ª Reunião Ordinária;2020;Estrutura e Organização da Rede Viária;25;13.4;cet, rodizio, semaforo;"Borges – SPTrans  Eduardo Macabelli - CET  Elisabete França – DP / CET  Maria Cristina F.Biondilo – SPTrans  Nancy Schneider – CET  Irineu Gnecco Filho – Secretaria Municipal de Governo - SG  André Luis G. [...] O software é o que está sendo usado nas empresas (SMT-CET-SPTrans) e tem sido eficiente como todos os outros; é difícil porque cada um usa um software; tudo é um aprendizado neste momento."
50_2020_Pleno_ordin_ata.pdf;50ª Reunião Ordinária;2020;Segurança Viária;25;13.4;acidente, atropelamento, morte, seguranca, velocidade;Por que não foi promovida nenhuma ação para ampliação do espaço para circulação de bicicletas (ampliação de faixas do viário para circulação de bicicletas e pedestres em segurança)? [...] Como está higienização dos coletivos e equipamentos de segurança para motoristas e cobradores?
50_2020_Pleno_ordin_ata.pdf;50ª Reunião Ordinária;2020;Motocicletas e Motofrete;11;5.9;entregador, moto;Estamos preocupados também com a situação dos motoristas e cobradores de ônibus: gostaria de saber se a SPTrans tem o número de mortos de cobradores e motoristas e o que está sendo feito na pandemia? [...] Como está higienização dos coletivos e equipamentos de segurança para motoristas e cobradores?
50_2020_Pleno_ordin_ata.pdf;50ª Reunião Ordinária;2020;Mobilidade Ativa: Bicicletas;11;5.9;bicicleta, bike, ciclofaixa, ciclovia;"Por que não foi promovida nenhuma ação para ampliação do espaço para circulação de bicicletas (ampliação de faixas do viário para circulação de bicicletas e pedestres em segurança)? [...] Reforçou a importância da mobilidade ativa e comentou o fato das empresas terem diminuído o empréstimo para utilização das bicicletas (campanha ao contrário do resto do mundo); falou sobre um aplicativo oficial utilizado na Nova Zelândia disponibilizando informações sobre o transporte coletivo por ônibus, número de pessoas nas viagens, etc."
50_2020_Pleno_ordin_ata.pdf;50ª Reunião Ordinária;2020;Mobilidade Ativa: Acessibilidade e Pedestres;10;5.4;calcada, pedestre;Por que não foi promovida nenhuma ação para ampliação do espaço para circulação de bicicletas (ampliação de faixas do viário para circulação de bicicletas e pedestres em segurança)? [...] Gilberto – também destacou o fato do poder público ignorar completamente a mobilidade ativa (pedestres) diante da crise atual.
51_2020_Pleno_ordin_ata.pdf;51ª Reunião Ordinária;2020;Transporte Público Coletivo;43;31.6;frota, onibus, sptrans, terminal;Borgonovi - SPTrans  Christina Maria Marchiori Borges - SPTrans  Denise de Campos Bittencourt - SMDU  Eduardo Macabelli - CET  Elisabete França - Secretária de Mobilidade e Transportes – SMT  Gerson Carlos Dessia - SPTrans  Irineu Gnecco Filho – SG  Isabela Muniz - SPTrans  Manoel Messias C. [...] Biondilo - SPTrans  Maria Teresa Diniz – Secretária Executiva - CMTT  Nancy Schneider - CET  Oswaldo Rafael Fantini - SMPED  Vanessa Lima Benedito - SGM Conselheiros | Temáticos, Regionais e Operadores do Transporte  Ademilson Francisco Costa - SIMTETAXIS  Ana Carolina – Mobilidade a Pé  Bárbara H.
51_2020_Pleno_ordin_ata.pdf;51ª Reunião Ordinária;2020;Composição e Governança do Conselho;39;28.7;conselheiro, conselho, eleic, mandato, regimento interno, representante;Reunião Ordinária do Conselho Municipal de Transporte e Trânsito – CMTT Data: 21.07.2020 (terça-feira) Horário: 9:00 às 12:00 (online) Participantes: Conselheiros | Órgãos Municipais  André Luis Gonçalves Pina – SMDU  Carlos Roberto T. [...] Biondilo - SPTrans  Maria Teresa Diniz – Secretária Executiva - CMTT  Nancy Schneider - CET  Oswaldo Rafael Fantini - SMPED  Vanessa Lima Benedito - SGM Conselheiros | Temáticos, Regionais e Operadores do Transporte  Ademilson Francisco Costa - SIMTETAXIS  Ana Carolina – Mobilidade a Pé  Bárbara H.
51_2020_Pleno_ordin_ata.pdf;51ª Reunião Ordinária;2020;Mobilidade Urbana: Organização Geral e Prestação de Contas;17;12.5;orcament, subsidio, tarifa;Aumentou o subsídio com toda essa mudança? [...] Minha sugestão é que se divida o custo total em duas parcelas: qual a parte que está sendo paga pela população pelos bilhetes e qual a parte que está sendo dada em subsídios.
51_2020_Pleno_ordin_ata.pdf;51ª Reunião Ordinária;2020;Mobilidade Ativa: Bicicletas;16;11.8;bicicleta, ciclista, ciclofaixa, ciclovia;de Souza - SPUrbanuss  Carolina Guimarães – Meio Ambiente e Saúde  Fernanda de Campos Bardelli - Bicicletas  Idernani Gomes do Carmo – Regional Leste  Francisco Armando Noschang Christovam - SPUrbanuss  João Santo Carcan – Idosos  Jorge Miguel dos Santos - TRANFRETUR  Ligia Miranda de Oliveira - ONG  Luciana Trindade de Macedo – Regional Centro  Maurício Vieira da Cunha – Regional Sul  Mauro Calliari – Mobilidade a Pé  Paulo Reis - Regional Oeste  Rafael Del Mônaco Drummond – Regional Centro  Rafael Gândara Calabria - ONG  Sandra Ramalhoso – Pessoa com Deficiência  Wesley Florêncio - SIMETESP Maria Teresa – enquanto os participantes entravam informou sobre a funcionalidade do “chat” e “mãozinha”. [...] Nosso foco hoje (praticamente 100% dos empregados), está na rede cicloviária, no cumprimento das metas da administração.
51_2020_Pleno_ordin_ata.pdf;51ª Reunião Ordinária;2020;Estrutura e Organização da Rede Viária;11;8.1;cet, semaforo;Borgonovi - SPTrans  Christina Maria Marchiori Borges - SPTrans  Denise de Campos Bittencourt - SMDU  Eduardo Macabelli - CET  Elisabete França - Secretária de Mobilidade e Transportes – SMT  Gerson Carlos Dessia - SPTrans  Irineu Gnecco Filho – SG  Isabela Muniz - SPTrans  Manoel Messias C. [...] Biondilo - SPTrans  Maria Teresa Diniz – Secretária Executiva - CMTT  Nancy Schneider - CET  Oswaldo Rafael Fantini - SMPED  Vanessa Lima Benedito - SGM Conselheiros | Temáticos, Regionais e Operadores do Transporte  Ademilson Francisco Costa - SIMTETAXIS  Ana Carolina – Mobilidade a Pé  Bárbara H.
52_2020_Pleno_ordin_ata.pdf;52ª Reunião Ordinária;2020;Composição e Governança do Conselho;53;31.2;conselheiro, conselho, eleic, mandato, regimento interno, representante;Reunião Ordinária do Conselho Municipal de Transportes e Trânsito – CMTT Data: 28.09.2020 (segunda-feira) Horário: 9:00 às 12:00 (online) Participantes: Conselheiros | Órgãos Municipais 1. [...] Valtair Ferreira Valadão – CET Conselheiros | Temáticos, Regionais e Operadores do Transporte 1.
52_2020_Pleno_ordin_ata.pdf;52ª Reunião Ordinária;2020;Transporte Público Coletivo;29;17.1;bilhete unico, onibus, sptrans, transporte coletivo;Christina Borges – dos assuntos tratados da SPTrans está tudo correto. [...] Pode ser que tenhamos misturado o seu suplente com alguém de outra cadeira da SPTrans.
52_2020_Pleno_ordin_ata.pdf;52ª Reunião Ordinária;2020;Mobilidade Ativa: Acessibilidade e Pedestres;29;17.1;acessibilidade, cadeirante, calcada, pedestre, travessia;Oswaldo Rafael – gostaria de mencionar que admiro essas ações de alargamento de calçadas e facilitações nas esquinas e dar também uma contribuição. [...] Com relação aos bares e restaurantes ocupando as calçadas, há que ter muito cuidado pois como podemos constatar, o respeito pelas pessoas que caminham não é tão bem observado.
52_2020_Pleno_ordin_ata.pdf;52ª Reunião Ordinária;2020;Estrutura e Organização da Rede Viária;19;11.2;asfalto, cet, corredor, semaforo, via;Valtair Ferreira Valadão – CET Conselheiros | Temáticos, Regionais e Operadores do Transporte 1. [...] Portanto, se eu permitir que as pessoas caminhem pela via sinalizada, chegará um momento em que ela não conseguirá entrar no estabelecimento por falta do rebaixamento.
52_2020_Pleno_ordin_ata.pdf;52ª Reunião Ordinária;2020;Segurança Viária;12;7.1;acidente, morte, seguranca, velocidade;"Rafael Calabria – sou a favor da aprovação; apenas uma observação: estamos tendo mais cuidado para votar um Regimento do Conselho do que o Congresso votou a PL da morte no trânsito ou o governo estadual está votando o PL 529. [...] A minha pergunta é se existe algum conhecimento em relação aos conflitos com atropelamentos e acidentes nesses pontos específicos com grande concentração de pessoas?"
53_2020_Pleno_ordin_ata.pdf;53ª Reunião Ordinária;2020;Segurança Viária;68;33.7;acidente, atropelamento, morte, seguranca, velocidade, visao zero;Soubemos, também, de acidentes ocorridos com Marina quando um ônibus, na Av. [...] Acho que atropelar ciclista não pode ser considerado como acidente.
53_2020_Pleno_ordin_ata.pdf;53ª Reunião Ordinária;2020;Mobilidade Ativa: Bicicletas;60;29.7;bicicleta, bike, ciclista, cicloativismo, ciclofaixa, ciclovia;Fernanda de Campos Bardelli – Bicicleta 9. [...] A Ciclocidade e o cicloativismo tiveram o privilégio de contar com a colaboração de Marina.
53_2020_Pleno_ordin_ata.pdf;53ª Reunião Ordinária;2020;Composição e Governança do Conselho;40;19.8;conselheiro, conselho, eleic, mandato, representante;Reunião Ordinária do Conselho Municipal de Transportes e Trânsito – CMTT Data: 08.12.2020 (terça-feira) Horário: 10:00 às 12:00 (online) Participantes: Conselheiros | Órgãos Municipais 1. [...] Renata de Andrade Leal – SF Conselheiros | Temáticos, Regionais e Operadores do Transporte 1.
54_2021_Pleno_ordin_ata.pdf;54ª Reunião Ordinária;2021;Transporte Público Coletivo;78;32.8;frota, onibus, sptrans, transporte coletivo;Agradeço a participação da equipe da SMT, do Valdemar, Presidente da SPTrans, e de toda equipe, da CET, DSV, DTP, Conselheiros, Sociedade Civil e também do Francisco Christovam, representando a SPUrbanuss. [...] Farei uma pequena apresentação com foco especificamente nos veículos acessíveis (ônibus) que hoje circulam na cidade.
54_2021_Pleno_ordin_ata.pdf;54ª Reunião Ordinária;2021;Mobilidade Ativa: Acessibilidade e Pedestres;68;28.6;acessibilidade, cadeirante, calcada, pedestre;Maria Teresa – nosso próximo ponto da pauta é Acessibilidade. [...] Elas tratarão também das Rotas Escolares Seguras, Territórios Educadores, Áreas Calmas, Rotas de Acessibilidade e do envolvimento da CET com a CPA.
54_2021_Pleno_ordin_ata.pdf;54ª Reunião Ordinária;2021;Composição e Governança do Conselho;34;14.3;conselheiro, conselho, eleic, regimento interno, representante;Reunião Ordinária do Conselho Municipal de Transporte e Trânsito – CMTT Data: 26.02.2021 (sexta-feira) Horário: 9:00 às 12:00 (online) Participantes: Conselheiros | Órgãos Municipais 1. [...] Valtair Ferreira Valadão - CET Conselheiros | Temáticos, Regionais e Operadores do Transporte 1.
54_2021_Pleno_ordin_ata.pdf;54ª Reunião Ordinária;2021;Estrutura e Organização da Rede Viária;25;10.5;cet, corredor, via;Valtair Ferreira Valadão - CET Conselheiros | Temáticos, Regionais e Operadores do Transporte 1. [...] Agradeço a participação da equipe da SMT, do Valdemar, Presidente da SPTrans, e de toda equipe, da CET, DSV, DTP, Conselheiros, Sociedade Civil e também do Francisco Christovam, representando a SPUrbanuss.
55_2021_Pleno_ordin_ata.pdf;55ª Reunião Ordinária;2021;Transporte Público Coletivo;52;27.5;frota, metro, onibus, sptrans, terminal, transporte coletivo;Que em seguida seria feito um balanço sobre os trabalhos que têm sido desenvolvidos nas câmaras temáticas e sobre a criação da câmara temática de transporte coletivo. [...] Agradeceu a participação do(a)s conselheiro(a)s, da diretoria da SPTrans, dos representantes das demais secretarias e das equipes da SMT, CET e SPTrans.
55_2021_Pleno_ordin_ata.pdf;55ª Reunião Ordinária;2021;Mobilidade Ativa: Acessibilidade e Pedestres;31;16.4;acessibilidade, cadeirante, calcada, pedestre, travessia;Questiono: por que as medições tanto de calçadas quanto de vias que serão recapeadas são feitas em metros quadrados? [...] Qual será o tipo de recapeamento das faixas de pedestres?
55_2021_Pleno_ordin_ata.pdf;55ª Reunião Ordinária;2021;Composição e Governança do Conselho;29;15.3;conselheiro, conselho, eleic, mandato, regimento interno, representante;55ª Reunião Ordinária do Conselho Municipal de Trânsito e Transporte – CMTT Data: 30.04.2021 (sexta-feira) Horário: 9:00 às 12:00 (online) Participantes: Conselheiros | Órgãos Municipais 1. [...] Ermel – SGM Conselheiros | Temáticos, Regionais e Operadores do Transporte 1.
55_2021_Pleno_ordin_ata.pdf;55ª Reunião Ordinária;2021;Estrutura e Organização da Rede Viária;27;14.3;asfalto, cet, corredor, recapeamento, semaforo, via;Agradeceu a participação do(a)s conselheiro(a)s, da diretoria da SPTrans, dos representantes das demais secretarias e das equipes da SMT, CET e SPTrans. [...] Maria Teresa – convidou Thiago Ermel para fazer sua apresentação e o agradeceu por sua disponibilidade na realização do trabalho conjunto com a SMT, CET e SPTrans em relação às metas de Mobilidade.
55_2021_Pleno_ordin_ata.pdf;55ª Reunião Ordinária;2021;Mobilidade Ativa: Bicicletas;14;7.4;bicicleta, bike, ciclista, ciclovia;A maioria dessa equipe vai trabalhar de metrô, ônibus, bicicleta e até a pé. [...] Júlio – sou ciclista há 40 anos e quero ver uma cidade cada vez melhor e inclusiva.
55_2021_Pleno_ordin_ata.pdf;55ª Reunião Ordinária;2021;Transporte Individual: Táxis;11;5.8;dtp, taxi, taxista;Esclareço que a SMT, CET, SPTrans, DSV, DTP e suas equipes estão sempre à disposição e são muito cordiais e prestativos para que juntos construamos uma cidade melhor, mais acolhedora, justa e inclusiva. [...] Sobre a câmara da acessibilidade o grupo que discutiu entendeu que ao invés de criar mais uma câmara temática, poderíamos criar assentos de pessoas com deficiência em cada uma das câmaras temáticas (táxi, motos, bicicleta, transporte escolar e transporte coletivo).
56_2021_Pleno_ordin_ata.pdf;56ª Reunião Ordinária;2021;Transporte Público Coletivo;75;33.8;frota, onibus, sptrans, transporte coletivo;Temos o Programa de Metas, as ciclovias a serem construídas e mantidas, vários quilômetros de faixas exclusivas e corredores de ônibus a serem construídos e nada foi mudado a não ser esse olhar à mobilidade. [...] Tivemos uma redução nesse um ano e meio, estamos constatando que as pessoas ainda estão com medo de andar no transporte coletivo e estão partindo para outros modais.
56_2021_Pleno_ordin_ata.pdf;56ª Reunião Ordinária;2021;Composição e Governança do Conselho;70;31.5;conselheiro, conselho, eleic, mandato, posse, representante;56ª Reunião Ordinária do Conselho Municipal de Transporte e Trânsito – CMTT Data: 31.08.2021 (terça-feira) Horário: 9h às 12h (online) Participantes: Conselheiros | Órgãos Municipais 1. [...] Rosângela Sartorelli – SIURB Conselheiros | Temáticos, Regionais e Operadores do Transporte 1.
56_2021_Pleno_ordin_ata.pdf;56ª Reunião Ordinária;2021;Segurança Viária;30;13.5;acidente, morte, seguranca, velocidade;Temos muitas missões e uma das que mais me preocupa é a questão da redução de acidentes. [...] A moto e a bicicleta lideram a preocupação com a questão dos acidentes.
56_2021_Pleno_ordin_ata.pdf;56ª Reunião Ordinária;2021;Estrutura e Organização da Rede Viária;16;7.2;cet, corredor, via;Temos o Programa de Metas, as ciclovias a serem construídas e mantidas, vários quilômetros de faixas exclusivas e corredores de ônibus a serem construídos e nada foi mudado a não ser esse olhar à mobilidade. [...] Como são dois assuntos complexos para o momento, com muitas atribuições, novidades e intensidade, o Levi cuidará da SPTrans e do DTP e para mim ficará a CET e o DSV.
56_2021_Pleno_ordin_ata.pdf;56ª Reunião Ordinária;2021;Motocicletas e Motofrete;13;5.9;moto;A moto e a bicicleta lideram a preocupação com a questão dos acidentes. [...] Sabemos que mesmo com as ciclofaixas não há muita segurança e, a meu ver, pela falta desse convívio do motorista com o ciclista.
57_2021_Pleno_ordin_ata.pdf;57ª Reunião Ordinária;2021;Composição e Governança do Conselho;18;19.6;conselheiro, conselho, eleic, regimento interno, representante;57ª Reunião Ordinária do Conselho Municipal de Transporte e Trânsito – CMTT Data: 22.10.2021 (terça-feira) Horário: 9h às 12h (online) Participantes: Conselheiros | Órgãos Municipais 1. [...] Rosilda M.V Domingues - SPTrans Conselheiros | Temáticos, Regionais e Operadores do Transporte 1.
57_2021_Pleno_ordin_ata.pdf;57ª Reunião Ordinária;2021;Mobilidade Urbana: Organização Geral e Prestação de Contas;15;16.3;orcament, plano diretor, prestacao de contas;Assuntos: Programa de Metas, balanço das ações da SMT, pauta sobre a Revisão do Plano Diretor (que esta em andamento a respeito do tema da mobilidade) e FUNDURB: recursos destinados à mobilidade. [...] Não ficou claro – para mim como o CMTT se insere neste trabalho, ou se é só uma prestação de contas e isso vai ficar específico com a SPTRANS.
57_2021_Pleno_ordin_ata.pdf;57ª Reunião Ordinária;2021;Transporte Público Coletivo;14;15.2;frota, onibus, sptrans, transporte coletivo;Manoel Messias Crispim Santos - SPTrans 12. [...] Rosilda M.V Domingues - SPTrans Conselheiros | Temáticos, Regionais e Operadores do Transporte 1.
57_2021_Pleno_ordin_ata.pdf;57ª Reunião Ordinária;2021;Estrutura e Organização da Rede Viária;11;12.0;cet, corredor, semaforo;A previsão dos corredores vamos dar início na licitação agora, não sei se a gente consegue ter execução este ano. [...] A segunda, em relação a segurança – eu sei que não estão nas metas, mas a fiscalização de motos em semáforo vermelho – eu sei que não se coloca meta no final do ano, mas eu acho que podia ter alguma ação e empenho, nesse assunto.
57_2021_Pleno_ordin_ata.pdf;57ª Reunião Ordinária;2021;Motocicletas e Motofrete;10;10.9;moto;Diego – basicamente acho que ele esta perguntando sobre a regulamentação do motofrete? [...] Adauto – não é sobre o motofrete, até por que o setor de motofrete está bem representado no nosso conselho, é sobre o transporte de mercadorias por aplicativo, pode ser que esteja na mesma comissão, mas no nosso caso seria o transporte por aplicativo de carga – não de pessoas.
57_2021_Pleno_ordin_ata.pdf;57ª Reunião Ordinária;2021;Segurança Viária;9;9.8;acidente, seguranca;"Outro informe é sobre um item de pauta da reunião anterior a respeito do acidente de trânsito com ônibus ocasionando uma morte, nos já recebemos os resultados do pedido de representação que foi formulado pelo Deputado Estadual Carlos Giannasi e pelo Vereador Celso Luis Giannasi em face da municipalidade e da SPTrans. [...] - O ministério público conclui: “Não há razão para instauração de inquérito civil, as reclamadas apresentaram esclarecimentos satisfatórios a respeito dos fatos aqui apurados, comprovando documentalmente suas alegações, viram os autos de forma que o acidente decorreu de um mau funcionamento do sistema em razão da existência de um parafuso que impedia o pleno funcionamento do sistema de bloqueio de portas; não há evidências de omissão da empresa de verificar o bom funcionamento do sistema de bloqueio das portas.” 16/09/2021."
57_2021_Pleno_ordin_ata.pdf;57ª Reunião Ordinária;2021;Mobilidade Ativa: Bicicletas;9;9.8;bicicleta, ciclovia;Maria Teresa – agradece e abre para inscrições de fala com controle de tempo e avisa também que deixou no chat o link com informações da audiência pública sobre a expansão da malha cicloviária – serão apresentados 48 km completando os primeiros 150 km da meta de 300 km. [...] Foi solicitado pelo gabinete do prefeito que montássemos um grupo de trabalho para estudar a regulamentação de OTES – (são as operadoras de tecnologia de entrega, são entregas que podem ser feitas por moto ou bicicleta com regras específicas para cada caso).
58_2021_Pleno_ordin_ata.pdf;58ª Reunião Ordinária;2021;Mobilidade Ativa: Bicicletas;38;25.2;bicicleta, bike, ciclista, ciclofaixa, ciclovia;Lucian de Paula – integrante CT Bicicleta 4. [...] Thomas Yang – palestrante convidado - integrante CT Bicicleta Observadores: 1.
58_2021_Pleno_ordin_ata.pdf;58ª Reunião Ordinária;2021;Transporte Público Coletivo;30;19.9;metro, onibus, sptrans, terminal, transporte coletivo;Manoel Messias Crispim Santos – SPTrans 14. [...] Rafael Camargo – palestrante convidado - SPTrans 22.
58_2021_Pleno_ordin_ata.pdf;58ª Reunião Ordinária;2021;Composição e Governança do Conselho;21;13.9;conselheiro, conselho, eleic, mandato;58ª Reunião Ordinária do Conselho Municipal de Trânsito e Transporte – CMTT Data: 17.12.2021 (sexta-feira) Horário: 9h às 12h (online) Participantes: Conselheiros | Órgãos Municipais 1. [...] Thiago Luiz Rosasco Ermel - SGM Conselheiros | Temáticos, Regionais e Operadores do Transporte 1.
58_2021_Pleno_ordin_ata.pdf;58ª Reunião Ordinária;2021;Segurança Viária;18;11.9;acidente, morte, seguranca, velocidade;Dawton – cumprimentou todos e se apresentou: “Sou especialista em mobilidade e segurança de trânsito, tenho 43 anos de CET, atualmente sou Gerente de Planejamento e Mobilidade, responsável pela estruturação e ampliação do sistema viário e pelos planos cicloviários de integração modal e Coordenador Geral do Plano Cicicloviário da Cidade de São Paulo. [...] Gostaria de perguntar sobre o impacto da pandemia nas mortes de cobradores e motoristas, já li que essa foi uma das categorias mais afetada”.
58_2021_Pleno_ordin_ata.pdf;58ª Reunião Ordinária;2021;Estrutura e Organização da Rede Viária;14;9.3;cet, corredor, engenharia de trafego, via;Dawton – cumprimentou todos e se apresentou: “Sou especialista em mobilidade e segurança de trânsito, tenho 43 anos de CET, atualmente sou Gerente de Planejamento e Mobilidade, responsável pela estruturação e ampliação do sistema viário e pelos planos cicloviários de integração modal e Coordenador Geral do Plano Cicicloviário da Cidade de São Paulo. [...] Com a faixa na esquerda não pensar em corredores, com isso podemos levar os pontos de ônibus para as esquinas como temos conversado há muito tempo.
58_2021_Pleno_ordin_ata.pdf;58ª Reunião Ordinária;2021;Transporte Escolar e Fretamento;9;6.0;escolar, van;Osvaldo Luiz Reis – integrante CT Transporte Escolar 5. [...] Faço parte da Câmara Temática de Transporte Escolar e sempre estamos solicitando a utilização da faixa de ônibus, hoje em São Paulo somos 15.000 escolares, temos crianças que ficam desnecessariamente dentro da van 1h15 para um percurso que não chega a quatro quilômetros.
58_2021_Pleno_ordin_ata.pdf;58ª Reunião Ordinária;2021;Motocicletas e Motofrete;8;5.3;moto;José Montal – integrante CT Motocicleta 3. [...] Gostaria de perguntar sobre o impacto da pandemia nas mortes de cobradores e motoristas, já li que essa foi uma das categorias mais afetada”.
59_2022_Pleno_ordin_ata.pdf;59ª Reunião Ordinária;2022;Composição e Governança do Conselho;65;24.5;conselheiro, conselho, eleic, mandato, posse, representante;59ª Reunião Ordinária do Conselho Municipal de Trânsito e Transporte – CMTT Data: 25.02.2021 (sexta-feira) Horário: 9h às 12h (online) Participantes: Conselheiros | Órgãos Municipais 1. [...] Thiago Luiz Rosasco Ermel - SGM Conselheiros | Operadores do Transporte 1.
59_2022_Pleno_ordin_ata.pdf;59ª Reunião Ordinária;2022;Segurança Viária;41;15.5;acidente, morte, seguranca, velocidade, visao zero;"Teremos a área calma, desenvolvimento de projetos de segurança viária e pedestres, rotas acessíveis, vias seguras, programa de renovação semafórica, mini rotatória - a execução, implantação de um número elevado de faixas de travessia, avanço de calçadas, rota escolar, projeto de ruas completas, rotas acessíveis para idosos e pessoas com deficiência, elaboração e execução de estrutura ciclo viária através da PPP da habitação, os contratos 002 e 003 já foram assinados que é para construção de estrutura das ciclovias e ciclo faixa e nós já estamos próximos de expedir as ordens de serviço para começar a construção de cerca de quase 50 km para esse ano e também a ata de manutenção das ciclovias deve ser publicada amanhã para consulta pública pelo período de 15 dias; portanto são essas as principais atividades e projetos que deverão ser implementados ao longo deste ano. [...] MICHELE - obrigado a todos, a terceira pauta programa faixa azul vai ser apresentado pelo gerente de segurança Júlio Rebelo."
59_2022_Pleno_ordin_ata.pdf;59ª Reunião Ordinária;2022;Transporte Individual: Táxis;41;15.5;dtp, taxi, taxista;Reajuste de Tarifa para o Setor de Táxi – Apresentação: SIMTETAXIS. [...] MICHELE - A segunda pauta foi proposta pela sociedade civil e é o reajuste da tarifa para o setor de táxi e quem vai apresentar é o Ceará, por gentileza.
59_2022_Pleno_ordin_ata.pdf;59ª Reunião Ordinária;2022;Motocicletas e Motofrete;35;13.2;faixa azul, moto;Programa Faixa Azul – Apresentação: SMT/CET. [...] ELVIO - peço permissão para falar, o Reis ele é meu amigo motorista de aplicativo para você ver como é que é importante a coexistência entre os modais a gente sabe que hoje existe uma concorrência que a princípio começou como o nosso entendimento desleal, e que nós mostrávamos que existe assim uma tarifa extremamente baixa por parte de motoristas de aplicativo, uma taxa extremamente alta por parte dessas operadoras e que nós colocamos lá atrás como insustentável .
59_2022_Pleno_ordin_ata.pdf;59ª Reunião Ordinária;2022;Mobilidade Urbana: Organização Geral e Prestação de Contas;28;10.6;custos, orcament, tarifa;"Reajuste de Tarifa para o Setor de Táxi – Apresentação: SIMTETAXIS. [...] Gostaria de fazer algumas considerações sobre o Conselho Municipal de Trânsito e Transportes - CMTT instituído nos termos do Decreto 54058/2013 e 56995/ 2016 tem um caráter consultivo propositivo e participativo em questões relacionadas às ações mobilidade urbana executadas pela SMT diretamente ou por intermédio da SPTRANS e da CET; suas principais atribuições são garantir a gestão democrática e a participação popular na proposição de diretrizes destinadas ao planejamento e aplicação dos recursos orçamentários destinados a melhoria da mobilidade urbana, subsidiar a formulação de políticas públicas municipais relacionadas à política nacional de mobilidade urbana e acompanhar a elaboração e implementação do programa de metas da prefeitura."
59_2022_Pleno_ordin_ata.pdf;59ª Reunião Ordinária;2022;Estrutura e Organização da Rede Viária;16;6.0;cet, corredor, engenharia de trafego, faixa exclusiva, via;"Programa Faixa Azul – Apresentação: SMT/CET. [...] Gostaria de fazer algumas considerações sobre o Conselho Municipal de Trânsito e Transportes - CMTT instituído nos termos do Decreto 54058/2013 e 56995/ 2016 tem um caráter consultivo propositivo e participativo em questões relacionadas às ações mobilidade urbana executadas pela SMT diretamente ou por intermédio da SPTRANS e da CET; suas principais atribuições são garantir a gestão democrática e a participação popular na proposição de diretrizes destinadas ao planejamento e aplicação dos recursos orçamentários destinados a melhoria da mobilidade urbana, subsidiar a formulação de políticas públicas municipais relacionadas à política nacional de mobilidade urbana e acompanhar a elaboração e implementação do programa de metas da prefeitura."
59_2022_Pleno_ordin_ata.pdf;59ª Reunião Ordinária;2022;Transporte Público Coletivo;15;5.7;onibus, sptrans;Christina Maria Marchiori Borges – SPTrans 8. [...] Manoel Messias Crispim Santos – SPTrans 16.
60_2022_Pleno_ordin_ata.pdf;60ª Reunião Ordinária;2022;Transporte Público Coletivo;36;24.5;emtu, frota, onibus, sptrans, terminal, transporte coletivo;Christina Maria Marchiori Borges – SPTRANS 11. [...] Paulo Cesar dos Santos Ferreira - EMTU 29.
60_2022_Pleno_ordin_ata.pdf;60ª Reunião Ordinária;2022;Motocicletas e Motofrete;26;17.7;faixa azul, moto;Balanço dos três primeiros meses de implantação da Faixa Azul. [...] JACKELINE - Não vi nenhuma manifestação, então vamos ao próximo informe é o balanço dos três primeiros meses de implantação da faixa azul.
60_2022_Pleno_ordin_ata.pdf;60ª Reunião Ordinária;2022;Composição e Governança do Conselho;21;14.3;conselheiro, conselho;60ª Reunião Ordinária do Conselho Municipal de Trânsito e Transporte – CMTT Data: 29.04.2022 (sexta-feira) Horário: 9h às 12h (online) Participantes: Conselheiros | Órgãos Municipais 1. [...] Thiago Luiz Rosasco Ermel - SGM Conselheiros | Operadores do Transporte 1.
60_2022_Pleno_ordin_ata.pdf;60ª Reunião Ordinária;2022;Segurança Viária;19;12.9;acidente, seguranca, sinistro, velocidade;Só relembrando esse projeto foi uma provocação do secretário em virtude de um aumento bastante significativo do número de acidentes com moto esse número de acidente com moto veio crescendo nos últimos anos e nós começamos a estudar formas de tentar reduzir esse número de sinistros fizemos uma busca internacional fizemos uma pesquisa de algumas soluções utilizadas em outros países não há um consenso que fosse possível de fazer um copia e cola e utilizar soluções dos outros países nós temos, por exemplo, na Malásia elas apesar de que o número de motos na Malásia é uma coisa extrema alta e eles trabalham com faixas exclusivas e eles tiveram nos últimos 20 anos uma redução de 83% dos sinistros com mortos, outro exemplo foi da Austrália que permite a circulação de motos entre os veículos inclusive ela incentiva a utilização de motos entre os veículos, porém ela só sinaliza como a sinalização vertical ela coloca placas nos corredores informando que a passagem de motos entre os veículos é legal e por outro lado a gente tem outro exemplo da Tailândia que também tem problemas bastante sérios com segurança com sinistros envolvendo motos, porém ele não tomou nenhuma atitude com relação a isso então é o país que tem o maior número de óbitos com motociclistas pesquisamos outros países a Califórnia, por exemplo, a Califórnia ultimamente era o único estado americano que permite a circulação de motos entre os veículos estão nós fizemos uma abordagem extensa em vários países toda a literatura que nós conseguimos obter com relação a isso e depois de discussões técnicas entre a superintendência de projetos superintendência de operações área de normas nós fomos construindo esse projeto e efetivamente implantamos no dia 25 de Janeiro na 23 de Maio entre a Praça das Bandeiras e o complexo João Jorge Saad em torno de 5,5 km no sentido Santana aeroporto essa foi a solicitação que nós fizemos ao SENATRAM e nós obtivemos essa autorização como eu falei por um ano como sinalização experimental e Da qual nós temos que fazer essa esse balanço trimestral encaminhando-a ao SENATRAN. [...] Júlio obrigado pela apresentação acho que a gente tá cumprindo aqui nosso papel do CMTT de acompanhar uma iniciativa que apesar de guardar paralelo com outras que já foram realizadas tem alguma coisa de novo como você destacou, eu senti falta Julio você colocou os sinistros em três períodos eu tenho impressão de que,para ter uma avaliação mais justa e que você pode seguir ao longo do tempo, a gente deveria ter a média móvel de morte antes da instalação e após a instalação e tem alguns gráficos que não dizem nada, você mostrou ali tem sinistros com vitimas e sinistros sem vitimas, podia ter o número de acidentes antes e depois e número de vítimas fatais antes e depois.
60_2022_Pleno_ordin_ata.pdf;60ª Reunião Ordinária;2022;Transporte Individual: Táxis;10;6.8;taxi, taxista;Wagner Caetano – Taxi Luxo Conselheiros da Sociedade Civil | Temáticos e Regionais 1. [...] ELVIO FERNANDES – Bom dia, Parabéns por esse projeto eu acho que ele vem a disciplinar o transito eu falo como taxista como profissional do volante que esta todo dia no trânsito a gente percebe que realmente a 23 de maio ganhou um pouco mais de disciplina o transito é um organismo vivo e quando você disciplina o trânsito você tá ajudando tanto os profissionais taxistas e motoristas de aplicativo e principalmente o público alvo os motociclistas os motoboys entregadores motofrete com relação ao e o senhor Júnior mesmo perguntou seu Gerson Cunha respondeu e é exatamente isso só sabe quem está no guidão quem está atrás do volante e está trabalhando aí em uma carga muitas vezes escravocrata de 16, 18 20 horas e você apaga realmente você dorme com olho aberto você esta sonhando que esta dirigindo pilotando uma moto e você na verdade está colocando a sua vida e dos transeuntes dos outros motociclista e principalmente do transito como eu disse é um organismo vivo, Nós temos que pensar macro, como o próprio Gerson Cunha falou isso foi um caso e não vai ser o último e isso tem que ser apurado divulgado e principalmente cobrado por parte dessas empresas globalizadas que só estão interessados em usar essa mão de obra de maneira e escravatória mesmo e principalmente visando única e exclusivamente o lucro a gente nunca os percebe interessados no coletivo no bem comum e principalmente no bem estar e na salubridade de seus parceiros.
60_2022_Pleno_ordin_ata.pdf;60ª Reunião Ordinária;2022;Estrutura e Organização da Rede Viária;8;5.4;cet, corredor, via;Só relembrando esse projeto foi uma provocação do secretário em virtude de um aumento bastante significativo do número de acidentes com moto esse número de acidente com moto veio crescendo nos últimos anos e nós começamos a estudar formas de tentar reduzir esse número de sinistros fizemos uma busca internacional fizemos uma pesquisa de algumas soluções utilizadas em outros países não há um consenso que fosse possível de fazer um copia e cola e utilizar soluções dos outros países nós temos, por exemplo, na Malásia elas apesar de que o número de motos na Malásia é uma coisa extrema alta e eles trabalham com faixas exclusivas e eles tiveram nos últimos 20 anos uma redução de 83% dos sinistros com mortos, outro exemplo foi da Austrália que permite a circulação de motos entre os veículos inclusive ela incentiva a utilização de motos entre os veículos, porém ela só sinaliza como a sinalização vertical ela coloca placas nos corredores informando que a passagem de motos entre os veículos é legal e por outro lado a gente tem outro exemplo da Tailândia que também tem problemas bastante sérios com segurança com sinistros envolvendo motos, porém ele não tomou nenhuma atitude com relação a isso então é o país que tem o maior número de óbitos com motociclistas pesquisamos outros países a Califórnia, por exemplo, a Califórnia ultimamente era o único estado americano que permite a circulação de motos entre os veículos estão nós fizemos uma abordagem extensa em vários países toda a literatura que nós conseguimos obter com relação a isso e depois de discussões técnicas entre a superintendência de projetos superintendência de operações área de normas nós fomos construindo esse projeto e efetivamente implantamos no dia 25 de Janeiro na 23 de Maio entre a Praça das Bandeiras e o complexo João Jorge Saad em torno de 5,5 km no sentido Santana aeroporto essa foi a solicitação que nós fizemos ao SENATRAM e nós obtivemos essa autorização como eu falei por um ano como sinalização experimental e Da qual nós temos que fazer essa esse balanço trimestral encaminhando-a ao SENATRAN. [...] Eu queria falar sobre a comunicação a CET tem feito posts constantes sobre a faixa azul eu contei rapidamente e cheguei a ver 15 posts sobre a faixa azul uns vídeos super amadores tal me parece com um projeto político muito importante e algumas falas do secretário dão a entender que o plano é espalhar pela cidade já logo já fazer muito mais quando na apresentação é falado que o projeto é de um ano experimental eu estou imaginando que isso vai acontecer a partir daqui a um ano espero muito como um projeto politicamente muito caro e existe uma pressão do sindicato dos motoboys só queria entender se o projeto se a gente experimenta por um ano e somente a partir de um ano teria autorização para fazer outras e outras com esses dados consolidados o antes e o depois.
60_2022_Pleno_ordin_ata.pdf;60ª Reunião Ordinária;2022;Mobilidade Urbana: Organização Geral e Prestação de Contas;8;5.4;custos, orcament, plano diretor, subsidio, tarifa;Revisão do Plano Diretor Estratégico: Andamento dos trabalhos e Calendário das Reuniões Temáticas e Regionais. [...] Quero primeiramente Agradecer o convite para participar e dar esse informe aqui junto ao conselho de Municipal de Trânsito e Transporte e falar um pouquinho sobre o processo de discussão pública dessa revisão intermediária do plano diretor.
60_2022_Pleno_ordin_ata.pdf;60ª Reunião Ordinária;2022;Transporte Escolar e Fretamento;8;5.4;van;JOSE CARLOS BIAGIONI – Esta tendo algum conflito de informação porque a documentação apresentada pela empresa esta sob analise da nossa área de contratos até para que se verifique se todos os requisitos exigidos sejam atendidos na realidade provavelmente ele retorne sim porque ela já tinha os requisitos e nos acreditamos que ela vá continuar atendendo mais qualquer empresa ou cooperativa pode prestar o serviço desde que atenda as regras do jogo há toda transparência tanto é que isso é publico e nós estamos abertos a reuniões que forem necessárias a demonstração de toda parte de documentação e controle tanto é que estamos fazendo reuniões periódicas com acompanhamento da Secretária e do próprio DTP e com a empresa que presta serviço hoje e para complementar com respeito a segunda parte não tem reclamação de falta de atendimento nem do Atende executado por van e nem do Atende executado por taxi ou seja todos os pedidos que nos são feitos são plenamente atendidos e como o Simão falou estamos a disposição para o dialogo recentemente tivemos uma reunião para falarmos sobre taxi não a problema nenhum quanto a isso. [...] SANDRA RAMALHOSO – Bom dia, obrigado Simão, José Carlos por estarem aqui, obrigado conselho para ter colocado essa pauta para nós é muito importante que as pessoas conheçam o serviço porque a gente vem aqui no conselho reclamar muito de ônibus a gente precisa de acessibilidade a gente precisa disso e daquilo e a resposta deles é mas você tem o serviço atende mais que serviço é esse é bom que a população conheça realmente que serviço que é disponibilizado pelo Atende bom pelo que vocês falaram por exemplo uma pessoa com deficiência ela não pode trabalhar e estudar ao mesmo tempo que ela pega a van para trabalhar ela tem que voltar para casa ela não pode ser levada para escola e depois da escola voltar para casa ela não pode por exemplo trabalhar e ter uma terapia, ela não pode estudar e ter uma terapia, ou ela faz uma coisa ou ela faz outra não pode fazer duas coisas no mesmo dia como vocês falaram logo no começo é casa/ serviço/casa então isso realmente dificulta por exemplo para as pessoas que estudam e trabalham os jovens e adolescentes pessoas que já estão no mercado de trabalho adultos pessoas que tem essa dificuldade precisa trabalhar e estudar então gostaria de deixar esse também claro para as pessoas que querem conhecer o serviço Atende que nós é oferecido o cadastro graças a Deus fizeram online depois de muita briga porque a pessoa já tem dificuldade de mobilidade ainda tem que até a SPTRANS voltar para casa depois vai para não sei onde parabéns vocês colocaram aí online o serviço nós temos outras questões que as vezes as pessoas não têm acesso à internet mas pelo menos o serviço já está sendo oferecido online e isso é muito importante para nós, eu queria falar vocês colocaram aqui de 18 a 22 mil reais por van pela idade da van então esse valor que vocês pagam que as empresas de transportes recebem esse valor é fixo não tem relação com o número de viagem, a distância da viagem quer dizer se ele tem veículo novo ele ganha mais se velho ele ganhou menos mas não é condicionante o projeto é isso?
61_2022_Pleno_ordin_ata.pdf;61ª Reunião Ordinária;2022;Transporte Público Coletivo;46;28.2;frota, metro, onibus, sptrans, terminal;61ª Reunião Ordinária do Conselho Municipal de Trânsito e Transporte – CMTT Data: 24.06.2022 (sexta-feira) Horário: 9h às 12h (online) Participantes: Conselheiros | Órgãos Municipais Alexandre Francisco Trunkl – Secretário Adjunto da SMT Ana Pacolo - CET Andrea Compri - SPTrans Anselmo Rizante – TCM SP Bruno Tadeu da Costa - SMDHC Carlos Eduardo Guimarães de Vasconcellos – SVMA Cristiane Yoshie Matsnaka - SMS Cristina Soja - CET Dawton Gaia – Secretário Executivo do CMTT Denise Saliba Dia Gomes - CET Edilson Flausino Silva - SMPED Eduardo Reis - SPTRANS Eleonora Cordeiro Mattoso - SME Igor Pires - EDUCALIBRAS Johnson - CET Marcelo - EDUCALIBRAS Marcelo Almeida – SPTRANS Márcia Casa - CET Marcos Alessandro Ruiz - SETRAM Mariana Santana Pereira Santos - DTP Michele Perea Cavinato – SMT AT Myrna dos Santos Melo - SMPED Olivia Aroucha – SPTRANS Paulo Eduardo Soares Junior – Chefe Assessoria Tecnica da SMT Paulo Matias – SETRAM Rogério Batista - SMT Rogerio de Oliveira Ramos – SMT AT Rosilda - CET Sergio Amaral - CET Sonia de Fatima - SMT AT Thiago Luiz Rosasco Ermel – SGM Vanessa Gac - SETRAM Conselheiros da Sociedade Civil | Temáticos e Regionais Aline Pellegrini Matheus – Ciclistas André Ricardo Barbosa – Regional Norte Antonio Sampaio A. [...] E se tem algum estudo para um aumento da frota de táxis acessíveis?
61_2022_Pleno_ordin_ata.pdf;61ª Reunião Ordinária;2022;Estrutura e Organização da Rede Viária;23;14.1;cet, corredor, faixa exclusiva, rodizio, via;61ª Reunião Ordinária do Conselho Municipal de Trânsito e Transporte – CMTT Data: 24.06.2022 (sexta-feira) Horário: 9h às 12h (online) Participantes: Conselheiros | Órgãos Municipais Alexandre Francisco Trunkl – Secretário Adjunto da SMT Ana Pacolo - CET Andrea Compri - SPTrans Anselmo Rizante – TCM SP Bruno Tadeu da Costa - SMDHC Carlos Eduardo Guimarães de Vasconcellos – SVMA Cristiane Yoshie Matsnaka - SMS Cristina Soja - CET Dawton Gaia – Secretário Executivo do CMTT Denise Saliba Dia Gomes - CET Edilson Flausino Silva - SMPED Eduardo Reis - SPTRANS Eleonora Cordeiro Mattoso - SME Igor Pires - EDUCALIBRAS Johnson - CET Marcelo - EDUCALIBRAS Marcelo Almeida – SPTRANS Márcia Casa - CET Marcos Alessandro Ruiz - SETRAM Mariana Santana Pereira Santos - DTP Michele Perea Cavinato – SMT AT Myrna dos Santos Melo - SMPED Olivia Aroucha – SPTRANS Paulo Eduardo Soares Junior – Chefe Assessoria Tecnica da SMT Paulo Matias – SETRAM Rogério Batista - SMT Rogerio de Oliveira Ramos – SMT AT Rosilda - CET Sergio Amaral - CET Sonia de Fatima - SMT AT Thiago Luiz Rosasco Ermel – SGM Vanessa Gac - SETRAM Conselheiros da Sociedade Civil | Temáticos e Regionais Aline Pellegrini Matheus – Ciclistas André Ricardo Barbosa – Regional Norte Antonio Sampaio A. [...] Passando para o segundo informe: houve um questionamento, porque que na Avenida Santo Amaro próximo a Avenida João Dias, houve uma redução de duas para uma faixa exclusiva de ônibus.
61_2022_Pleno_ordin_ata.pdf;61ª Reunião Ordinária;2022;Mobilidade Ativa: Bicicletas;20;12.3;bicicleta, bike, ciclista, ciclofaixa, ciclovia;61ª Reunião Ordinária do Conselho Municipal de Trânsito e Transporte – CMTT Data: 24.06.2022 (sexta-feira) Horário: 9h às 12h (online) Participantes: Conselheiros | Órgãos Municipais Alexandre Francisco Trunkl – Secretário Adjunto da SMT Ana Pacolo - CET Andrea Compri - SPTrans Anselmo Rizante – TCM SP Bruno Tadeu da Costa - SMDHC Carlos Eduardo Guimarães de Vasconcellos – SVMA Cristiane Yoshie Matsnaka - SMS Cristina Soja - CET Dawton Gaia – Secretário Executivo do CMTT Denise Saliba Dia Gomes - CET Edilson Flausino Silva - SMPED Eduardo Reis - SPTRANS Eleonora Cordeiro Mattoso - SME Igor Pires - EDUCALIBRAS Johnson - CET Marcelo - EDUCALIBRAS Marcelo Almeida – SPTRANS Márcia Casa - CET Marcos Alessandro Ruiz - SETRAM Mariana Santana Pereira Santos - DTP Michele Perea Cavinato – SMT AT Myrna dos Santos Melo - SMPED Olivia Aroucha – SPTRANS Paulo Eduardo Soares Junior – Chefe Assessoria Tecnica da SMT Paulo Matias – SETRAM Rogério Batista - SMT Rogerio de Oliveira Ramos – SMT AT Rosilda - CET Sergio Amaral - CET Sonia de Fatima - SMT AT Thiago Luiz Rosasco Ermel – SGM Vanessa Gac - SETRAM Conselheiros da Sociedade Civil | Temáticos e Regionais Aline Pellegrini Matheus – Ciclistas André Ricardo Barbosa – Regional Norte Antonio Sampaio A. [...] Filho – Regional Oeste Aquilla dos Anjos Couto – Ciclistas Bruno Santana do Nascimento – Estudantil Universitário Caique Alves de Souza – Regional Leste Élio Camargo – Mobilidade a Pé Felipe Claros - Ciclistas George Lima de Queiroz – Regional Oeste Katia Canova – OSC Lucian De Paula Bernardi – Regional Centro Mauro Sérgio Procópio Calliari – Mobilidade a Pé Rafael Drummond – Regional Centro Richard Melo da Silva – Juventude Sandra Ramalhoso – Pessoas com Deficiência Thomas - Ciclistas Vanderlei José Torroni – Regional Centro Operadores do Transporte Adauto Bentivegna Filho - SETCESP Ana Carolina Jarrouge – SETCESP Carlos Alberto - SPURBANUSS Fábio - SINDITAX Marta Fabiola - SINDITAX Valeria Beu - SEDERSP Observadores Bruno Domeneguetti Barreira Leandro Frenham Chemalle Maria de fatima Pinto Teixeira Rafael Camargo Pautas: 1.
61_2022_Pleno_ordin_ata.pdf;61ª Reunião Ordinária;2022;Transporte Individual: Aplicativos;17;10.4;99, aplicativo, app, uber;Bom, era isso que eu tinha para apresentar o DTP agradece a oportunidade de ter apresentado o que é o APP, obrigada. [...] Eu queria saber, quando surgiu esse serviço do SPTAXI, ele era uma tentativa de fazer frente a uma disparidade de tecnologia, eu não vi o comecinho da apresentação e não sei se foram apresentados os números de gente que está usando hoje, como as pessoas estão vendo esse serviço, porque eu acho que essa defasagem técnica, eu já tentei usar esse serviço é muito diferente e menos eficiente do que qualquer outro aplicativo, eu só queria ouvir da moça que apresentou se tem algum número de passageiros e se isso reflete se isso esta realmente cumprindo o objetivo que era o de fazer com que os taxistas também estivessem interligados e oferecendo esse tipo de vantagens que outros serviços oferecem.
61_2022_Pleno_ordin_ata.pdf;61ª Reunião Ordinária;2022;Composição e Governança do Conselho;16;9.8;conselheiro, conselho, regimento interno, representante;61ª Reunião Ordinária do Conselho Municipal de Trânsito e Transporte – CMTT Data: 24.06.2022 (sexta-feira) Horário: 9h às 12h (online) Participantes: Conselheiros | Órgãos Municipais Alexandre Francisco Trunkl – Secretário Adjunto da SMT Ana Pacolo - CET Andrea Compri - SPTrans Anselmo Rizante – TCM SP Bruno Tadeu da Costa - SMDHC Carlos Eduardo Guimarães de Vasconcellos – SVMA Cristiane Yoshie Matsnaka - SMS Cristina Soja - CET Dawton Gaia – Secretário Executivo do CMTT Denise Saliba Dia Gomes - CET Edilson Flausino Silva - SMPED Eduardo Reis - SPTRANS Eleonora Cordeiro Mattoso - SME Igor Pires - EDUCALIBRAS Johnson - CET Marcelo - EDUCALIBRAS Marcelo Almeida – SPTRANS Márcia Casa - CET Marcos Alessandro Ruiz - SETRAM Mariana Santana Pereira Santos - DTP Michele Perea Cavinato – SMT AT Myrna dos Santos Melo - SMPED Olivia Aroucha – SPTRANS Paulo Eduardo Soares Junior – Chefe Assessoria Tecnica da SMT Paulo Matias – SETRAM Rogério Batista - SMT Rogerio de Oliveira Ramos – SMT AT Rosilda - CET Sergio Amaral - CET Sonia de Fatima - SMT AT Thiago Luiz Rosasco Ermel – SGM Vanessa Gac - SETRAM Conselheiros da Sociedade Civil | Temáticos e Regionais Aline Pellegrini Matheus – Ciclistas André Ricardo Barbosa – Regional Norte Antonio Sampaio A. [...] Aprovação dos Conselheiros do CMTT para encaminhamento de Ofício solicitando: a.
61_2022_Pleno_ordin_ata.pdf;61ª Reunião Ordinária;2022;Segurança Viária;11;6.7;acidente, seguranca, sinistro, velocidade;Antônio Bento a faixa do lado esquerdo da pista tínhamos ali mais ou menos 100 m de faixa e a CET nos chamou a atenção na época, que essa faixa não estava sendo tão utilizada pelo transporte público, na época que ela foi implantada operou e muito bem com a ultrapassagem dos carros ali pelo local, porém o pessoal nosso operacionalizando juntamente com a CET e no decorrer percebemos também e concordamos com a CET que realmente estava sendo sub utilizada por não haver uma largura ideal, haja vista ali a pista não permitiu uma largura maior, ficando duas faixas para ônibus só que o ônibus quando acessava essa faixa adicional, causava atritos, muito sinistros por ali, em função dela ser estreita e quando não tinha ninguém operacionalizando ocorriam muitas batidinhas, muitos acidentes ali envolvendo autos particulares, nós tivemos isso no passado e aí o motorista automaticamente não se atreve a usar essa faixa em vista sua largura. [...] KATIA CANOVA - Se eu puder contribuir, na verdade esse programa é da São Paulo Urbanismo e começou ali com as praças do centro histórico, Largo São Francisco, Paysandu, depois fomos para Liberdade e Largo São Bento é um programa que prevê ativação e qualificação de espaços públicos com fluxo de pedestre bastante grande, então ele tem a iniciativa fundamental de segurança do pedestre, ele revê a localização de faixas de pedestres, alargamento de calçadas, tudo visando a segurança do pedestre em locais públicos que têm um fluxo intenso de pessoas, mas também proporcionando projeto, desenho urbano para permanência e prevê a ativação, o que é essa ativação se vocês já passaram no largo São Francisco, Paysandu, todos eles têm um contêiner onde tem muitas vezes cadeiras.
61_2022_Pleno_ordin_ata.pdf;61ª Reunião Ordinária;2022;Transporte Individual: Táxis;11;6.7;dtp, taxi, taxista;61ª Reunião Ordinária do Conselho Municipal de Trânsito e Transporte – CMTT Data: 24.06.2022 (sexta-feira) Horário: 9h às 12h (online) Participantes: Conselheiros | Órgãos Municipais Alexandre Francisco Trunkl – Secretário Adjunto da SMT Ana Pacolo - CET Andrea Compri - SPTrans Anselmo Rizante – TCM SP Bruno Tadeu da Costa - SMDHC Carlos Eduardo Guimarães de Vasconcellos – SVMA Cristiane Yoshie Matsnaka - SMS Cristina Soja - CET Dawton Gaia – Secretário Executivo do CMTT Denise Saliba Dia Gomes - CET Edilson Flausino Silva - SMPED Eduardo Reis - SPTRANS Eleonora Cordeiro Mattoso - SME Igor Pires - EDUCALIBRAS Johnson - CET Marcelo - EDUCALIBRAS Marcelo Almeida – SPTRANS Márcia Casa - CET Marcos Alessandro Ruiz - SETRAM Mariana Santana Pereira Santos - DTP Michele Perea Cavinato – SMT AT Myrna dos Santos Melo - SMPED Olivia Aroucha – SPTRANS Paulo Eduardo Soares Junior – Chefe Assessoria Tecnica da SMT Paulo Matias – SETRAM Rogério Batista - SMT Rogerio de Oliveira Ramos – SMT AT Rosilda - CET Sergio Amaral - CET Sonia de Fatima - SMT AT Thiago Luiz Rosasco Ermel – SGM Vanessa Gac - SETRAM Conselheiros da Sociedade Civil | Temáticos e Regionais Aline Pellegrini Matheus – Ciclistas André Ricardo Barbosa – Regional Norte Antonio Sampaio A. [...] Vamos dar sequência, começando com os informes: o primeiro é uma explicação sobre o SPTAXI que a Mariana do DTP fará para nós.
62_2022_Pleno_ordin_ata.pdf;62ª Reunião Ordinária;2022;Transporte Público Coletivo;75;25.6;frota, onibus, sptrans, transporte coletivo;Apresentação da Resolução CPA/SMPED/031/2021 – Comissão Permanente de Acessibilidade – CPA, que estabelece diretrizes na escolha de modelos de veículos acessíveis (piso alto/piso baixo) a ser adotado pela concedente de serviço de transporte coletivo da cidade de São Paulo. [...] Informes : Por termos três pautas extensas nessa reunião, os informes nos foram respondidos por escrito.No que se refere a SPTRANS eles estarão conosco para esclarecer dúvidas sobre as respostas dadas.
62_2022_Pleno_ordin_ata.pdf;62ª Reunião Ordinária;2022;Motocicletas e Motofrete;53;18.1;entregador, faixa azul, moto;A reunião Ordinária do CMTT e começando, a primeira pauta, queria convidar Alexandre era para falar sobre a ampliação da faixa azul. [...] Apresentação 1 – Ampliação da Faixa Azul de 00:02:10 a 00:25:17 00:25:18 ALEXANDRA – Bom, se tiverem alguma pergunta, eu estarei a disposição para responder o que souber, e que não souber eu pesquiso e respondo depois, obrigado.
62_2022_Pleno_ordin_ata.pdf;62ª Reunião Ordinária;2022;Mobilidade Ativa: Acessibilidade e Pedestres;49;16.7;acessibilidade, cadeirante, calcada, pedestre, travessia;Apresentação da Resolução CPA/SMPED/031/2021 – Comissão Permanente de Acessibilidade – CPA, que estabelece diretrizes na escolha de modelos de veículos acessíveis (piso alto/piso baixo) a ser adotado pela concedente de serviço de transporte coletivo da cidade de São Paulo. [...] As motocicletas hoje, sabemos que o índice de acidentes é muito alto, envolvendo motociclistas, não vamos ser hipócritas, sabemos que hoje tem muita dificuldade para o motociclista respeitar sinalizações, pedestres, como vai ser feita essa fiscalização?
62_2022_Pleno_ordin_ata.pdf;62ª Reunião Ordinária;2022;Estrutura e Organização da Rede Viária;41;14.0;cet, corredor, recapeamento, semaforo, via;A CET vem fazendo esforços no sentido de normalizar a coleta de dados de sinistros fornecidos pela Polícia Civil e pelo INFOSIGA, e também com relação ao tratamento no banco de dados cujo programa que faz a leitura dos boletins de ocorrência apresentou problemas”. [...] Uso de película em táxis que circulam pelos corredores exclusivos de ônibus.
62_2022_Pleno_ordin_ata.pdf;62ª Reunião Ordinária;2022;Segurança Viária;26;8.9;acidente, atropelamento, morte, seguranca, sinistro, velocidade;Informação dos números consolidados de mortes, acidentes e locais mais perigosos de 2021, separados por modal. [...] A CET vem fazendo esforços no sentido de normalizar a coleta de dados de sinistros fornecidos pela Polícia Civil e pelo INFOSIGA, e também com relação ao tratamento no banco de dados cujo programa que faz a leitura dos boletins de ocorrência apresentou problemas”.
62_2022_Pleno_ordin_ata.pdf;62ª Reunião Ordinária;2022;Mobilidade Ativa: Bicicletas;25;8.5;bicicleta, ciclista, ciclofaixa, ciclovia;62ª Reunião Ordinária do Conselho Municipal de Trânsito e Transporte – CMTT Data: 26.08.2022 (sexta-feira) Horário: 9h às 12h (online) Participantes: Conselheiros da Sociedade Civil | Temáticos e Regionais Aline Pellegrini Matheus - Ciclistas Antonio Sampaio A. [...] Uma senhora com muleta, eu acho que teve um derrame de um lado, ela estava praticamente paralisada, entrou o piso baixo porque aqui é só ônibus de piso baixo entrou, eu não sei o que aconteceu, o ônibus esperou o farol abrir para sair e ela estava se movimentando para sentar ou estava levantando, não sei o que passou na frente, se foi uma bicicleta, uma moto, um ônibus, um outro carro, o motorista foi obrigado a frear bruscamente, ela caiu no chão, agora, se essa freada fosse com você Sandra, você seria arremessada ao chão, e a tua cadeira cairia em cima de você e não conseguiria se segurar, o ônibus não deveria partir sem que você estivesse ancorada.
63_2022_Pleno_ordin_ata.pdf;63ª Reunião Ordinária;2022;Transporte Público Coletivo;119;36.4;bilhete unico, frota, onibus, sptrans;63ª Reunião Ordinária do Conselho Municipal de Trânsito e Transporte – CMTT Data: 21.10.2022 (sexta-feira) Horário: 9h às 12h (online) Participantes: Conselheiros | Órgãos Municipais Alexandre Francisco Trunkl – Secretário Adjunto da SMT Aline Moraes - SPTRANS Andrea Compri - SPTRANS Angela - SPTRANS Bárbara Bulhões Schuartz da Costa - SMT GAB Carlos Eduardo Guimarães de Vasconcellos – SVMA Cilene Cabral - SPTRANS Cristina Maria Soja - CET Dawton Roberto Batista Gaia - Secretário Executivo do CMTT Eduardo Castellani Gomes dos Reis - SPTRANS Eduardo Reis - SPTRANS Eliana - EDUCALIBRAS Jackeline Melo - SMT AT Johnson - CET José Monteiro Junior - Secretaria de Transportes de Campinas Lilian Rose - CET Luana - EDUCALIBRAS Luiza Gomide - CET Manoel - SPTRANS Marcelo Moraes Isiama - CET Marcos Alessandro Ruiz - SETRAM Mario Rodrigues - CET Michele Perea Cavinato - SMT AT Olivia Aroucha - SPTRANS Paulo Eduardo Soares Junior – Chefe Assessoria Tecnica da SMT Paulo Matias - SETRAM Rafael Camargo - SPTRANS Ricardo - EDUCALIBRAS Rogério Batista - SMT Rogerio de Oliveira Ramos - SMT AT Rosa Maria de Oliveira - CET Rosilda - CET Rubens - CET Sergio Amaral - CET Simão S. [...] Neto - SPTRANS Suzana De Rosa - SMDHC Wagner Chagas - Diretor de Operações SPTRANS Conselheiros da Sociedade Civil | Temáticos e Regionais Aline Pellegrini Matheus - Ciclistas Antonio Matias 'Ceara' - Taxis Antonio Sampaio A.
63_2022_Pleno_ordin_ata.pdf;63ª Reunião Ordinária;2022;Composição e Governança do Conselho;65;19.9;conselheiro, conselho, eleic, representante;63ª Reunião Ordinária do Conselho Municipal de Trânsito e Transporte – CMTT Data: 21.10.2022 (sexta-feira) Horário: 9h às 12h (online) Participantes: Conselheiros | Órgãos Municipais Alexandre Francisco Trunkl – Secretário Adjunto da SMT Aline Moraes - SPTRANS Andrea Compri - SPTRANS Angela - SPTRANS Bárbara Bulhões Schuartz da Costa - SMT GAB Carlos Eduardo Guimarães de Vasconcellos – SVMA Cilene Cabral - SPTRANS Cristina Maria Soja - CET Dawton Roberto Batista Gaia - Secretário Executivo do CMTT Eduardo Castellani Gomes dos Reis - SPTRANS Eduardo Reis - SPTRANS Eliana - EDUCALIBRAS Jackeline Melo - SMT AT Johnson - CET José Monteiro Junior - Secretaria de Transportes de Campinas Lilian Rose - CET Luana - EDUCALIBRAS Luiza Gomide - CET Manoel - SPTRANS Marcelo Moraes Isiama - CET Marcos Alessandro Ruiz - SETRAM Mario Rodrigues - CET Michele Perea Cavinato - SMT AT Olivia Aroucha - SPTRANS Paulo Eduardo Soares Junior – Chefe Assessoria Tecnica da SMT Paulo Matias - SETRAM Rafael Camargo - SPTRANS Ricardo - EDUCALIBRAS Rogério Batista - SMT Rogerio de Oliveira Ramos - SMT AT Rosa Maria de Oliveira - CET Rosilda - CET Rubens - CET Sergio Amaral - CET Simão S. [...] Neto - SPTRANS Suzana De Rosa - SMDHC Wagner Chagas - Diretor de Operações SPTRANS Conselheiros da Sociedade Civil | Temáticos e Regionais Aline Pellegrini Matheus - Ciclistas Antonio Matias 'Ceara' - Taxis Antonio Sampaio A.
63_2022_Pleno_ordin_ata.pdf;63ª Reunião Ordinária;2022;Mobilidade Urbana: Organização Geral e Prestação de Contas;41;12.5;custos, orcament, prestacao de contas, subsidio, tarifa;Muitas crianças que participaram da atividade durante a semana com a escola voltou no final de semana com seus pais, então foi bem interessante isso nós trabalhamos também com um tipo de relatório, uma prestação de contas aos nossos parceiros, colocando para esses parceiros o resultado dessas ações, a Mapfre, por exemplo, ficou extremamente satisfeita e nós mandamos todo o resultado, nós estamos fechando com a Mapfre, aí uma parceria grande que vai trabalhar de forma perene ao longo do ano os céus da capital. [...] E como questão de ordem, a gente queria falar da pauta que nós solicitamos várias vez por e-mail e mais de um conselheiro mandou e que é uma questão muito importante que é a questão sobre tarifa zero durante o segundo turno das eleições, que é uma coisa que está acontecendo em várias cidades do Brasil, é na maior parte das capitais aderiu, não é importante só a tarifa zero, mas também ter a disponibilidade de ônibus é não no cronograma de baixos intervalos de domingo, mais de um de uma frequência maior para que as pessoas possam votar e que, como essa é uma questão muito importante, ela tem uma sensibilidade do tempo a gente tinha enviado isso por e-mail, foi pedido que isso fosse colocado na pauta e a gente queria que vocês abordassem esse assunto.
63_2022_Pleno_ordin_ata.pdf;63ª Reunião Ordinária;2022;Mobilidade Ativa: Bicicletas;33;10.1;bicicleta, ciclista, ciclofaixa, ciclovia;Neto - SPTRANS Suzana De Rosa - SMDHC Wagner Chagas - Diretor de Operações SPTRANS Conselheiros da Sociedade Civil | Temáticos e Regionais Aline Pellegrini Matheus - Ciclistas Antonio Matias 'Ceara' - Taxis Antonio Sampaio A. [...] Filho – Regional Oeste Aquilla dos Anjos Couto – Ciclistas Bruno Santana do Nascimento – Estudantil Universitário Caique Alves de Souza – Regional Leste Diego Guimaraes Pereira - Sindicato dos trabalhadores Elio Camargo - Mobilidade a pé Gabriela Morita - Mobilidade a pé George Lima de Queiroz – Regional Oeste Hélio WicherNeto - Saude e meio ambiente Katia Canova – OSC Kristofer Willy Alonso de Oliveira - Ciclistas Lucian De Paula Bernardi – Regional Centro Mauro Sérgio Procópio Calliari – Mobilidade a Pé Richard Melo da Silva – Juventude Sandra Ramalhoso – Pessoas com Deficiência Vanderlei Torroni - Ciclistas Operadores do Transporte Ana Carolina Jarrouge – SETCESP Carlos Alberto - SPURBANUSS Felipe Barcellos e Silva - IEMA Gerson Cunha - SINDIMOTOS Marta Fabiola - SINDITAX Valeria Beu - SEDERSP Observadores Camila da Silva Joaquim Camila Santiago Claudia Teofilo Edmur Fabio Saraiva Fernando de Caires Barbosa Francisco Gisele de Souza Fontes Ivone Jordan Jorge Miguel Jorge Moraes Juliana Saad de Marchi Julio Cesar Silveira Lilian Calil Lucas Fernandes Maria de fatima Pinto Teixeira Mauro Ramon Rafaela Virginia Tavares Vitor Hugo Borges Yugulis Pautas: 1.
63_2022_Pleno_ordin_ata.pdf;63ª Reunião Ordinária;2022;Motocicletas e Motofrete;18;5.5;moto;A SPTRANS tem a responsabilidade também de olhar para formação de motoristas, cobradores, fiscais e outros públicos. [...] Como ele colocou agora esse ano, o tema foi à integração e fluidez, e para isso a gente participou do festival, mas também fizemos algumas atividades descentralizadas, como andar de ônibus, motorista do ano, a gente fez também a produção de um vídeo bem interessante, que a gente colocou lá e está servindo como fonte de estudo e até passou em algumas emissoras de TV.
64_2022_Pleno_ordin_ata.pdf;64ª Reunião Ordinária;2022;Estrutura e Organização da Rede Viária;45;18.3;asfalto, cet, corredor, recapeamento, via;64ª Reunião Ordinária do Conselho Municipal de Trânsito e Transporte – CMTT Data: 16.12.2022 (sexta-feira) Horário: 9h às 12h (online) Participantes: Conselheiros | Órgãos Municipais Adriana Jardim Gouveia Alexandre Francisco Trunkl - SMT Ana Carolina Jacob - CET Andréa Compri - SPTRANS Bruno Domeneguetti Barreira Carlos Eduardo Guimarães de Vasconcellos - SVMA Carlos Henrique de Campos Costa - SMT AT Cristiane Yoshie Matsnaka Daniel - EDUCALIBRAS Daniela - CET Dawton Roberto Batista Gaia - SMT AT Eduardo Reis - SPTRANS Gerson Déssia- SPTRANS Isabela Muniz - SPTRANS Jackeline Morena de Oliveira Melo - SMT AT Julio Rebelo - CET Maisa Ferreira dos Santos Marcelo - EDUCALIBRAS Marcos Alessandro Ruiz - SETRAM Michele Perea Cavinato - SMT AT Monica Cristina Figueredo Guerreiro Paulo Eduardo - SMT AT Rafael Camargo - SPTRANS Rogerio Batista - SMT AT Rogerio de Oliveira Ramos - SMT AT Vanessa Gac - SETRAM Conselheiros da Sociedade Civil | Temáticos e Regionais Aline Pellegrini Matheus Ana Jarrouge Antonio Matias Caique Souza Carlos Alberto Elio Camargo George Queiroz Katia Canova Lucian De Paula Mauro Calliari Mauro Ramon Rafaela Moreira Richard Melo Sampaio Sandra Ramalhoso Valéria Beu Observadores Adauto Bentivegna Filho Alexandra Anna Victoria Almeida Ferri Bruno Santana Fabio Saraiva Francisco Christovam Jorge Miguel Rafael Podaris Rogério Viduedo Sodre Pautas: 1. [...] Balanço da Faixa Azul - CET/GST – Alexandra Morgilli Informes: 1.
64_2022_Pleno_ordin_ata.pdf;64ª Reunião Ordinária;2022;Mobilidade Ativa: Bicicletas;39;15.9;bike, ciclista, ciclofaixa, ciclovia;"Programação para implantações e reforma de ciclovias; SMT / Dawton 3. [...] Avaliação do uso de tachões para separação de modais: ""A CET informa que segue a legislação federal, notadamente, Resolução CONTRAN nº 973, Manual Cicloviário e Manual de Sinalização Horizontal, e está acompanhando a consulta pública aberta pelo SENATRAN para ouvir os órgãos e entidades de trânsito sobre a utilização do dispositivo""."
64_2022_Pleno_ordin_ata.pdf;64ª Reunião Ordinária;2022;Composição e Governança do Conselho;36;14.6;conselheiro, conselho, eleic, mandato, representante;64ª Reunião Ordinária do Conselho Municipal de Trânsito e Transporte – CMTT Data: 16.12.2022 (sexta-feira) Horário: 9h às 12h (online) Participantes: Conselheiros | Órgãos Municipais Adriana Jardim Gouveia Alexandre Francisco Trunkl - SMT Ana Carolina Jacob - CET Andréa Compri - SPTRANS Bruno Domeneguetti Barreira Carlos Eduardo Guimarães de Vasconcellos - SVMA Carlos Henrique de Campos Costa - SMT AT Cristiane Yoshie Matsnaka Daniel - EDUCALIBRAS Daniela - CET Dawton Roberto Batista Gaia - SMT AT Eduardo Reis - SPTRANS Gerson Déssia- SPTRANS Isabela Muniz - SPTRANS Jackeline Morena de Oliveira Melo - SMT AT Julio Rebelo - CET Maisa Ferreira dos Santos Marcelo - EDUCALIBRAS Marcos Alessandro Ruiz - SETRAM Michele Perea Cavinato - SMT AT Monica Cristina Figueredo Guerreiro Paulo Eduardo - SMT AT Rafael Camargo - SPTRANS Rogerio Batista - SMT AT Rogerio de Oliveira Ramos - SMT AT Vanessa Gac - SETRAM Conselheiros da Sociedade Civil | Temáticos e Regionais Aline Pellegrini Matheus Ana Jarrouge Antonio Matias Caique Souza Carlos Alberto Elio Camargo George Queiroz Katia Canova Lucian De Paula Mauro Calliari Mauro Ramon Rafaela Moreira Richard Melo Sampaio Sandra Ramalhoso Valéria Beu Observadores Adauto Bentivegna Filho Alexandra Anna Victoria Almeida Ferri Bruno Santana Fabio Saraiva Francisco Christovam Jorge Miguel Rafael Podaris Rogério Viduedo Sodre Pautas: 1. [...] Balanço da movimentação de passageiros no dia da eleição, com quadro comparativo do 1º e 2º turno.
64_2022_Pleno_ordin_ata.pdf;64ª Reunião Ordinária;2022;Segurança Viária;32;13.0;acidente, morte, seguranca, sinistro, velocidade, visao zero;Divulgação do Relatório de Sinistros 2021: “A CET informa que o Relatório de Sinistros referentes ao ano de 2021 encontra-se em fase de ajustes finais para posterior divulgação. [...] TRUNKL - Bom dia aos conselheiros, bom dia aos convidados bem-vindos a sexagésima quarta reunião ordinária do CMTT, antes da abertura, peço licença gostaria de destacar duas premiações, uma da CET e uma da SPTRANS, NO Dia 8 de dezembro, a CET conquistou o primeiro lugar na categoria órgãos integrantes do sistema de trânsito dos municípios, com o projeto piloto da FAIXA AZUL, implantada nas Avenidas 23 de Maio e Bandeirantes, com o objetivo de reduzir acidentes e mortes de motociclistas, prêmio que é promovido pela Secretaria Nacional de Trânsito, SENATRAN e tem por objetivo incentivar a sociedade Brasileira na produção técnica, científica e artística de trabalhos voltados ao tema segurança no trânsito.
64_2022_Pleno_ordin_ata.pdf;64ª Reunião Ordinária;2022;Transporte Público Coletivo;28;11.4;bilhete unico, frota, onibus, sptrans, terminal, transporte coletivo;64ª Reunião Ordinária do Conselho Municipal de Trânsito e Transporte – CMTT Data: 16.12.2022 (sexta-feira) Horário: 9h às 12h (online) Participantes: Conselheiros | Órgãos Municipais Adriana Jardim Gouveia Alexandre Francisco Trunkl - SMT Ana Carolina Jacob - CET Andréa Compri - SPTRANS Bruno Domeneguetti Barreira Carlos Eduardo Guimarães de Vasconcellos - SVMA Carlos Henrique de Campos Costa - SMT AT Cristiane Yoshie Matsnaka Daniel - EDUCALIBRAS Daniela - CET Dawton Roberto Batista Gaia - SMT AT Eduardo Reis - SPTRANS Gerson Déssia- SPTRANS Isabela Muniz - SPTRANS Jackeline Morena de Oliveira Melo - SMT AT Julio Rebelo - CET Maisa Ferreira dos Santos Marcelo - EDUCALIBRAS Marcos Alessandro Ruiz - SETRAM Michele Perea Cavinato - SMT AT Monica Cristina Figueredo Guerreiro Paulo Eduardo - SMT AT Rafael Camargo - SPTRANS Rogerio Batista - SMT AT Rogerio de Oliveira Ramos - SMT AT Vanessa Gac - SETRAM Conselheiros da Sociedade Civil | Temáticos e Regionais Aline Pellegrini Matheus Ana Jarrouge Antonio Matias Caique Souza Carlos Alberto Elio Camargo George Queiroz Katia Canova Lucian De Paula Mauro Calliari Mauro Ramon Rafaela Moreira Richard Melo Sampaio Sandra Ramalhoso Valéria Beu Observadores Adauto Bentivegna Filho Alexandra Anna Victoria Almeida Ferri Bruno Santana Fabio Saraiva Francisco Christovam Jorge Miguel Rafael Podaris Rogério Viduedo Sodre Pautas: 1. [...] TRUNKL - Bom dia aos conselheiros, bom dia aos convidados bem-vindos a sexagésima quarta reunião ordinária do CMTT, antes da abertura, peço licença gostaria de destacar duas premiações, uma da CET e uma da SPTRANS, NO Dia 8 de dezembro, a CET conquistou o primeiro lugar na categoria órgãos integrantes do sistema de trânsito dos municípios, com o projeto piloto da FAIXA AZUL, implantada nas Avenidas 23 de Maio e Bandeirantes, com o objetivo de reduzir acidentes e mortes de motociclistas, prêmio que é promovido pela Secretaria Nacional de Trânsito, SENATRAN e tem por objetivo incentivar a sociedade Brasileira na produção técnica, científica e artística de trabalhos voltados ao tema segurança no trânsito.
64_2022_Pleno_ordin_ata.pdf;64ª Reunião Ordinária;2022;Mobilidade Urbana: Organização Geral e Prestação de Contas;22;8.9;orcament, plano diretor, tarifa;"Apresentação do orçamento para investimentos em mobilidade previsto na Lei Orçamentária de 2023. [...] https://splegisconsulta.saopaulo.sp.leg.br/Pesquisa/DetailsDetalhado?COD_MTRA_L EGL=1&COD_PCSS_CMSP=580&ANO_PCSS_CMSP=2021 Encerramento:  Aprovação da ata;  Aprovação do calendário e  Reunião Extraordinária em 27 de janeiro de 2023, a pedido da Secretaria Municipal de Urbanismo e Licenciamento – SMUL / Planurb, para apresentação da 3ª Etapa da Revisão do Plano Diretor: Alterações previstas na Minuta de Projeto de Lei para Revisão Intermediária do Plano Diretor Estratégico – PDE."
64_2022_Pleno_ordin_ata.pdf;64ª Reunião Ordinária;2022;Motocicletas e Motofrete;21;8.5;entregador, faixa azul, moto;Balanço da Faixa Azul - CET/GST – Alexandra Morgilli Informes: 1. [...] TRUNKL - Bom dia aos conselheiros, bom dia aos convidados bem-vindos a sexagésima quarta reunião ordinária do CMTT, antes da abertura, peço licença gostaria de destacar duas premiações, uma da CET e uma da SPTRANS, NO Dia 8 de dezembro, a CET conquistou o primeiro lugar na categoria órgãos integrantes do sistema de trânsito dos municípios, com o projeto piloto da FAIXA AZUL, implantada nas Avenidas 23 de Maio e Bandeirantes, com o objetivo de reduzir acidentes e mortes de motociclistas, prêmio que é promovido pela Secretaria Nacional de Trânsito, SENATRAN e tem por objetivo incentivar a sociedade Brasileira na produção técnica, científica e artística de trabalhos voltados ao tema segurança no trânsito.
64_2022_Pleno_ordin_ata.pdf;64ª Reunião Ordinária;2022;Mobilidade Ativa: Acessibilidade e Pedestres;18;7.3;calcada, pedestre, travessia;Nós nos preocupamos muito com a situação da Bandeirantes por ser uma via com condições muito diferentes de tráfego, Com elementos novos, o pedestre, a presença do caminhão, nós não tivemos nenhum acidente envolvendo caminhão. [...] Os pedestres, ocorreu no começo, tomamos medidas de inclusive mudar a posição de pontos de ônibus que estava longe de travessia.
65_2023_Pleno_ordin_ata.pdf;65ª Reunião Ordinária;2023;Transporte Público Coletivo;136;32.0;frota, metro, onibus, sptrans, terminal, transporte coletivo;"65ª REUNIÃO ORDINÁRIA DO CONSELHO MUNICIPAL DE TRÂNSITO E TRANSPORTE Data: 24/02/2023 (sexta-feira) Horário: 09h00 as 12h30 (online) Participantes: Conselheiros | Órgãos Municipais Alexandre Bergamini - CET Alexandre Francisco Trunkl - SMT Ana Carolina Jacob - CET Ana Carolina Machado Jacob - CET Bárbara - SPTRANS Beatriz - TCM Bruno Domeneguetti Barreira - SF Carlos Eduardo Guimarães de Vasconcellos - SVMA Claudio Mosquetti - TCM Cristiane Yoshie Matsnaka Dawton Roberto Batista Gaia - SMT AT Eduardo - SPTRANS Fabiano - SPTRANS Fabio Pacini - CET Gerson Déssia - SPTRANS Isabela Muniz - SPTRANS Jackeline - SMT AT Jeová Tenorio Lima - SPTRANS Johnson - CET Livio Rios - TCM Maisa Ferreira dos Santos Marcelo Falcone - TCM Marcos Alessandro Ruiz - SETRAM Marshelle Vasco - SPTRANS Mauro Ramon Myrna dos Santos Melo Olivia Aroucha - SPTRANS Oswaldo Rafael Fantini - SMPED Paulo Eduardo - SMT AT Paulo Matias - SETRAM Rafael - SETRAM Rafael Camargo - SPTRANS Rogerio de Oliveira Ramos - SMT AT Simão S. [...] Neto - SPTRANS Suzana de Rosa - SMDHC Taiane Castro - TCM Thiago Luiz - SGM Vanessa Gac - SETRAM Conselheiros da Sociedade Civil | Temáticos e Regionais e Operadores Aline Pellegrini Matheus Ana Jarrouge Antonio Matias Aquilla Couto Angelo dos Anjos Caique Souza Élio Camargo George Queiroz Katia Canova Mauro Calliari Richard Melo da Siva Sampaio Sandra Ramalhoso Vanderlei Torroni Wagner palma Observadores Adamo Bazani Adauto Bentivegna Filho André Cieplinski Bruno Santana do Nascimento Carmen Araujo Edmur Edson Vidigal Hanna Silveira Leandro Frenham Chemalle Lilian Calil Luana Coutinho Rafael Calabria Rafaela Moreira Richard Martins Rogerio Viduedo Sodre Vanessa Wagner Chagas Willian Moreira Pautas: 1 - Relatório de acidentes e mortes no trânsito 2020, 2021 e 2022; 2 - Ações da SMT na segurança viária; 3 - Balanços das Comissões de Julgamento de Infrações e Multas - COMIM, ano 2022: quantas já foram julgadas e quantas faltam ser?"
65_2023_Pleno_ordin_ata.pdf;65ª Reunião Ordinária;2023;Segurança Viária;66;15.5;acidente, atropelamento, morte, seguranca, velocidade;"Neto - SPTRANS Suzana de Rosa - SMDHC Taiane Castro - TCM Thiago Luiz - SGM Vanessa Gac - SETRAM Conselheiros da Sociedade Civil | Temáticos e Regionais e Operadores Aline Pellegrini Matheus Ana Jarrouge Antonio Matias Aquilla Couto Angelo dos Anjos Caique Souza Élio Camargo George Queiroz Katia Canova Mauro Calliari Richard Melo da Siva Sampaio Sandra Ramalhoso Vanderlei Torroni Wagner palma Observadores Adamo Bazani Adauto Bentivegna Filho André Cieplinski Bruno Santana do Nascimento Carmen Araujo Edmur Edson Vidigal Hanna Silveira Leandro Frenham Chemalle Lilian Calil Luana Coutinho Rafael Calabria Rafaela Moreira Richard Martins Rogerio Viduedo Sodre Vanessa Wagner Chagas Willian Moreira Pautas: 1 - Relatório de acidentes e mortes no trânsito 2020, 2021 e 2022; 2 - Ações da SMT na segurança viária; 3 - Balanços das Comissões de Julgamento de Infrações e Multas - COMIM, ano 2022: quantas já foram julgadas e quantas faltam ser? [...] A gente vai subir uma apresentação aí sobre os dados de acidentes 2021 do último relatório e depois a gente abre para alguma pergunta."
65_2023_Pleno_ordin_ata.pdf;65ª Reunião Ordinária;2023;Estrutura e Organização da Rede Viária;52;12.2;cet, corredor, semaforo, via;65ª REUNIÃO ORDINÁRIA DO CONSELHO MUNICIPAL DE TRÂNSITO E TRANSPORTE Data: 24/02/2023 (sexta-feira) Horário: 09h00 as 12h30 (online) Participantes: Conselheiros | Órgãos Municipais Alexandre Bergamini - CET Alexandre Francisco Trunkl - SMT Ana Carolina Jacob - CET Ana Carolina Machado Jacob - CET Bárbara - SPTRANS Beatriz - TCM Bruno Domeneguetti Barreira - SF Carlos Eduardo Guimarães de Vasconcellos - SVMA Claudio Mosquetti - TCM Cristiane Yoshie Matsnaka Dawton Roberto Batista Gaia - SMT AT Eduardo - SPTRANS Fabiano - SPTRANS Fabio Pacini - CET Gerson Déssia - SPTRANS Isabela Muniz - SPTRANS Jackeline - SMT AT Jeová Tenorio Lima - SPTRANS Johnson - CET Livio Rios - TCM Maisa Ferreira dos Santos Marcelo Falcone - TCM Marcos Alessandro Ruiz - SETRAM Marshelle Vasco - SPTRANS Mauro Ramon Myrna dos Santos Melo Olivia Aroucha - SPTRANS Oswaldo Rafael Fantini - SMPED Paulo Eduardo - SMT AT Paulo Matias - SETRAM Rafael - SETRAM Rafael Camargo - SPTRANS Rogerio de Oliveira Ramos - SMT AT Simão S. [...] Então, é uma coisa que está engajada dentro da cultura da CET atualmente.
65_2023_Pleno_ordin_ata.pdf;65ª Reunião Ordinária;2023;Motocicletas e Motofrete;51;12.0;moto;Eu entendo que existe uma restrição, uma dificuldade técnica, mas a gente tá vendo um descalabro da situação de carros e principalmente motociclistas, ultrapassando sinais. [...] Principalmente em sinais e contravenções, que eu acho que são banais, mas devem estar contribuindo, porque aumentou inclusive o número de acidentes, quando a gente vê os números entre motociclistas e pedestres também.
65_2023_Pleno_ordin_ata.pdf;65ª Reunião Ordinária;2023;Mobilidade Ativa: Acessibilidade e Pedestres;41;9.6;cadeirante, calcada, pedestre, travessia;Principalmente em sinais e contravenções, que eu acho que são banais, mas devem estar contribuindo, porque aumentou inclusive o número de acidentes, quando a gente vê os números entre motociclistas e pedestres também. [...] Fiz 3 projetos, geometria, fiz algumas alternativas mudassem a semafórica, fiz travessia fora da via, propus túnel, só que lá é do D.E.R.
65_2023_Pleno_ordin_ata.pdf;65ª Reunião Ordinária;2023;Mobilidade Ativa: Bicicletas;24;5.6;bicicleta, ciclista, ciclovia;Alexandre além de complementar a pergunta do Mauro e da Kátia, eu sou representante da cadeira de ciclismo, então, lógico, eu vou falar sobre ciclistas. [...] O seu relatório mostra um aumento, especialmente, no último ano das mortes entre ciclistas, que subiu para 44 mortes no ano de 21, o que dá praticamente um ciclista por semana, não é?
65_2023_Pleno_ordin_ata.pdf;65ª Reunião Ordinária;2023;Mobilidade Urbana: Organização Geral e Prestação de Contas;23;5.4;custos, orcament, subsidio, tarifa;"4 - Custos do sistema de bilhetagem e desmobilização dos cobradores. [...] Encerramento:  Aprovação da ata da 64ª Reunião do CMTT;  Reunião Extraordinária em 31 de março de 2023, apresentação do orçamento para investimentos em mobilidade."
65_2023_Pleno_ordin_ata.pdf;65ª Reunião Ordinária;2023;Composição e Governança do Conselho;22;5.2;conselheiro, conselho, representante;"65ª REUNIÃO ORDINÁRIA DO CONSELHO MUNICIPAL DE TRÂNSITO E TRANSPORTE Data: 24/02/2023 (sexta-feira) Horário: 09h00 as 12h30 (online) Participantes: Conselheiros | Órgãos Municipais Alexandre Bergamini - CET Alexandre Francisco Trunkl - SMT Ana Carolina Jacob - CET Ana Carolina Machado Jacob - CET Bárbara - SPTRANS Beatriz - TCM Bruno Domeneguetti Barreira - SF Carlos Eduardo Guimarães de Vasconcellos - SVMA Claudio Mosquetti - TCM Cristiane Yoshie Matsnaka Dawton Roberto Batista Gaia - SMT AT Eduardo - SPTRANS Fabiano - SPTRANS Fabio Pacini - CET Gerson Déssia - SPTRANS Isabela Muniz - SPTRANS Jackeline - SMT AT Jeová Tenorio Lima - SPTRANS Johnson - CET Livio Rios - TCM Maisa Ferreira dos Santos Marcelo Falcone - TCM Marcos Alessandro Ruiz - SETRAM Marshelle Vasco - SPTRANS Mauro Ramon Myrna dos Santos Melo Olivia Aroucha - SPTRANS Oswaldo Rafael Fantini - SMPED Paulo Eduardo - SMT AT Paulo Matias - SETRAM Rafael - SETRAM Rafael Camargo - SPTRANS Rogerio de Oliveira Ramos - SMT AT Simão S. [...] Neto - SPTRANS Suzana de Rosa - SMDHC Taiane Castro - TCM Thiago Luiz - SGM Vanessa Gac - SETRAM Conselheiros da Sociedade Civil | Temáticos e Regionais e Operadores Aline Pellegrini Matheus Ana Jarrouge Antonio Matias Aquilla Couto Angelo dos Anjos Caique Souza Élio Camargo George Queiroz Katia Canova Mauro Calliari Richard Melo da Siva Sampaio Sandra Ramalhoso Vanderlei Torroni Wagner palma Observadores Adamo Bazani Adauto Bentivegna Filho André Cieplinski Bruno Santana do Nascimento Carmen Araujo Edmur Edson Vidigal Hanna Silveira Leandro Frenham Chemalle Lilian Calil Luana Coutinho Rafael Calabria Rafaela Moreira Richard Martins Rogerio Viduedo Sodre Vanessa Wagner Chagas Willian Moreira Pautas: 1 - Relatório de acidentes e mortes no trânsito 2020, 2021 e 2022; 2 - Ações da SMT na segurança viária; 3 - Balanços das Comissões de Julgamento de Infrações e Multas - COMIM, ano 2022: quantas já foram julgadas e quantas faltam ser?"
66_2023_Pleno_ordin_ata.pdf;66ª Reunião Ordinária;2023;Motocicletas e Motofrete;77;19.5;faixa azul, moto;Jeová, queria entender um pouquinho sobre essa fiscalização que a qual você está citando aí, Como é feito essa fiscalização e como está sendo tratado também a educação para esses profissionais, no caso motoristas, Porque a gente sabe que o anjo da guarda ainda, infelizmente alguns carros ainda tem aí a opção que o próprio motorista desbloquear, Alguns carros já estão vindo, assim com a opção de não ter mais o desbloqueio, É Então eu queria que você me respondesse essas 2 opções aí, como está sendo essa fiscalização, em termos de empresa, em termos de profissionais nas ruas. [...] Elas estão espalhadas e aí quando eu falo espalhadas, elas são distribuídas pela cidade, principalmente nos pontos de embarque e desembarque, porque esta ocorrência ela acontece no momento do desembarque ou no momento do embarque, então eles estão espalhados, distribuído pela cidade, nos principais eixos, verificando exatamente o comportamento do motorista para esta questão.
66_2023_Pleno_ordin_ata.pdf;66ª Reunião Ordinária;2023;Transporte Público Coletivo;69;17.5;frota, metro, onibus, sptrans, terminal, transporte coletivo;"66ª REUNIÃO ORDINÁRIA DO CONSELHO MUNICIPAL DE TRÂNSITO e TRANSPORTE - CMTT - 28 ABR 2023 Data: 28/04/2023 (sexta-feira) Horário: 09h00 (online) Participantes: Poder Publico: Alexandre Mathias - TCM Alexandro Antonio Palma - DETRAN Aline - Educalibras Angela - SPTRANS Dr Rafael Dutra - DTP Eduardo Reis - SPTRANS Flávia Novaes - EDUCALIBRAS Fabio Pacini - CET Henrique Bekis - CET Jackeline Morena de Oliveira Melo - SMT AT Jeová Tenorio - SPTRANS Johnson - CET Lilian Rose - CET Livio Rios - TCM Lucas - SMT AT Manoel - SPTRANS Marcelo Moraes - CET Marcos Alessandro Ruiz - SETRAM Marshelle - SPTRANS Monica Miyuki Obara - SF Oswaldo Rafael Fantini - SMPED Paulo Eduardo - SMT AT Rogerio de Oliveira Ramos - SMT AT Rafael Mielnik - SETRAM Ricardo Teixeira - SMT RICHARD MELO DA SILVA Sergio - CET Suzana de Rosa - SMDHC Vanessa Gac Leal - SETRAM Sociedade Civil: Adauto Aline Pellegrini Matheus Antonio Matias Aquilla Couto Bruna Santana do Nascimento Caique Alves de Souza Carlos Alberto Carlos Silveira -TAKSIM Carlos Vasconcellos (Convidado) CREMONESI Diário do Transporte DIEGO GUIMARAES PEREIRA Edimilson Edmur Elio Camargo (Convidado) Elvio Fernandez Fabio Fabio Saraiva George Queiroz INSTRUTOR CARLOS RABELO Katia Canova (Guest) Lilian Calil luciana-ocosta@hotmail.com Mauro Calliari (Convidado) Robson Alves da Silva Rogerio Viduedo Rosilda Sampaio Sandra Ramalhoso Valéria Zold Monteiro Loss Wagner palma Pautas: 1 – “Anjos da Guarda” – fiscalização e treinamento dos operadores; 2 – SPTAXI e MOBIZAP-SP – Esclarecimentos e Status Informes: Status da discussão com secretaria das finanças sobre nova rede e rede noturna. [...] Não é A gente também tem aprimorado porque a questão tecnológica na renovação da frota ela é constante."
66_2023_Pleno_ordin_ata.pdf;66ª Reunião Ordinária;2023;Segurança Viária;64;16.2;acidente, morte, seguranca, sinistro, velocidade, visao zero;É só voltando, a tecnologia do anjo da guarda em si está bastante defasada, porque um dos grandes problemas do anjo da guarda hoje é que ele não, ele não traz total segurança, porque perceba quando o ônibus ele está parando no ponto, o motorista já pode, já consegue abrir a porta. [...] Não só o transbordo que iriam aumentar a nova rede, mas evitar acidentes viários e a segurança pessoal, principalmente das mulheres.
66_2023_Pleno_ordin_ata.pdf;66ª Reunião Ordinária;2023;Transporte Individual: Táxis;45;11.4;alvara, dtp, taxi, taxista;"66ª REUNIÃO ORDINÁRIA DO CONSELHO MUNICIPAL DE TRÂNSITO e TRANSPORTE - CMTT - 28 ABR 2023 Data: 28/04/2023 (sexta-feira) Horário: 09h00 (online) Participantes: Poder Publico: Alexandre Mathias - TCM Alexandro Antonio Palma - DETRAN Aline - Educalibras Angela - SPTRANS Dr Rafael Dutra - DTP Eduardo Reis - SPTRANS Flávia Novaes - EDUCALIBRAS Fabio Pacini - CET Henrique Bekis - CET Jackeline Morena de Oliveira Melo - SMT AT Jeová Tenorio - SPTRANS Johnson - CET Lilian Rose - CET Livio Rios - TCM Lucas - SMT AT Manoel - SPTRANS Marcelo Moraes - CET Marcos Alessandro Ruiz - SETRAM Marshelle - SPTRANS Monica Miyuki Obara - SF Oswaldo Rafael Fantini - SMPED Paulo Eduardo - SMT AT Rogerio de Oliveira Ramos - SMT AT Rafael Mielnik - SETRAM Ricardo Teixeira - SMT RICHARD MELO DA SILVA Sergio - CET Suzana de Rosa - SMDHC Vanessa Gac Leal - SETRAM Sociedade Civil: Adauto Aline Pellegrini Matheus Antonio Matias Aquilla Couto Bruna Santana do Nascimento Caique Alves de Souza Carlos Alberto Carlos Silveira -TAKSIM Carlos Vasconcellos (Convidado) CREMONESI Diário do Transporte DIEGO GUIMARAES PEREIRA Edimilson Edmur Elio Camargo (Convidado) Elvio Fernandez Fabio Fabio Saraiva George Queiroz INSTRUTOR CARLOS RABELO Katia Canova (Guest) Lilian Calil luciana-ocosta@hotmail.com Mauro Calliari (Convidado) Robson Alves da Silva Rogerio Viduedo Rosilda Sampaio Sandra Ramalhoso Valéria Zold Monteiro Loss Wagner palma Pautas: 1 – “Anjos da Guarda” – fiscalização e treinamento dos operadores; 2 – SPTAXI e MOBIZAP-SP – Esclarecimentos e Status Informes: Status da discussão com secretaria das finanças sobre nova rede e rede noturna. [...] Dawton - Tudo bem, é, bom, o nosso próximo assunto é o SP táxi e o mobi ZAP."
66_2023_Pleno_ordin_ata.pdf;66ª Reunião Ordinária;2023;Estrutura e Organização da Rede Viária;38;9.6;asfalto, cet, corredor, recapeamento, semaforo, via;"66ª REUNIÃO ORDINÁRIA DO CONSELHO MUNICIPAL DE TRÂNSITO e TRANSPORTE - CMTT - 28 ABR 2023 Data: 28/04/2023 (sexta-feira) Horário: 09h00 (online) Participantes: Poder Publico: Alexandre Mathias - TCM Alexandro Antonio Palma - DETRAN Aline - Educalibras Angela - SPTRANS Dr Rafael Dutra - DTP Eduardo Reis - SPTRANS Flávia Novaes - EDUCALIBRAS Fabio Pacini - CET Henrique Bekis - CET Jackeline Morena de Oliveira Melo - SMT AT Jeová Tenorio - SPTRANS Johnson - CET Lilian Rose - CET Livio Rios - TCM Lucas - SMT AT Manoel - SPTRANS Marcelo Moraes - CET Marcos Alessandro Ruiz - SETRAM Marshelle - SPTRANS Monica Miyuki Obara - SF Oswaldo Rafael Fantini - SMPED Paulo Eduardo - SMT AT Rogerio de Oliveira Ramos - SMT AT Rafael Mielnik - SETRAM Ricardo Teixeira - SMT RICHARD MELO DA SILVA Sergio - CET Suzana de Rosa - SMDHC Vanessa Gac Leal - SETRAM Sociedade Civil: Adauto Aline Pellegrini Matheus Antonio Matias Aquilla Couto Bruna Santana do Nascimento Caique Alves de Souza Carlos Alberto Carlos Silveira -TAKSIM Carlos Vasconcellos (Convidado) CREMONESI Diário do Transporte DIEGO GUIMARAES PEREIRA Edimilson Edmur Elio Camargo (Convidado) Elvio Fernandez Fabio Fabio Saraiva George Queiroz INSTRUTOR CARLOS RABELO Katia Canova (Guest) Lilian Calil luciana-ocosta@hotmail.com Mauro Calliari (Convidado) Robson Alves da Silva Rogerio Viduedo Rosilda Sampaio Sandra Ramalhoso Valéria Zold Monteiro Loss Wagner palma Pautas: 1 – “Anjos da Guarda” – fiscalização e treinamento dos operadores; 2 – SPTAXI e MOBIZAP-SP – Esclarecimentos e Status Informes: Status da discussão com secretaria das finanças sobre nova rede e rede noturna. [...] Esse alteamento deve estar no mesmo nível, eu acredito nos corredores de ônibus que essa dúvida, esse problema não ocorrem."
66_2023_Pleno_ordin_ata.pdf;66ª Reunião Ordinária;2023;Mobilidade Ativa: Bicicletas;26;6.6;bicicleta, ciclista, ciclofaixa, ciclovia;Também que ele possa fazer parte da solução, do ponto de vista de postura, do ponto de vista de como ele se coloca de comportamento e aí trazendo as questões de bloqueadores, como que é o atendimento em relação aos ciclistas, as pessoas idosas, pessoas deficientes e os pedestres e uma reflexão para que o motorista também possa falar a respeito dele, nesse contexto todo, como que ele ia vê toda essa situação E o que que pode sair desses estudos a questão do que ele pode fazer diferente dali para frente. [...] Tanto a Jaqueline que acompanha um pouco mais próximo, a gente faz um trabalho específico com os ciclistas.
66_2023_Pleno_ordin_ata.pdf;66ª Reunião Ordinária;2023;Transporte Individual: Aplicativos;26;6.6;99, aplicativo, uber;Acordada pelo aplicativo SP táxi, que é da prefeitura de São Paulo. [...] Então, nós temos até ontem, 30300 condutores que tiveram o cadastro realizado no aplicativo.
67_2023_Pleno_ordin_ata.pdf;67ª Reunião Ordinária;2023;Transporte Público Coletivo;128;37.9;bilhete unico, frota, metro, onibus, sptrans, terminal;67ª REUNIÃO ORDINÁRIA DO CONSELHO MUNICIPAL DE TRÂNSITO e TRANSPORTE - CMTT Data: 30/06/2023 (sexta-feira) Horário: 09h00 (online) Participantes: Poder Publico: Ana Jacob - CET Ana Katarina Oliveira Mathias Barbosa - SMDHC Carlos Codesseira - CET Carlos Eduardo Guimarães de Vasconcellos - SVMA Carlos Henrique de Campos Costa - SMT AT Carolina Helena Rodrigues - CGM Celso Gonçalves - SMT Dawton Roberto Batista Gaia - SMT AT Educalibras - SMPED Fabio - CET Fabio Saraiva - SETRAM Gabriela Cordeiro de Paula - SMDHC Joao Bonett Neto - SMT AE Juliana Tiemi Tamanaha - METRO Kátia Moura - SPTRANS lea lopes - SMT AT Manoel - SPTRANS Marcelo Almeida - SPTRANS Marcos Alessandro Ruiz - SETRAM Mauro Ramon - SMUL Michele Perea Cavinato - SMT AT Monica Miyuki Obara - SF Nailton - EDUCALIBRAS Olivia Aroucha - SPTRANS Rafael Mielnik - SETRAM Rosilda - SPTRANS Sergio Amaral - SMT AT Silvio César Lima Ribeiro - GEOSAMPA Simões - DTP Sonia de Fatima - SMT AT Vanessa Gac Leal - SETRAM Sociedade Civil: A. [...] Cremonesi Aline Pellegrini Matheus Antonio Matias Ceara Aquilla Couto Caique Alves De Souza Carlos Alberto Elio Camargo George Queiroz Gustavo Santos Instrutor Carlos Rabelo Katia Canova Mauro Calliari Rafaela Moreira Richard Melo da Silva Sampaio Sandra Ramalhoso Pautas: - Critérios sobre implantação de abrigos (em especial na região das linhas 4092, 3756/10, 4017/10), melhorias nas devolutivas do 156 pela SPTRANS - tratamento das reclamações/sugestões recebidas.
67_2023_Pleno_ordin_ata.pdf;67ª Reunião Ordinária;2023;Transporte Individual: Táxis;47;13.9;alvara, dtp, taxi, taxista;67ª REUNIÃO ORDINÁRIA DO CONSELHO MUNICIPAL DE TRÂNSITO e TRANSPORTE - CMTT Data: 30/06/2023 (sexta-feira) Horário: 09h00 (online) Participantes: Poder Publico: Ana Jacob - CET Ana Katarina Oliveira Mathias Barbosa - SMDHC Carlos Codesseira - CET Carlos Eduardo Guimarães de Vasconcellos - SVMA Carlos Henrique de Campos Costa - SMT AT Carolina Helena Rodrigues - CGM Celso Gonçalves - SMT Dawton Roberto Batista Gaia - SMT AT Educalibras - SMPED Fabio - CET Fabio Saraiva - SETRAM Gabriela Cordeiro de Paula - SMDHC Joao Bonett Neto - SMT AE Juliana Tiemi Tamanaha - METRO Kátia Moura - SPTRANS lea lopes - SMT AT Manoel - SPTRANS Marcelo Almeida - SPTRANS Marcos Alessandro Ruiz - SETRAM Mauro Ramon - SMUL Michele Perea Cavinato - SMT AT Monica Miyuki Obara - SF Nailton - EDUCALIBRAS Olivia Aroucha - SPTRANS Rafael Mielnik - SETRAM Rosilda - SPTRANS Sergio Amaral - SMT AT Silvio César Lima Ribeiro - GEOSAMPA Simões - DTP Sonia de Fatima - SMT AT Vanessa Gac Leal - SETRAM Sociedade Civil: A. [...] Informe: Sorteio de alvarás para veículos adaptados para o ATENDE.
67_2023_Pleno_ordin_ata.pdf;67ª Reunião Ordinária;2023;Mobilidade Urbana: Organização Geral e Prestação de Contas;44;13.0;custos, orcament, plano de mobilidade, plano diretor, subsidio, tarifa;Essas novas Torres gigantescas que o plano diretor fez o favor de liberar na periferia. [...] Eu queria fazer couro ao que ele falou, eu acho muito importante que nós temos um plano diretor, nós temos aí um plano de mobilidade, já está um pouco desatualizado, Não foram feitos corredores ou foram feitos em outros lugares.
67_2023_Pleno_ordin_ata.pdf;67ª Reunião Ordinária;2023;Estrutura e Organização da Rede Viária;33;9.8;cet, corredor, faixa exclusiva, semaforo, via;67ª REUNIÃO ORDINÁRIA DO CONSELHO MUNICIPAL DE TRÂNSITO e TRANSPORTE - CMTT Data: 30/06/2023 (sexta-feira) Horário: 09h00 (online) Participantes: Poder Publico: Ana Jacob - CET Ana Katarina Oliveira Mathias Barbosa - SMDHC Carlos Codesseira - CET Carlos Eduardo Guimarães de Vasconcellos - SVMA Carlos Henrique de Campos Costa - SMT AT Carolina Helena Rodrigues - CGM Celso Gonçalves - SMT Dawton Roberto Batista Gaia - SMT AT Educalibras - SMPED Fabio - CET Fabio Saraiva - SETRAM Gabriela Cordeiro de Paula - SMDHC Joao Bonett Neto - SMT AE Juliana Tiemi Tamanaha - METRO Kátia Moura - SPTRANS lea lopes - SMT AT Manoel - SPTRANS Marcelo Almeida - SPTRANS Marcos Alessandro Ruiz - SETRAM Mauro Ramon - SMUL Michele Perea Cavinato - SMT AT Monica Miyuki Obara - SF Nailton - EDUCALIBRAS Olivia Aroucha - SPTRANS Rafael Mielnik - SETRAM Rosilda - SPTRANS Sergio Amaral - SMT AT Silvio César Lima Ribeiro - GEOSAMPA Simões - DTP Sonia de Fatima - SMT AT Vanessa Gac Leal - SETRAM Sociedade Civil: A. [...] Trechos de via que tenham boa visibilidade tanto para usuários como para os operadores.
67_2023_Pleno_ordin_ata.pdf;67ª Reunião Ordinária;2023;Mobilidade Ativa: Acessibilidade e Pedestres;33;9.8;acessibilidade, cadeirante, calcada, pedestre, travessia;Aproximar o máximo possível de faixas de pedestre quando elas existem ou quando não existe, ás vezes tem um tem um semáforo, um cruzamento semaforizado, mesmo sem travessia, a gente tenta aproximar os pontos desses locais. [...] No entanto, ainda tem uma exigência de uma largura mínima da calçada de 2 m e meio, se não o Abrigo não cabe, E eu faço agora a referência a esse abrigo que faz parte da concessão, E teve um período até que a SPTRANS tentou fazer uma compra de abrigos e a gente queria comprar um abrigo que coubesse em calçada menor que essa largura.
68_2023_Pleno_ordin_ata.pdf;68ª Reunião Ordinária;2023;Mobilidade Ativa: Bicicletas;171;28.5;bicicleta, bike, ciclista, ciclofaixa, ciclovia;CREMONESI Mauro Calliari (Convidado) Roberto Speicys Cardoso Giovanna Reggio Elio (Convidado) Celso - Sec SMT jmontal Katia Canova- IAB George Queiroz (Guest) Richard Melo da Silva Renata Falzoni / Bike é Legal (Guest) Wagner palma Pedro Ivo Rafael Mielnik José Montal / Abramet (Convidado) Carlos Alberto Ana Carolina - CET Julio Cesar Angelo Martinelli Aquilla Couto Carlos Rabelo costa Ana Katarina Oliveira Mathias Barbosa Celso José Antonio (Convidado) Manoel (Convidado) Adauto Bentivegna Filho (Convidado) Sptrans Manoel Ana Jarrouge (Convidado) José Montal / Abramet (Convidado) Renata Falzoni / Bike é Legal (Guest) Fabio - CET (Convidado) Luciana Trindade centro Jose Renato Bergo Mauro Ramon Sampaio Adauto Bentivegna Filho (Convidado) Luciana Trindade Caio Sá Elio (Convidado) Adauto Bentivegna Filho (Convidado) Rose Edmur (Convidado) Gustavo Santos (Convidado) Sandra Ramalhoso (Convidado) Leandro Frenham Chemalle Caio Sa Caio Sa Celso - Secretário - SMT (Convidado) Antonio Matias Thiago Luiz Rosasco Ermel Ilza - SMT-AT Antônio Matias Ceará Marcos Alessandro Ruiz Vanessa Mauro Ramon Vaness Aquilla Couto Ana Carolina CET Rose Aquilla Couto Sofia Aguiar Henrique Escola - Roosevelt Presidente - Pedagógico Pautas 1. [...] Monitoramento de viagens em bicicleta na cidade de SP – Flávio Soares – Ciclocidade Informes 1.
68_2023_Pleno_ordin_ata.pdf;68ª Reunião Ordinária;2023;Estrutura e Organização da Rede Viária;157;26.1;asfalto, cet, corredor, engenharia de trafego, recapeamento, rodizio, semaforo, via;68ª REUNIÃO ORDINÁRIA DO CONSELHO MUNICIPAL DE TRÂNSITO e TRANSPORTE - CMTT - 25 AGO 2023 Data: 25/08/2023 (sexta-feira) Horário: 08h30min a 13:24min- (Online) Participantes PMSPEventos28 Vanessa Gac Leal Dawton Roberto Batista Gaia Sandra Ramalhoso (Convidado) Aline Pellegrini Matheus Pedro Ivo Eduardo Reis - SPTrans Daniel Augusto De Souza Borges Isabella (Convidado) Davi Gouveia - SPTrans SPO/GSO (Convidado) Fabio - CET (Convidado) flavio soares Sampaio Flavio (computador) (Convidado) Márcia - CET (Convidado) ROSA MARIA DE OLIVEIRA Michele Perea Cavinato Carlos Henrique de Campos Costa SOUZA PACHECO Taina, CFE/EDS CAIQUE ALVES DE SOUZA Ilza - SMT-AT Vanderlei Torroni (Convidado) Evandro S. [...] Silva Fabio Saraiva (Convidado) Ana Carolina Jacob - CET (Convidado) Rogerio Viduedo (Convidado) Johnson DR CET (Convidado) Haydee Svab [ASK-AR] (Convidado) Rosilda (Convidado) Joao Bonett Neto Márcia - CET (Convidado) Luccas Bernacchio Gissoni Antonio Matias Tainá Fabio SME (Convidado) Lucian (CTB) Lucas Carvalhedo (Convidado) A.
68_2023_Pleno_ordin_ata.pdf;68ª Reunião Ordinária;2023;Transporte Público Coletivo;112;18.6;bilhete unico, frota, metro, onibus, sptrans, terminal, transporte coletivo;68ª REUNIÃO ORDINÁRIA DO CONSELHO MUNICIPAL DE TRÂNSITO e TRANSPORTE - CMTT - 25 AGO 2023 Data: 25/08/2023 (sexta-feira) Horário: 08h30min a 13:24min- (Online) Participantes PMSPEventos28 Vanessa Gac Leal Dawton Roberto Batista Gaia Sandra Ramalhoso (Convidado) Aline Pellegrini Matheus Pedro Ivo Eduardo Reis - SPTrans Daniel Augusto De Souza Borges Isabella (Convidado) Davi Gouveia - SPTrans SPO/GSO (Convidado) Fabio - CET (Convidado) flavio soares Sampaio Flavio (computador) (Convidado) Márcia - CET (Convidado) ROSA MARIA DE OLIVEIRA Michele Perea Cavinato Carlos Henrique de Campos Costa SOUZA PACHECO Taina, CFE/EDS CAIQUE ALVES DE SOUZA Ilza - SMT-AT Vanderlei Torroni (Convidado) Evandro S. [...] CREMONESI Mauro Calliari (Convidado) Roberto Speicys Cardoso Giovanna Reggio Elio (Convidado) Celso - Sec SMT jmontal Katia Canova- IAB George Queiroz (Guest) Richard Melo da Silva Renata Falzoni / Bike é Legal (Guest) Wagner palma Pedro Ivo Rafael Mielnik José Montal / Abramet (Convidado) Carlos Alberto Ana Carolina - CET Julio Cesar Angelo Martinelli Aquilla Couto Carlos Rabelo costa Ana Katarina Oliveira Mathias Barbosa Celso José Antonio (Convidado) Manoel (Convidado) Adauto Bentivegna Filho (Convidado) Sptrans Manoel Ana Jarrouge (Convidado) José Montal / Abramet (Convidado) Renata Falzoni / Bike é Legal (Guest) Fabio - CET (Convidado) Luciana Trindade centro Jose Renato Bergo Mauro Ramon Sampaio Adauto Bentivegna Filho (Convidado) Luciana Trindade Caio Sá Elio (Convidado) Adauto Bentivegna Filho (Convidado) Rose Edmur (Convidado) Gustavo Santos (Convidado) Sandra Ramalhoso (Convidado) Leandro Frenham Chemalle Caio Sa Caio Sa Celso - Secretário - SMT (Convidado) Antonio Matias Thiago Luiz Rosasco Ermel Ilza - SMT-AT Antônio Matias Ceará Marcos Alessandro Ruiz Vanessa Mauro Ramon Vaness Aquilla Couto Ana Carolina CET Rose Aquilla Couto Sofia Aguiar Henrique Escola - Roosevelt Presidente - Pedagógico Pautas 1.
68_2023_Pleno_ordin_ata.pdf;68ª Reunião Ordinária;2023;Segurança Viária;66;11.0;acidente, atropelamento, morte, seguranca, sinistro, velocidade, visao zero;"Criação da Câmara Temática dos Usuários de Transporte Coletivo - João Bonett – SETRAM - Apresentação do Relatório de Mortes e Sinistros no Trânsito de 2022: "" Os dados de sinistros informados nos relatórios anuais da CET são originados dos boletins de ocorrência disponibilizados pela SSP/SP. [...] Assim, não só pelos dados de segurança viária, que são absurdos de obscenos no centro."
69_2023_Pleno_ordin_ata.pdf;69ª Reunião Ordinária;2023;Mobilidade Ativa: Acessibilidade e Pedestres;111;29.7;acessibilidade, cadeirante, calcada, pedestre, travessia;"Travessias Elevadas: Conceitos, exemplos de locais onde elas foram implantadas com bons resultados, terminais de ônibus e lista de projetos a serem implantados — CET; 2. [...] Hoje serão abordadas duas pautas: a pesquisa do perfil dos usuários de ônibus da cidade de São Paulo, realizada pela SPTrans (São Paulo Transporte S/A) e as travessias elevadas que têm sido implantadas com grande sucesso pela CET (Companhia de Engenharia de Tráfego)."
69_2023_Pleno_ordin_ata.pdf;69ª Reunião Ordinária;2023;Segurança Viária;93;24.9;acidente, atropelamento, morte, seguranca, velocidade;Quanto a travessia elevada, ela é um elemento moderador de tráfego e contribui para a segurança, permitindo que os pedestres e condutores tenham uma melhor percepção do espaço viário, além de obrigar o condutor do veículo a reduzir a velocidade nesse espaço. [...] Todos esses dados a gente tem uma segurança máxima no controle desses dados, a gente obedece à Lei Geral de Proteção de dados.
69_2023_Pleno_ordin_ata.pdf;69ª Reunião Ordinária;2023;Transporte Público Coletivo;67;17.9;frota, metro, onibus, sptrans, terminal, transporte coletivo;"69 ª REUNIÃO ORDINÁRIA DO CONSELHO MUNICIPAL DE TRÂNSITO Data: 27/10/23 Horário de início: 12h10 (online) Duração: 2h27m Participantes: Bruno Santana do Nascimento Celso Gonçalves Barbosa Christina Borges Dawton Roberto Batista Gaia Eduardo Reis – SPTrans (Convidado) Júlio Lilian Lucian CTB Michele Perea Cavinato Paulo Bossi Ricardo Airut Pradas Richard Melo da Silva Sandra Ramalhoso Telma Pautas: 1. [...] Travessias Elevadas: Conceitos, exemplos de locais onde elas foram implantadas com bons resultados, terminais de ônibus e lista de projetos a serem implantados — CET; 2."
69_2023_Pleno_ordin_ata.pdf;69ª Reunião Ordinária;2023;Estrutura e Organização da Rede Viária;36;9.6;asfalto, cet, corredor, engenharia de trafego, semaforo, via;"Travessias Elevadas: Conceitos, exemplos de locais onde elas foram implantadas com bons resultados, terminais de ônibus e lista de projetos a serem implantados — CET; 2. [...] Hoje serão abordadas duas pautas: a pesquisa do perfil dos usuários de ônibus da cidade de São Paulo, realizada pela SPTrans (São Paulo Transporte S/A) e as travessias elevadas que têm sido implantadas com grande sucesso pela CET (Companhia de Engenharia de Tráfego)."
70_2023_Pleno_ordin_ata.pdf;70ª Reunião Ordinária;2023;Transporte Público Coletivo;61;28.1;bilhete unico, frota, metro, onibus, sptrans, transporte coletivo;A rota escolar segura já foi apresentada e é um projeto maravilhoso de desenho urbano, tem como objetivo o acalmamento de tráfego nos centros comerciais, presença de terminais de transporte coletivo, locais onde têm sinistros de trânsito. [...] Sou a Andrea da Superintendência de Remuneração da SPTrans, eu estou aqui para dar um informe da implementação da tarifa zero.
70_2023_Pleno_ordin_ata.pdf;70ª Reunião Ordinária;2023;Composição e Governança do Conselho;54;24.9;conselheiro, conselho, mandato, representante;70ª REUNIÃO ORDINÁRIA DO CONSELHO MUNICIPAL DE TRÂNSITO E TRANSPORTE – CMTT Data: 15/12/2023 (sexta-feira) Horário: 09:00 (online) Participantes Aline Pellegini Matheus Ana Carolina Jacob – CET Aquila Couto – Bicicleta Assessoria Técnica Caique Souza CMTT Zona Leste Carlos Rabelo Costa Dawton Gaia – SMT George Queiroz Leandro Frenham Chemalle Mauro Calliari Michele Perea Cavinato Richard Melo da Silva Sampaio Sandra Ramalhoso 1. [...] Pautas: – Conselho Municipal de Trânsito e Transporte (CMTT) – Balanço do Biênio 22/24 3.
70_2023_Pleno_ordin_ata.pdf;70ª Reunião Ordinária;2023;Mobilidade Urbana: Organização Geral e Prestação de Contas;26;12.0;custos, orcament, tarifa;Michele Perea Cavinato – O próximo informe é o tarifa zero que começa domingo na cidade de São Paulo. [...] Sou a Andrea da Superintendência de Remuneração da SPTrans, eu estou aqui para dar um informe da implementação da tarifa zero.
70_2023_Pleno_ordin_ata.pdf;70ª Reunião Ordinária;2023;Mobilidade Ativa: Bicicletas;23;10.6;bicicleta, bike, ciclista, ciclofaixa, ciclovia;70ª REUNIÃO ORDINÁRIA DO CONSELHO MUNICIPAL DE TRÂNSITO E TRANSPORTE – CMTT Data: 15/12/2023 (sexta-feira) Horário: 09:00 (online) Participantes Aline Pellegini Matheus Ana Carolina Jacob – CET Aquila Couto – Bicicleta Assessoria Técnica Caique Souza CMTT Zona Leste Carlos Rabelo Costa Dawton Gaia – SMT George Queiroz Leandro Frenham Chemalle Mauro Calliari Michele Perea Cavinato Richard Melo da Silva Sampaio Sandra Ramalhoso 1. [...] Os demais assuntos ocupam a mesma posição, com 5%, sobre CMTT e programas SMT (PDM, SP Táxi, Mobizap e Bike SP).
70_2023_Pleno_ordin_ata.pdf;70ª Reunião Ordinária;2023;Estrutura e Organização da Rede Viária;21;9.7;asfalto, cet, corredor, via;70ª REUNIÃO ORDINÁRIA DO CONSELHO MUNICIPAL DE TRÂNSITO E TRANSPORTE – CMTT Data: 15/12/2023 (sexta-feira) Horário: 09:00 (online) Participantes Aline Pellegini Matheus Ana Carolina Jacob – CET Aquila Couto – Bicicleta Assessoria Técnica Caique Souza CMTT Zona Leste Carlos Rabelo Costa Dawton Gaia – SMT George Queiroz Leandro Frenham Chemalle Mauro Calliari Michele Perea Cavinato Richard Melo da Silva Sampaio Sandra Ramalhoso 1. [...] Gostaria de parabenizar a CET pelo prêmio Senatran 2023, na categoria Implementação de Iniciativa Soluções Tecnológicas de projetos relacionados à estrutura viária, será, inclusive, nosso primeiro informe.
70_2023_Pleno_ordin_ata.pdf;70ª Reunião Ordinária;2023;Segurança Viária;12;5.5;acidente, morte, seguranca, sinistro, velocidade;A rota escolar segura já foi apresentada e é um projeto maravilhoso de desenho urbano, tem como objetivo o acalmamento de tráfego nos centros comerciais, presença de terminais de transporte coletivo, locais onde têm sinistros de trânsito. [...] Isso tudo a partir da redefinição das áreas de velocidade reduzida.
71_2024_Pleno_ordin_ata.pdf;71ª Reunião Ordinária;2024;Composição e Governança do Conselho;146;33.4;conselheiro, conselho, eleic, mandato, posse, representante;71 ª REUNIÃO ORDINÁRIA DO CONSELHO MUNICIPAL DE TRÂNSITO E TRANSPORTE - CMTT Data: 1/3/2024 Horário de início: 10h00 (online) Duração: 2h48m Participantes: Adauto Bentivegna Filho (Conselheiro - Operadores) Alexandre Bandeliauskas (Conselheiro – Sociedade Civil) Alexandre Burgel / Zona Sul CMTT - (Conselheiro – Sociedade Civil) Aline Pellegrini Matheus (Ex-Conselheiro – Sociedade Civil) Ana Carolina Jacob - CET (Conselheiro – Governo / CET) Ana Júlia Silva Ribeiro - (Conselheiro – Governo / SGM) Ana Paula Lima (Conselheiro – Sociedade Civil) Andrea — SPTrans (Conselheiro – Governo / SPTrans) Antonio Leria – SETRAM/Imprensa Antonio Matias Ceará (Conselheiro – Operadores) Ricardo Pradas – SMT/AT Caíque Souza — CMTT ZL (Conselheiro – Sociedade Civil) Carlos Eduardo Guimarães de Vasconcellos (Conselheiro – Governo / SVMA) Carlos Rabelo da Costa (Conselheiro – Sociedade Civil) Caroline Duarte (Conselheiro - Operadores) Celso Gonçalves Barbosa — Secretário- SMT Daniel Augusto De Souza Borges (Conselheiro – Governo / SF) Dawton Roberto Batista Gaia — SMT/AT Debora Sipukow (Conselheiro – Governo / SMS) Edilson Flausino (Conselheiro – Sociedade Civil) Eduardo Lorenzon Junior (Conselheiro – Sociedade Civil) Eduardo Reis — SPTrans (Conselheiro – Governo / SPTrans) EducaLibras — Marcelo (Apoio) Evandro Silva (Conselheiro – Sociedade Civil) Fabio Saraiva – Imprensa/SETRAM Fernanda Ormelezi Pitombo - (Conselheiro – Governo / SMUL) Francisco Antônio Camurça (Conselheiro – Sociedade Civil) Francisco Comparette (Conselheiro – Sociedade Civil) George Queiroz (Conselheiro – Sociedade Civil) Gerson Déssia — (Conselheiro – Governo / SPTrans) Gustavo dos Santos Azevedo (Conselheiro – Sociedade Civil) Hector Batista — UEE (Conselheiro – Sociedade Civil) Idernani Gomes do Carmo (Conselheiro – Sociedade Civil) Isabella - SETRAM Izabel (Conselheiro – Governo / SME) Izumu Honda (Conselheiro – Sociedade Civil) Jackeline Morena de Oliveira Melo – SMT/AT Jorge Gustavo Pinna Rodrigues José Alberto — GPO/CET José Renato (Conselheiro – Governo / SMPED) Juliana Gatti Pereira Rodrigues (Conselheiro – Sociedade Civil) Katia Canova — IAB/SP (Ex-Conselheiro – Sociedade Civil) Manoel SPTrans (Conselheiro – Governo / SPTrans) Marcelo Almeida Pereira (Conselheiro – Governo / SMDH) Marcelo Marques (Conselheiro – Sociedade Civil) Marcelo Takishi Scrocco (Conselheiro – Governo / SMS) Marco Antonio Portugal (Conselheiro – Sociedade Civil) Marcos Alessandro Ruiz — SETRAM Mario Rodrigues (Conselheiro – Governo / CET) Marta L. [...] Porta (Conselheiro – Sociedade Civil) Mateus Jr.
71_2024_Pleno_ordin_ata.pdf;71ª Reunião Ordinária;2024;Mobilidade Ativa: Bicicletas;78;17.8;bicicleta, ciclista, ciclofaixa, ciclovia;"Mauro Calliari (Ex-Conselheiro – Sociedade Civil) Mércia Gomes (Conselheiro – Sociedade Civil) Michele Perea Cavinato – SMT/AT Nailton Francisco de Souza - (Conselheiro – Operadores) Pablo Santos - (Conselheiro – Governo / SIURB) Pamela Escolastico Rodrigues (Conselheiro – Governo / SMUL) Phillipe Dantas (Convidado) - (Conselheiro – Sociedade Civil) Rafaela Moreira (Convidado) - (Conselheiro – Sociedade Civil) Renan Alves Da Silva - (Conselheiro – Sociedade Civil) Renan Villarta - (Conselheiro – Sociedade Civil) Richard Melo da Silva (Conselheiro – Sociedade Civil) Rogerio Viduedo — Jornal Bicicleta (Ex-Conselheiro – Sociedade Civil) Rosilda (Conselheiro – Governo / SPTrans) Antônio Sampaio (Ex-Conselheiro – Sociedade Civil) Sandra Ramalhoso Titular (Ex-Conselheiro – Sociedade Civil) Sara Raquel Miranda de Araujo - SETRAM Silvio Silva (Conselheiro – Sociedade Civil) Sofia Aguiar Vanderlei Bonifácio (Conselheiro – Sociedade Civil) Vanderlei de Souza Meireles (Conselheiro – Sociedade Civil) Vanderlei Torroni (Conselheiro – Sociedade Civil) Vanessa Gac Leal - (Conselheiro – Governo / SETRAM) Vitoria Borges da Silva (Ex-Conselheiro – Sociedade Civil) Xênia Vaz (Conselheiro – Sociedade Civil) Pautas:  Câmaras Temáticas do CMTT;  Fala dos Conselheiros da Gestão 22–24;  Posse dos novos Conselheiros;  Escolha da Coordenação Executiva para o Conselho: 2 (dois) Conselheiros por bancada (titular e suplente), Sociedade Civil, Operadores de Transporte e Governo. [...] São os fóruns criados para tratar de setores específicos, como bicicleta, mobilidade a pé, moto, táxi e transporte escolar."
71_2024_Pleno_ordin_ata.pdf;71ª Reunião Ordinária;2024;Estrutura e Organização da Rede Viária;42;9.6;asfalto, cet, corredor, faixa exclusiva, recapeamento, semaforo, via;71 ª REUNIÃO ORDINÁRIA DO CONSELHO MUNICIPAL DE TRÂNSITO E TRANSPORTE - CMTT Data: 1/3/2024 Horário de início: 10h00 (online) Duração: 2h48m Participantes: Adauto Bentivegna Filho (Conselheiro - Operadores) Alexandre Bandeliauskas (Conselheiro – Sociedade Civil) Alexandre Burgel / Zona Sul CMTT - (Conselheiro – Sociedade Civil) Aline Pellegrini Matheus (Ex-Conselheiro – Sociedade Civil) Ana Carolina Jacob - CET (Conselheiro – Governo / CET) Ana Júlia Silva Ribeiro - (Conselheiro – Governo / SGM) Ana Paula Lima (Conselheiro – Sociedade Civil) Andrea — SPTrans (Conselheiro – Governo / SPTrans) Antonio Leria – SETRAM/Imprensa Antonio Matias Ceará (Conselheiro – Operadores) Ricardo Pradas – SMT/AT Caíque Souza — CMTT ZL (Conselheiro – Sociedade Civil) Carlos Eduardo Guimarães de Vasconcellos (Conselheiro – Governo / SVMA) Carlos Rabelo da Costa (Conselheiro – Sociedade Civil) Caroline Duarte (Conselheiro - Operadores) Celso Gonçalves Barbosa — Secretário- SMT Daniel Augusto De Souza Borges (Conselheiro – Governo / SF) Dawton Roberto Batista Gaia — SMT/AT Debora Sipukow (Conselheiro – Governo / SMS) Edilson Flausino (Conselheiro – Sociedade Civil) Eduardo Lorenzon Junior (Conselheiro – Sociedade Civil) Eduardo Reis — SPTrans (Conselheiro – Governo / SPTrans) EducaLibras — Marcelo (Apoio) Evandro Silva (Conselheiro – Sociedade Civil) Fabio Saraiva – Imprensa/SETRAM Fernanda Ormelezi Pitombo - (Conselheiro – Governo / SMUL) Francisco Antônio Camurça (Conselheiro – Sociedade Civil) Francisco Comparette (Conselheiro – Sociedade Civil) George Queiroz (Conselheiro – Sociedade Civil) Gerson Déssia — (Conselheiro – Governo / SPTrans) Gustavo dos Santos Azevedo (Conselheiro – Sociedade Civil) Hector Batista — UEE (Conselheiro – Sociedade Civil) Idernani Gomes do Carmo (Conselheiro – Sociedade Civil) Isabella - SETRAM Izabel (Conselheiro – Governo / SME) Izumu Honda (Conselheiro – Sociedade Civil) Jackeline Morena de Oliveira Melo – SMT/AT Jorge Gustavo Pinna Rodrigues José Alberto — GPO/CET José Renato (Conselheiro – Governo / SMPED) Juliana Gatti Pereira Rodrigues (Conselheiro – Sociedade Civil) Katia Canova — IAB/SP (Ex-Conselheiro – Sociedade Civil) Manoel SPTrans (Conselheiro – Governo / SPTrans) Marcelo Almeida Pereira (Conselheiro – Governo / SMDH) Marcelo Marques (Conselheiro – Sociedade Civil) Marcelo Takishi Scrocco (Conselheiro – Governo / SMS) Marco Antonio Portugal (Conselheiro – Sociedade Civil) Marcos Alessandro Ruiz — SETRAM Mario Rodrigues (Conselheiro – Governo / CET) Marta L. [...] Todos os projetos passaram pela avaliação da CET e da SMT, em conjunto, onde eles foram aprovados.
71_2024_Pleno_ordin_ata.pdf;71ª Reunião Ordinária;2024;Transporte Público Coletivo;39;8.9;onibus, sptrans, terminal;"71 ª REUNIÃO ORDINÁRIA DO CONSELHO MUNICIPAL DE TRÂNSITO E TRANSPORTE - CMTT Data: 1/3/2024 Horário de início: 10h00 (online) Duração: 2h48m Participantes: Adauto Bentivegna Filho (Conselheiro - Operadores) Alexandre Bandeliauskas (Conselheiro – Sociedade Civil) Alexandre Burgel / Zona Sul CMTT - (Conselheiro – Sociedade Civil) Aline Pellegrini Matheus (Ex-Conselheiro – Sociedade Civil) Ana Carolina Jacob - CET (Conselheiro – Governo / CET) Ana Júlia Silva Ribeiro - (Conselheiro – Governo / SGM) Ana Paula Lima (Conselheiro – Sociedade Civil) Andrea — SPTrans (Conselheiro – Governo / SPTrans) Antonio Leria – SETRAM/Imprensa Antonio Matias Ceará (Conselheiro – Operadores) Ricardo Pradas – SMT/AT Caíque Souza — CMTT ZL (Conselheiro – Sociedade Civil) Carlos Eduardo Guimarães de Vasconcellos (Conselheiro – Governo / SVMA) Carlos Rabelo da Costa (Conselheiro – Sociedade Civil) Caroline Duarte (Conselheiro - Operadores) Celso Gonçalves Barbosa — Secretário- SMT Daniel Augusto De Souza Borges (Conselheiro – Governo / SF) Dawton Roberto Batista Gaia — SMT/AT Debora Sipukow (Conselheiro – Governo / SMS) Edilson Flausino (Conselheiro – Sociedade Civil) Eduardo Lorenzon Junior (Conselheiro – Sociedade Civil) Eduardo Reis — SPTrans (Conselheiro – Governo / SPTrans) EducaLibras — Marcelo (Apoio) Evandro Silva (Conselheiro – Sociedade Civil) Fabio Saraiva – Imprensa/SETRAM Fernanda Ormelezi Pitombo - (Conselheiro – Governo / SMUL) Francisco Antônio Camurça (Conselheiro – Sociedade Civil) Francisco Comparette (Conselheiro – Sociedade Civil) George Queiroz (Conselheiro – Sociedade Civil) Gerson Déssia — (Conselheiro – Governo / SPTrans) Gustavo dos Santos Azevedo (Conselheiro – Sociedade Civil) Hector Batista — UEE (Conselheiro – Sociedade Civil) Idernani Gomes do Carmo (Conselheiro – Sociedade Civil) Isabella - SETRAM Izabel (Conselheiro – Governo / SME) Izumu Honda (Conselheiro – Sociedade Civil) Jackeline Morena de Oliveira Melo – SMT/AT Jorge Gustavo Pinna Rodrigues José Alberto — GPO/CET José Renato (Conselheiro – Governo / SMPED) Juliana Gatti Pereira Rodrigues (Conselheiro – Sociedade Civil) Katia Canova — IAB/SP (Ex-Conselheiro – Sociedade Civil) Manoel SPTrans (Conselheiro – Governo / SPTrans) Marcelo Almeida Pereira (Conselheiro – Governo / SMDH) Marcelo Marques (Conselheiro – Sociedade Civil) Marcelo Takishi Scrocco (Conselheiro – Governo / SMS) Marco Antonio Portugal (Conselheiro – Sociedade Civil) Marcos Alessandro Ruiz — SETRAM Mario Rodrigues (Conselheiro – Governo / CET) Marta L. [...] Mauro Calliari (Ex-Conselheiro – Sociedade Civil) Mércia Gomes (Conselheiro – Sociedade Civil) Michele Perea Cavinato – SMT/AT Nailton Francisco de Souza - (Conselheiro – Operadores) Pablo Santos - (Conselheiro – Governo / SIURB) Pamela Escolastico Rodrigues (Conselheiro – Governo / SMUL) Phillipe Dantas (Convidado) - (Conselheiro – Sociedade Civil) Rafaela Moreira (Convidado) - (Conselheiro – Sociedade Civil) Renan Alves Da Silva - (Conselheiro – Sociedade Civil) Renan Villarta - (Conselheiro – Sociedade Civil) Richard Melo da Silva (Conselheiro – Sociedade Civil) Rogerio Viduedo — Jornal Bicicleta (Ex-Conselheiro – Sociedade Civil) Rosilda (Conselheiro – Governo / SPTrans) Antônio Sampaio (Ex-Conselheiro – Sociedade Civil) Sandra Ramalhoso Titular (Ex-Conselheiro – Sociedade Civil) Sara Raquel Miranda de Araujo - SETRAM Silvio Silva (Conselheiro – Sociedade Civil) Sofia Aguiar Vanderlei Bonifácio (Conselheiro – Sociedade Civil) Vanderlei de Souza Meireles (Conselheiro – Sociedade Civil) Vanderlei Torroni (Conselheiro – Sociedade Civil) Vanessa Gac Leal - (Conselheiro – Governo / SETRAM) Vitoria Borges da Silva (Ex-Conselheiro – Sociedade Civil) Xênia Vaz (Conselheiro – Sociedade Civil) Pautas:  Câmaras Temáticas do CMTT;  Fala dos Conselheiros da Gestão 22–24;  Posse dos novos Conselheiros;  Escolha da Coordenação Executiva para o Conselho: 2 (dois) Conselheiros por bancada (titular e suplente), Sociedade Civil, Operadores de Transporte e Governo."
71_2024_Pleno_ordin_ata.pdf;71ª Reunião Ordinária;2024;Segurança Viária;29;6.6;acidente, atropelamento, morte, seguranca, sinistro;A Câmara Temática, continuando ainda, dentro dessa Câmara temática, nós estamos sempre tratando das questões do redesenho urbano da segurança viária. [...] Dentro desse processo do redesenho urbano e da segurança, temos as áreas calmas, a rota escolar segura, rotas acessíveis, ruas completas.
71_2024_Pleno_ordin_ata.pdf;71ª Reunião Ordinária;2024;Motocicletas e Motofrete;28;6.4;faixa azul, moto;São os fóruns criados para tratar de setores específicos, como bicicleta, mobilidade a pé, moto, táxi e transporte escolar. [...] Hoje o CMTT possui 5 Câmaras Temáticas: Bicicleta, Mobilidade a pé, Moto, Táxi, Transporte escolar.
71_2024_Pleno_ordin_ata.pdf;71ª Reunião Ordinária;2024;Transporte Individual: Táxis;25;5.7;alvara, dtp, taxi, taxista;São os fóruns criados para tratar de setores específicos, como bicicleta, mobilidade a pé, moto, táxi e transporte escolar. [...] Hoje o CMTT possui 5 Câmaras Temáticas: Bicicleta, Mobilidade a pé, Moto, Táxi, Transporte escolar.
72_2024_Pleno_ordin_ata.pdf;72ª Reunião Ordinária;2024;Mobilidade Ativa: Bicicletas;128;30.7;bicicleta, ciclista, ciclofaixa, ciclovia;"Plano Cicloviário da Cidade de São Paulo; 2. [...] Mas vamos começar pela apresentação do plano cicloviário."
72_2024_Pleno_ordin_ata.pdf;72ª Reunião Ordinária;2024;Estrutura e Organização da Rede Viária;89;21.3;asfalto, cet, corredor, recapeamento, semaforo, via;72ª Reunião Ordinária do Conselho Municipal de Trânsito e Transporte — CMTT Data: 26/4/2024 Duração: 3h02m Participantes: Alan Alexandra – GST/CET Ana Paula – Conselheira CMTT Andrea – Conselheira Governo Caique Souza – Conselheiro CMTT Carlos Alberto Codesseira - Conselheiro Governo Carlos Eduardo G. [...] Vasconcellos - Conselheiro Governo Carlos Henrique de Campos Costa (Caíque) – SMT/AT Caroline Daniela – Imprensa / CET Daniel Augusto de Souza Borges Dawton Roberto Batista Gaia – SMT/AT Débora Sipukow Sciama - Conselheira Governo Eduardo Lorenzon - Conselheiro CMTT Élio – Sociedade Civil Evandro Silva - Conselheiro CMTT Fernanda Ormelezi Pitombo – Conselheira Governo Fernando Peres Rodrigues - SGM Francisco Camurça - Conselheiro CMTT George Queiroz - Conselheiro CMTT Gustavo - Conselheiro CMTT Idernani do Carmo - Conselheiro CMTT Isabella – Imprensa / SETRAM João Bonett Neto – SETRAM / AT Jackeline Morena de Oliveira Melo – SMT/AT Johnson – DR/CET José Renato - SMPED Léa – SMT/AT Manoel - SPTrans Marco Antônio Portugal - Conselheiro CMTT Mario Rodrigues - Conselheiro Governo Marshell Marta Porta – Conselheira CMTT Michele Perea Cavinato – SMT/AT Pablo Santos - Conselheiro Governo Paulo Flores - CET Pamela Rodrigues - Conselheira Governo Paulo Matias SETRAM/Imprensa Phillipe Dantas - Conselheiro CMTT Ricardo Airut Pradas - SMT/AT Rafaela Moreira - Conselheira CMTT Renan Villarta - Conselheiro CMTT Rosilda – Conselheira Governo Sara Raquel SETRAM/AT Sofia Thiago Vanderlei Bonifácio - Conselheiro CMTT Vanderlei Torroni - Conselheiro CMTT Vitória Borges - Conselheira Governo Xênia Vaz - Conselheiro CMTT Pauta: 1.
72_2024_Pleno_ordin_ata.pdf;72ª Reunião Ordinária;2024;Transporte Público Coletivo;78;18.7;frota, metro, onibus, sptrans, terminal, transporte coletivo;Vasconcellos - Conselheiro Governo Carlos Henrique de Campos Costa (Caíque) – SMT/AT Caroline Daniela – Imprensa / CET Daniel Augusto de Souza Borges Dawton Roberto Batista Gaia – SMT/AT Débora Sipukow Sciama - Conselheira Governo Eduardo Lorenzon - Conselheiro CMTT Élio – Sociedade Civil Evandro Silva - Conselheiro CMTT Fernanda Ormelezi Pitombo – Conselheira Governo Fernando Peres Rodrigues - SGM Francisco Camurça - Conselheiro CMTT George Queiroz - Conselheiro CMTT Gustavo - Conselheiro CMTT Idernani do Carmo - Conselheiro CMTT Isabella – Imprensa / SETRAM João Bonett Neto – SETRAM / AT Jackeline Morena de Oliveira Melo – SMT/AT Johnson – DR/CET José Renato - SMPED Léa – SMT/AT Manoel - SPTrans Marco Antônio Portugal - Conselheiro CMTT Mario Rodrigues - Conselheiro Governo Marshell Marta Porta – Conselheira CMTT Michele Perea Cavinato – SMT/AT Pablo Santos - Conselheiro Governo Paulo Flores - CET Pamela Rodrigues - Conselheira Governo Paulo Matias SETRAM/Imprensa Phillipe Dantas - Conselheiro CMTT Ricardo Airut Pradas - SMT/AT Rafaela Moreira - Conselheira CMTT Renan Villarta - Conselheiro CMTT Rosilda – Conselheira Governo Sara Raquel SETRAM/AT Sofia Thiago Vanderlei Bonifácio - Conselheiro CMTT Vanderlei Torroni - Conselheiro CMTT Vitória Borges - Conselheira Governo Xênia Vaz - Conselheiro CMTT Pauta: 1. [...] Tem modalidade, que é a ligação dos terminais, as estações de ônibus e metrô e os pontos de ônibus.
72_2024_Pleno_ordin_ata.pdf;72ª Reunião Ordinária;2024;Mobilidade Ativa: Acessibilidade e Pedestres;52;12.5;acessibilidade, calcada, pedestre, travessia;A definição das nossas prioridades vem colocando o pedestre em primeiro lugar sempre. [...] O pedestre, o ciclismo, o transporte público, o transporte de carga e as motos.
72_2024_Pleno_ordin_ata.pdf;72ª Reunião Ordinária;2024;Segurança Viária;21;5.0;acidente, morte, seguranca, velocidade;Fundamental no plano de segurança viária, o Vida Segura, que é um programa específico de segurança. [...] As diretrizes do plano: segurança, conectividade, linearidade, multimodalidade e funcionalidade.
73_2024_Pleno_ordin_ata.pdf;73ª Reunião Ordinária;2024;Estrutura e Organização da Rede Viária;96;24.5;cet, corredor, faixa exclusiva, semaforo, via;- Educalibras Rosa – GMC/CET Alberto - SET/CET Silvio Silva - Conselheiro CMTT Ricardo Pradas – SMT/AT Telma Micheletto - GST/CET Alexandre Bürgel - Zona Sul Conselheiro CMTT Jackeline – SMT/AT Caroline Duarte Luciana Izumu honda - Conselheiro CMTT Daniela Laselva Rebelo – CET/GPO Marcus Buelloni – CET/GPL Renan Villarta - Conselheiro CMTT Manoel Santos - SPTrans Dawton Roberto Batista Gaia – SMT/AT Vanderlei Torroni - Conselheiro CMTT Grazielle - DR/CET Alexandra – CET/GPL Debora Sipukow - Conselheiro CMTT Governo Andrea - SPTrans Fabio Saraiva – SETRAM/Imprensa Pamela Escolastico Rodrigues - Conselheiro CMTT Governo George Queiroz - Conselheiro CMTT Marcelo Moraes – CET/DR Gabriela da Silva Camargo - Conselheiro CMTT Governo Idernani do Carmo - Conselheiro CMTT Profa Marta Porta - Conselheiro CMTT Xenia Vaz - Conselheiro CMTT Juliana Gatti - Conselheiro CMTT Richard Melo da Silva - Conselheiro CMTT Suzana de Rosa - Conselheiro CMTT Governo Daniel Augusto de Souza Borges - Conselheiro CMTT Governo Instrutor Carlos Rabelo - Conselheiro CMTT Victor Delecródio Nárada - Conselheiro CMTT Vitoria Borges da Silva Rosi – DPB/CET Ana Júlia Silva Ribeiro - Conselheiro CMTT Governo Vanessa Gac Leal – SETRAM/AT Marco Antonio Portugal - Conselheiro CMTT Ana Paula Lima - Segmento Regional Oeste - Conselheiro CMTT Sergio Amaral – GMC/CET Daniel Augusto de Souza Borges - Conselheiro CMTT Governo Ana Jacob – CET/DP George Queiroz - Conselheiro CMTT Sara Raquel Miranda de Araujo – SETRAM/AT Wagner Palma - Conselheiro CMTT Governo Hector da Silva Batista - Conselheiro CMTT Governo Edmur – Imprensa/SPTrans Marcelo Takishi Scrocco - Conselheiro CMTT Governo Adauto Bentivegna Filho - Conselheiro CMTT Operadores do Serviço de Transporte Dário Oliveira Fernanda Ormelezi Pitombo - Conselheiro CMTT Governo Sandra Ramalhoso – Conselho Municipal da Pessoa com Deficiência Lucas de Paula Landin - - Conselheiro CMTT Edward Nogueira - CET Johnson – CET/DR Pauta: 1. [...] Ações da SMT/CET para Redução de Acidentes 3.
73_2024_Pleno_ordin_ata.pdf;73ª Reunião Ordinária;2024;Segurança Viária;84;21.4;acidente, atropelamento, morte, seguranca, sinistro, velocidade;Ações da SMT/CET para Redução de Acidentes 3. [...] As 2 pautas são transporte hidroviário aquático e as ações da SMT e CET para redução de acidentes, né?
73_2024_Pleno_ordin_ata.pdf;73ª Reunião Ordinária;2024;Motocicletas e Motofrete;45;11.5;faixa azul, moto;Esse é um trabalho da Motorola, que a CET entra junto, eles convidam e a gente vai pra dar as orientações necessárias. [...] Motociclista seguro, em parceria com a abraciclo também.
73_2024_Pleno_ordin_ata.pdf;73ª Reunião Ordinária;2024;Mobilidade Ativa: Acessibilidade e Pedestres;45;11.5;acessibilidade, calcada, pedestre, travessia;Ele comporta não só a operação que hoje a gente inicia a implementação, que é o piloto que a gente coloca aqui em lilás, mas ele tem ali, de acordo com todas os estudos de demanda, é de vulnerabilidade, de acessibilidade é especialmente para fase um e a fase dois, né, que são aqui é regiões extremamente vulneráveis, de difícil acesso e que permitem que a gente possa utilizar aqui esse reservatório da Billings para possibilitar o maior acesso a população residente nessa região. [...] Então a gente tá falando realmente de inovação, a gente tá falando de acessibilidade, a gente tá falando de oportunidade.
73_2024_Pleno_ordin_ata.pdf;73ª Reunião Ordinária;2024;Transporte Público Coletivo;44;11.2;bilhete unico, frota, metro, onibus, sptrans, terminal, transporte coletivo;- Educalibras Rosa – GMC/CET Alberto - SET/CET Silvio Silva - Conselheiro CMTT Ricardo Pradas – SMT/AT Telma Micheletto - GST/CET Alexandre Bürgel - Zona Sul Conselheiro CMTT Jackeline – SMT/AT Caroline Duarte Luciana Izumu honda - Conselheiro CMTT Daniela Laselva Rebelo – CET/GPO Marcus Buelloni – CET/GPL Renan Villarta - Conselheiro CMTT Manoel Santos - SPTrans Dawton Roberto Batista Gaia – SMT/AT Vanderlei Torroni - Conselheiro CMTT Grazielle - DR/CET Alexandra – CET/GPL Debora Sipukow - Conselheiro CMTT Governo Andrea - SPTrans Fabio Saraiva – SETRAM/Imprensa Pamela Escolastico Rodrigues - Conselheiro CMTT Governo George Queiroz - Conselheiro CMTT Marcelo Moraes – CET/DR Gabriela da Silva Camargo - Conselheiro CMTT Governo Idernani do Carmo - Conselheiro CMTT Profa Marta Porta - Conselheiro CMTT Xenia Vaz - Conselheiro CMTT Juliana Gatti - Conselheiro CMTT Richard Melo da Silva - Conselheiro CMTT Suzana de Rosa - Conselheiro CMTT Governo Daniel Augusto de Souza Borges - Conselheiro CMTT Governo Instrutor Carlos Rabelo - Conselheiro CMTT Victor Delecródio Nárada - Conselheiro CMTT Vitoria Borges da Silva Rosi – DPB/CET Ana Júlia Silva Ribeiro - Conselheiro CMTT Governo Vanessa Gac Leal – SETRAM/AT Marco Antonio Portugal - Conselheiro CMTT Ana Paula Lima - Segmento Regional Oeste - Conselheiro CMTT Sergio Amaral – GMC/CET Daniel Augusto de Souza Borges - Conselheiro CMTT Governo Ana Jacob – CET/DP George Queiroz - Conselheiro CMTT Sara Raquel Miranda de Araujo – SETRAM/AT Wagner Palma - Conselheiro CMTT Governo Hector da Silva Batista - Conselheiro CMTT Governo Edmur – Imprensa/SPTrans Marcelo Takishi Scrocco - Conselheiro CMTT Governo Adauto Bentivegna Filho - Conselheiro CMTT Operadores do Serviço de Transporte Dário Oliveira Fernanda Ormelezi Pitombo - Conselheiro CMTT Governo Sandra Ramalhoso – Conselho Municipal da Pessoa com Deficiência Lucas de Paula Landin - - Conselheiro CMTT Edward Nogueira - CET Johnson – CET/DR Pauta: 1. [...] Então ele é um sistema integrado a todo o transporte público, então sempre conectado com o bilhete único.
73_2024_Pleno_ordin_ata.pdf;73ª Reunião Ordinária;2024;Composição e Governança do Conselho;36;9.2;conselheiro, conselho, eleic, representante;73ª REUNIÃO ORDINÁRIA DO CONSELHO MUNICIPAL DE TRÂNSITO E TRANSPORTE - CMTT (PARTE 1) Horário: 09:00 às 13:00 (Online) Data: 28/06/2024 Participantes: Michele Perea Cavinato – SMT/AT Phillipe Dantas – Conselheiro CMTT Carolina - Educalibras Mateus Jr. [...] - Educalibras Rosa – GMC/CET Alberto - SET/CET Silvio Silva - Conselheiro CMTT Ricardo Pradas – SMT/AT Telma Micheletto - GST/CET Alexandre Bürgel - Zona Sul Conselheiro CMTT Jackeline – SMT/AT Caroline Duarte Luciana Izumu honda - Conselheiro CMTT Daniela Laselva Rebelo – CET/GPO Marcus Buelloni – CET/GPL Renan Villarta - Conselheiro CMTT Manoel Santos - SPTrans Dawton Roberto Batista Gaia – SMT/AT Vanderlei Torroni - Conselheiro CMTT Grazielle - DR/CET Alexandra – CET/GPL Debora Sipukow - Conselheiro CMTT Governo Andrea - SPTrans Fabio Saraiva – SETRAM/Imprensa Pamela Escolastico Rodrigues - Conselheiro CMTT Governo George Queiroz - Conselheiro CMTT Marcelo Moraes – CET/DR Gabriela da Silva Camargo - Conselheiro CMTT Governo Idernani do Carmo - Conselheiro CMTT Profa Marta Porta - Conselheiro CMTT Xenia Vaz - Conselheiro CMTT Juliana Gatti - Conselheiro CMTT Richard Melo da Silva - Conselheiro CMTT Suzana de Rosa - Conselheiro CMTT Governo Daniel Augusto de Souza Borges - Conselheiro CMTT Governo Instrutor Carlos Rabelo - Conselheiro CMTT Victor Delecródio Nárada - Conselheiro CMTT Vitoria Borges da Silva Rosi – DPB/CET Ana Júlia Silva Ribeiro - Conselheiro CMTT Governo Vanessa Gac Leal – SETRAM/AT Marco Antonio Portugal - Conselheiro CMTT Ana Paula Lima - Segmento Regional Oeste - Conselheiro CMTT Sergio Amaral – GMC/CET Daniel Augusto de Souza Borges - Conselheiro CMTT Governo Ana Jacob – CET/DP George Queiroz - Conselheiro CMTT Sara Raquel Miranda de Araujo – SETRAM/AT Wagner Palma - Conselheiro CMTT Governo Hector da Silva Batista - Conselheiro CMTT Governo Edmur – Imprensa/SPTrans Marcelo Takishi Scrocco - Conselheiro CMTT Governo Adauto Bentivegna Filho - Conselheiro CMTT Operadores do Serviço de Transporte Dário Oliveira Fernanda Ormelezi Pitombo - Conselheiro CMTT Governo Sandra Ramalhoso – Conselho Municipal da Pessoa com Deficiência Lucas de Paula Landin - - Conselheiro CMTT Edward Nogueira - CET Johnson – CET/DR Pauta: 1.
73_2024_Pleno_ordin_ata.pdf;73ª Reunião Ordinária;2024;Mobilidade Ativa: Bicicletas;33;8.4;bicicleta, bike, ciclista, ciclofaixa, ciclovia;Preocupados aqui com toda essa questão também de mobilidade, inclusive pensando na não só em nossos projetos, inclusive junto com o CET mais prefeitura de São Paulo de fomentar, né, a mobilidade ativa temos em ambos os terminais com capacidade de bicicleta de 50 vagas. [...] Nas na embarcação há também o bicicletário.
74_2024_Pleno_ordin_ata.pdf;74ª Reunião Ordinária;2024;Transporte Público Coletivo;118;36.4;bilhete unico, frota, metro, onibus, sptrans, terminal, transporte coletivo;74ª REUNIÃO ORDINÁRIA DO CONSELHO MUNICIPAL DE TRÂNSITO E TRANSPORTE - CMTT Horário: 09h00 às 11h20 Data: 30/08/2024 Participantes: Michele Perea Cavinato – SMT/AT Dawton Roberto Batista Gaia – SMT/AT Celso – Secretário - SMT / GAB Rosilda – SPTrans – Conselheira Governo Victor Delecródio – Convidado Governo Caroline Duarte – Conselheira Operadores do Serviço de Transporte Cristina Biondilo - SPTrans Ricardo Pradas – SMT/AT Edilson Flausino – Conselheiro Sociedade Civil Nárada Salomão – Conselheiro Sociedade Civil Carlos Henrique de Campos Costa – SMT/AT Daniela – CET/Imprensa Debora S Sciama – Conselheira Governo Conselheira Marta Porta – Conselheira Sociedade Civil Renan Villarta – Conselheiro Sociedade Civil Fabio Saraiva SETRAM / Imprensa Eduardo Reis SPTrans – Conselheiro Governo Carlos Eduardo Guimarães de Vasconcellos – Conselheiro Governo Rodrigo - SPTrans Alberto DGO/SET – Conselheiro Governo Giovanna Silveira Moraes Nogueira Isabella Rossino - SPTrans Marcus Buelloni – CET/GPL Wagner Palma – Conselheiro Operadores do Serviço de Transporte Daniel Augusto De Souza Borges – Conselheiro Governo CET - DPB (Não verificado) Juliana Gatti – Conselheira Sociedade Civil Andrea – SPTrans – Conselheira Governo Izumu Honda – Conselheiro Sociedade Civil Mariana Guimarães - Convidada Ana Jacob - CET – Conselheira Governo Joao Bonett Neto – SETRAM/AT Nicolas Xavier de Carvalho – SETRAM/AT Vanessa Gac Leal – SETRAM/AT Pámela Escolástico Rodrigues – Conselheira Governo Ana Júlia Silva Ribeiro – Conselheira Governo Rafaela Moreira – Conselheira Sociedade Civil José Renato Soibelmann Melhem – Conselheira Governo Johnson – CET/DR Adauto – Conselheira Operadores do Serviço de Transporte Idernani do Carmo – Conselheiro Sociedade Civil Alexandre Bürgel - Zona Zul – Conselheiro Sociedade Civil Evandro Silva – Conselheiro Sociedade Civil CARLOS RABELO DA COSTA – Conselheiro Sociedade Civil George Queiroz – Conselheiro Sociedade Civil Rafael Mielnik – SETRAM/AT Vitoria Borges da Silva – Conselheira Governo Marcelo Takishi Scrocco – Conselheiro Governo Rafael Calabria – Convidado George Queiroz – Conselheiro Sociedade Civil Fernanda Pitombo - SMUL – Conselheira Governo Antonio Matias Ceará – Conselheiro Operadores do Serviço de Transporte Suzana de Rosa – Conselheira Governo Pauta: 1. [...] Critérios adotados para SPTrans para Implantação de Terminais de Ônibus - SPTrans 3.
74_2024_Pleno_ordin_ata.pdf;74ª Reunião Ordinária;2024;Estrutura e Organização da Rede Viária;76;23.5;cet, corredor, faixa exclusiva, semaforo, via;74ª REUNIÃO ORDINÁRIA DO CONSELHO MUNICIPAL DE TRÂNSITO E TRANSPORTE - CMTT Horário: 09h00 às 11h20 Data: 30/08/2024 Participantes: Michele Perea Cavinato – SMT/AT Dawton Roberto Batista Gaia – SMT/AT Celso – Secretário - SMT / GAB Rosilda – SPTrans – Conselheira Governo Victor Delecródio – Convidado Governo Caroline Duarte – Conselheira Operadores do Serviço de Transporte Cristina Biondilo - SPTrans Ricardo Pradas – SMT/AT Edilson Flausino – Conselheiro Sociedade Civil Nárada Salomão – Conselheiro Sociedade Civil Carlos Henrique de Campos Costa – SMT/AT Daniela – CET/Imprensa Debora S Sciama – Conselheira Governo Conselheira Marta Porta – Conselheira Sociedade Civil Renan Villarta – Conselheiro Sociedade Civil Fabio Saraiva SETRAM / Imprensa Eduardo Reis SPTrans – Conselheiro Governo Carlos Eduardo Guimarães de Vasconcellos – Conselheiro Governo Rodrigo - SPTrans Alberto DGO/SET – Conselheiro Governo Giovanna Silveira Moraes Nogueira Isabella Rossino - SPTrans Marcus Buelloni – CET/GPL Wagner Palma – Conselheiro Operadores do Serviço de Transporte Daniel Augusto De Souza Borges – Conselheiro Governo CET - DPB (Não verificado) Juliana Gatti – Conselheira Sociedade Civil Andrea – SPTrans – Conselheira Governo Izumu Honda – Conselheiro Sociedade Civil Mariana Guimarães - Convidada Ana Jacob - CET – Conselheira Governo Joao Bonett Neto – SETRAM/AT Nicolas Xavier de Carvalho – SETRAM/AT Vanessa Gac Leal – SETRAM/AT Pámela Escolástico Rodrigues – Conselheira Governo Ana Júlia Silva Ribeiro – Conselheira Governo Rafaela Moreira – Conselheira Sociedade Civil José Renato Soibelmann Melhem – Conselheira Governo Johnson – CET/DR Adauto – Conselheira Operadores do Serviço de Transporte Idernani do Carmo – Conselheiro Sociedade Civil Alexandre Bürgel - Zona Zul – Conselheiro Sociedade Civil Evandro Silva – Conselheiro Sociedade Civil CARLOS RABELO DA COSTA – Conselheiro Sociedade Civil George Queiroz – Conselheiro Sociedade Civil Rafael Mielnik – SETRAM/AT Vitoria Borges da Silva – Conselheira Governo Marcelo Takishi Scrocco – Conselheiro Governo Rafael Calabria – Convidado George Queiroz – Conselheiro Sociedade Civil Fernanda Pitombo - SMUL – Conselheira Governo Antonio Matias Ceará – Conselheiro Operadores do Serviço de Transporte Suzana de Rosa – Conselheira Governo Pauta: 1. [...] Retorno das solicitações feitas pelos Conselheiros à CET, SPTrans e SMT.
74_2024_Pleno_ordin_ata.pdf;74ª Reunião Ordinária;2024;Segurança Viária;37;11.4;acidente, atropelamento, morte, seguranca, sinistro, velocidade;Hoje temos uma agenda cheia e importante pela frente, vamos começar falando sobre o monitoramento do plano de metas 2021-2024, especificamente do eixo São Paulo ágil, que tem como objetivo melhorar as condições de deslocamento da população, garantindo segurança, conforto e Acessibilidade dos diferentes modais de transporte. [...] O programa de metas aqui no SMT/AT, nós temos 4 metas sob nossa gestão, é com essa gestão é compartilhada com a CET, que é a meta é 39 que são ações para redução de morte no índice, redução de índice de morte no trânsito, são 18 ações a meta 41, que são implantar projetos de redesenho urbano, são 9 projetos, a meta 43, que são 300 km de ciclovias e a meta 83, que são 200 km de novas faixas azuis, né?
74_2024_Pleno_ordin_ata.pdf;74ª Reunião Ordinária;2024;Motocicletas e Motofrete;36;11.1;faixa azul, moto;Bom a iniciativa H é o motociclista seguro. [...] Bom, a iniciativa L que são as frentes seguras, os boxes de espera para motociclistas é de janeiro dia 21 a junho foram implantadas 902.
75_2024_Pleno_ordin_ata.pdf;75ª Reunião Ordinária;2024;Mobilidade Ativa: Bicicletas;68;25.9;bicicleta, bike, ciclista, ciclofaixa, ciclovia;75ª Reunião Ordinária do Conselho Municipal de Trânsito e Transporte - CMTT Data: 01/11/2024 Participantes: Alexandre Bürgel - Zona Sul Conselheiro CMTT Sociedade Civil Alfredo Bernardi Observador Aline Pellegrini Matheus Câmara Temática Bicicleta Álvaro - SMT/AT SMT/AT Ana Carolina Jacob SMUL Observador Ana Carolina Terzian Observador ANA CLARA BARBOZA DA COSTA Observador Ana Maria Brischi Observador Andre B. [...] Observador Andre Cades VM Observador Andrea - SPTrans Conselheiro CMTT Governo Barbara Observador Bergo - CicloCentro_SP Câmara Temática Bicicleta Bruno Tadeu da Costa Conselheiro CMTT Governo Caique Souza - CMTT Zona Leste Conselheiro CMTT Sociedade Civil Carlos Eduardo Vasconcellos Conselheiro CMTT Governo Carlos Eduardo H.
75_2024_Pleno_ordin_ata.pdf;75ª Reunião Ordinária;2024;Estrutura e Organização da Rede Viária;45;17.1;asfalto, cet, corredor, faixa exclusiva, semaforo, via;Pinto Peixoto Observador Carlos Henrique de Campos Costa SMT/AT Carol do ocupa mãe Observador Carolina Observador Caroline Duarte Conselheiro CMTT Operadores Carollina Gomes Observador Celso - Secretário SMT Conselheiro CMTT Governo CET/DPB - Rosi Cacau Conselheiro CMTT Governo CET/SPP - Codesseira Conselheiro CMTT Governo Cida Observador Cláudia Nascimento Observador Daniel Augusto De Souza Borges Conselheiro CMTT Governo Daniel Pereira Tomitch SEPEP Dawton Gaia - SMT Conselheiro CMTT Governo Debora Sipukow Conselheiro CMTT Governo Eduarda Martins dos Santos Observador Eduardo Reis - SPTrans Conselheiro CMTT Governo Educalibras | Dareska e Ismael SMPED Eliane de Oliveira Silva Conselheiro CMTT Governo Elio Câmara Temática Mobilidade a Pé Elisa Rocha Observador Fabio - CET SET/CET Fabio Saraiva Imprensa - SMT Felipe Lara Vogel SMT/AT Fernanda Observador Fernanda Ormelezi Pitombo Conselheiro CMTT Governo Fernanda R Oliveira Observador Fernando Observador Fernando da Silva Braga Observador Fernando SMT SMT/AT Flavio Matunaga Observador George Niaradi Observador George Queiroz Conselheiro CMTT Sociedade Civil Gerson - SPTRANS Conselheiro CMTT Governo Gisele Barbosa Observador Gislene Observador Glaucia Bellei Neix Observador Isabel Silveira Camargo Observador IVAN FERREIRA S. [...] DE CARVALHO Observador Jackeline Observador Jackeline Morena de Oliveira Melo SMT/AT Jeanete - SPTrans Conselheiro CMTT Governo João Eduardo Teodoro Da Rocha Observador Johnson DR CET CET/DR José Antonio Observador Juliana Gatti Conselheiro CMTT Sociedade Civil Julio Observador Julio Rebelo Conselheiro CMTT Governo Katia Tiemi Saito Observador Ligia Oliveira Nascimento Observador Lila Pottier Observador Lucas Landin Conselheiro CMTT Sociedade Civil Luciana Giraldelli Observador Marcelly SMT/AT Marcelo Almeida Pereira Conselheiro CMTT Governo Marcelo Moraes CET CET/DR Marcelo Sabino Carvalho Observador Marcelo Siqueira Moreira Observador Marco Antonio Portugal Conselheiro CMTT Sociedade Civil Marco Martins Observador Maria Tereza Observador Mario Observador maurocalliari Câmara Temática Mobilidade a Pé Michele Gregório Conselheiro CMTT Governo Michele Perea Cavinato SMT/AT MIRIAN ALONSO GUIMARAES Observador Narada Cabral Conselheiro CMTT Sociedade Civil Neia Observador Pablo de Jesus Santos Conselheiro CMTT Governo Pamela Escolastico Rodrigues Conselheiro CMTT Governo Paulo Henrique Almeida SMT/AT Pedro Cerdeira Observador Pedro Evangelista Observador Pedro Ivo SMT/AT PMSPEventos28 SMT/AT Rafael Camargo SPTrans Rafaela Moreira Conselheiro CMTT Sociedade Civil Renan Alves da Silva Conselheiro CMTT Sociedade Civil Renan Kenji Santos Hayashi Observador ricardo pradas - SMT SMT/AT RICHARD MELO DA SILVA Conselheiro CMTT Sociedade Civil Roberto Speicys Cardoso Observador Rodrigo Dias Paes Landim SMT/AT Rogério V Câmara Temática Bicicleta Rosa Observador Rosilda Conselheiro CMTT Governo Samanta Silva Observador Sandra Ramalhoso convidada Câmara Temática Mobilidade a Pé silvia ballan Câmara Temática Bicicleta Silvio Silva Conselheiro CMTT Sociedade Civil Susie Luna - CADES IPIRANGA Observador Sylvia M Observador Vanessa Gac Leal Conselheiro CMTT Governo Victor Dantas Conselheiro CMTT Governo Viduedo Câmara Temática Bicicleta Vitóra B.
75_2024_Pleno_ordin_ata.pdf;75ª Reunião Ordinária;2024;Logística Urbana e Transporte de Cargas;30;11.4;caminhao, carga, logistica, restricao;A ideia é integrar essas áreas ao sistema de transporte da cidade, tanto para o deslocamento de pessoas quanto para o transporte de cargas. [...] Havia diversos usos de lazer, de transporte de cargas, de práticas de esporte.
75_2024_Pleno_ordin_ata.pdf;75ª Reunião Ordinária;2024;Transporte Público Coletivo;25;9.5;frota, metro, onibus, sptrans, transporte coletivo;Observador Andre Cades VM Observador Andrea - SPTrans Conselheiro CMTT Governo Barbara Observador Bergo - CicloCentro_SP Câmara Temática Bicicleta Bruno Tadeu da Costa Conselheiro CMTT Governo Caique Souza - CMTT Zona Leste Conselheiro CMTT Sociedade Civil Carlos Eduardo Vasconcellos Conselheiro CMTT Governo Carlos Eduardo H. [...] Pinto Peixoto Observador Carlos Henrique de Campos Costa SMT/AT Carol do ocupa mãe Observador Carolina Observador Caroline Duarte Conselheiro CMTT Operadores Carollina Gomes Observador Celso - Secretário SMT Conselheiro CMTT Governo CET/DPB - Rosi Cacau Conselheiro CMTT Governo CET/SPP - Codesseira Conselheiro CMTT Governo Cida Observador Cláudia Nascimento Observador Daniel Augusto De Souza Borges Conselheiro CMTT Governo Daniel Pereira Tomitch SEPEP Dawton Gaia - SMT Conselheiro CMTT Governo Debora Sipukow Conselheiro CMTT Governo Eduarda Martins dos Santos Observador Eduardo Reis - SPTrans Conselheiro CMTT Governo Educalibras | Dareska e Ismael SMPED Eliane de Oliveira Silva Conselheiro CMTT Governo Elio Câmara Temática Mobilidade a Pé Elisa Rocha Observador Fabio - CET SET/CET Fabio Saraiva Imprensa - SMT Felipe Lara Vogel SMT/AT Fernanda Observador Fernanda Ormelezi Pitombo Conselheiro CMTT Governo Fernanda R Oliveira Observador Fernando Observador Fernando da Silva Braga Observador Fernando SMT SMT/AT Flavio Matunaga Observador George Niaradi Observador George Queiroz Conselheiro CMTT Sociedade Civil Gerson - SPTRANS Conselheiro CMTT Governo Gisele Barbosa Observador Gislene Observador Glaucia Bellei Neix Observador Isabel Silveira Camargo Observador IVAN FERREIRA S.
75_2024_Pleno_ordin_ata.pdf;75ª Reunião Ordinária;2024;Mobilidade Ativa: Acessibilidade e Pedestres;24;9.1;pedestre, travessia;Que que é que constituem o tecido urbano, as travessias, né? [...] De entre os corpos hídricos que nós propomos que sejam amigáveis ao pedestre, porque também essas travessias, principalmente as existentes e as novas que são propostas elas são pontos de referência notáveis para fazer a integração com o sistema hidroviário nos canais.
75_2024_Pleno_ordin_ata.pdf;75ª Reunião Ordinária;2024;Composição e Governança do Conselho;19;7.2;conselheiro, conselho, eleic, representante;75ª Reunião Ordinária do Conselho Municipal de Trânsito e Transporte - CMTT Data: 01/11/2024 Participantes: Alexandre Bürgel - Zona Sul Conselheiro CMTT Sociedade Civil Alfredo Bernardi Observador Aline Pellegrini Matheus Câmara Temática Bicicleta Álvaro - SMT/AT SMT/AT Ana Carolina Jacob SMUL Observador Ana Carolina Terzian Observador ANA CLARA BARBOZA DA COSTA Observador Ana Maria Brischi Observador Andre B. [...] Observador Andre Cades VM Observador Andrea - SPTrans Conselheiro CMTT Governo Barbara Observador Bergo - CicloCentro_SP Câmara Temática Bicicleta Bruno Tadeu da Costa Conselheiro CMTT Governo Caique Souza - CMTT Zona Leste Conselheiro CMTT Sociedade Civil Carlos Eduardo Vasconcellos Conselheiro CMTT Governo Carlos Eduardo H.
75_2024_Pleno_ordin_ata.pdf;75ª Reunião Ordinária;2024;Mobilidade Urbana: Organização Geral e Prestação de Contas;18;6.8;custos, orcament, planmob, plano de mobilidade, plano diretor, tarifa;O trabalho inicial foi, nós vamos mostrar, de identificar as principais ações de projetos, programas de ações e projetos vigentes na prefeitura que tivesse algum tipo de relação direta com o plano municipal hidroviário, que foi previsto o plano municipal hidroviário, ele foi é previsto na revisão do plano diretor de 2023. [...] Então, eu tô colocando mais em torno de custos, né, dessa remoção, desse aprofundamento da calha.
76_2024_Pleno_ordin_ata.pdf;76ª Reunião Ordinária;2024;Estrutura e Organização da Rede Viária;112;35.2;cet, corredor, engenharia de trafego, faixa exclusiva, via;76ª REUNIÃO ORDINÁRIA DO CONSELHO MUNICIPAL DE TRÂNSITO E TRANSPORTE Horário: 09h00 Data: 13/12/2024 Participantes: Alexandre – Observador Alexandre Bürgel / Zona Sul – Conselheiro CMTT Sociedade Civil Andrea Compri / SPTrans – Conselheiro CMTT Governo Caroline Duarte – Conselheira CMTT Operadores do Serviço de Transporte CET/SPP / Codesseira – Conselheiro CMTT Governo Daniel Augusto De Souza Borges – Conselheiro CMTT Governo Daniela Mangini – Imprensa/CET Dawton Gaia – Conselheiro CMTT Governo Debora Sipukow – Conselheiro CMTT Governo Fabio Saraiva – Imprensa/SMT Fernanda Ormelezi Pitombo – Conselheira CMTT Governo Fernando Miquelin – SMT/AT Gabriela da Silva Camargo - Observador George Queiroz – Conselheiro CMTT Sociedade Civil Gustavo dos Santos Azevedo – Conselheiro CMTT Sociedade Civil Idernani Gomes do Carmo – Conselheiro CMTT Sociedade Civil Izumu Honda – Conselheiros CMTT Sociedade Civil Jackeline Morena de Oliveira Melo – SMT/AT Janaina Decarli Johnson DR CET – CET/DR Julio Rebelo – Conselheiro CMTT Governo Luciana Trindade/Mov Sociais – Conselheiro CMTT Sociedade Civil Marcelly – SMT/AT Marcus Buelloni - CET/GPL Mauro Ramon – Observador (SMUL) Michele Perea Cavinato – SMT/AT Pablo de Jesus Santos – Conselheiro CMTT Governo Pamela Escolastico Rodrigues – Conselheiro CMTT Governo Pedro Ivo – SMT/AT Rafaela Moreira – Conselheira CMTT Sociedade Civil Renan Villarta – Conselheiro CMTT Sociedade Civil Rosemeiry – Câmara Temática de Mobilidade a Pé Rosilaine Cacau – CET/GPL Rosilda – Conselheiro CMTT Governo Sandra Ramalhoso – Câmara Temática de Mobilidade a Pé Silvio Pereira e Silva – Conselheiro CMTT Sociedade Civil Ricardo Pradas – SMT/AT Vanessa Gac Leal – Conselheira CMTT Governo Xenia Vaz – Conselheiro CMTT Sociedade Civil Pautas: 1. [...] Essa iniciativa trata da criação de corredores de ônibus na Miguel Yunis, no Terço Norte Sul, medidas estratégicas para melhorar a fluidez e eficiência do sistema de transporte público.
76_2024_Pleno_ordin_ata.pdf;76ª Reunião Ordinária;2024;Transporte Público Coletivo;73;23.0;bilhete unico, frota, metro, onibus, sptrans, terminal, transporte coletivo;76ª REUNIÃO ORDINÁRIA DO CONSELHO MUNICIPAL DE TRÂNSITO E TRANSPORTE Horário: 09h00 Data: 13/12/2024 Participantes: Alexandre – Observador Alexandre Bürgel / Zona Sul – Conselheiro CMTT Sociedade Civil Andrea Compri / SPTrans – Conselheiro CMTT Governo Caroline Duarte – Conselheira CMTT Operadores do Serviço de Transporte CET/SPP / Codesseira – Conselheiro CMTT Governo Daniel Augusto De Souza Borges – Conselheiro CMTT Governo Daniela Mangini – Imprensa/CET Dawton Gaia – Conselheiro CMTT Governo Debora Sipukow – Conselheiro CMTT Governo Fabio Saraiva – Imprensa/SMT Fernanda Ormelezi Pitombo – Conselheira CMTT Governo Fernando Miquelin – SMT/AT Gabriela da Silva Camargo - Observador George Queiroz – Conselheiro CMTT Sociedade Civil Gustavo dos Santos Azevedo – Conselheiro CMTT Sociedade Civil Idernani Gomes do Carmo – Conselheiro CMTT Sociedade Civil Izumu Honda – Conselheiros CMTT Sociedade Civil Jackeline Morena de Oliveira Melo – SMT/AT Janaina Decarli Johnson DR CET – CET/DR Julio Rebelo – Conselheiro CMTT Governo Luciana Trindade/Mov Sociais – Conselheiro CMTT Sociedade Civil Marcelly – SMT/AT Marcus Buelloni - CET/GPL Mauro Ramon – Observador (SMUL) Michele Perea Cavinato – SMT/AT Pablo de Jesus Santos – Conselheiro CMTT Governo Pamela Escolastico Rodrigues – Conselheiro CMTT Governo Pedro Ivo – SMT/AT Rafaela Moreira – Conselheira CMTT Sociedade Civil Renan Villarta – Conselheiro CMTT Sociedade Civil Rosemeiry – Câmara Temática de Mobilidade a Pé Rosilaine Cacau – CET/GPL Rosilda – Conselheiro CMTT Governo Sandra Ramalhoso – Câmara Temática de Mobilidade a Pé Silvio Pereira e Silva – Conselheiro CMTT Sociedade Civil Ricardo Pradas – SMT/AT Vanessa Gac Leal – Conselheira CMTT Governo Xenia Vaz – Conselheiro CMTT Sociedade Civil Pautas: 1. [...] Apresentação e debate sobre o de Mobilidade Sul (Audiências Públicas) – SPTrans – Rosilda (Planejamento), Lívio (Projetos) e Janaína (Área Ambiental).
76_2024_Pleno_ordin_ata.pdf;76ª Reunião Ordinária;2024;Mobilidade Ativa: Bicicletas;37;11.6;bicicleta, ciclista, cicloativismo, ciclovia;Cidade Adhemar, e aqui a gente tem também, em Cidade Adhemar, o não motorizado, um destaque aqui de não motorizado, de transporte não motorizado, de 40%, o que é bastante significativo, nós estamos falando de viagens a pé, principalmente de viagem a pé, mas também de viagem de bicicleta. [...] Importante mencionar que ambos os corredores vão ter a faixa azul, a ciclovia.
76_2024_Pleno_ordin_ata.pdf;76ª Reunião Ordinária;2024;Segurança Viária;36;11.3;acidente, atropelamento, morte, seguranca, sinistro, velocidade;Isso demonstra aqui a importância, da implantação desse corredor, desse eixo que vai dar velocidade e vai dar, assim, muito, muito, vai melhorar muito o desempenho dos ônibus aqui nessa região. [...] O sistema também deveria oferecer regularidade, confiabilidade, segurança e baixo custo operacional, ter adequada acessibilidade às paradas, comunidade, transferência e integração tarifária através do bilhete único, ser compatível com o sistema.
76_2024_Pleno_ordin_ata.pdf;76ª Reunião Ordinária;2024;Motocicletas e Motofrete;20;6.3;faixa azul, moto;Cidade Adhemar, e aqui a gente tem também, em Cidade Adhemar, o não motorizado, um destaque aqui de não motorizado, de transporte não motorizado, de 40%, o que é bastante significativo, nós estamos falando de viagens a pé, principalmente de viagem a pé, mas também de viagem de bicicleta. [...] Importante mencionar que ambos os corredores vão ter a faixa azul, a ciclovia.
77_2025_Pleno_ordin_ata.pdf;77ª Reunião Ordinária;2025;Mobilidade Ativa: Acessibilidade e Pedestres;53;21.7;acessibilidade, cadeirante, calcada, pedestre, travessia;Nós optamos pelos quatro eixos principais, que é mobilidade, que vem acessibilidade, aquela coisa toda, meio ambiente, gestão democrática e habitação. [...] Porque, principalmente, uma coisa muito importante que eu tenho percebido, nós temos muito portadores de deficiência cadeirantes.
77_2025_Pleno_ordin_ata.pdf;77ª Reunião Ordinária;2025;Transporte Público Coletivo;46;18.9;bilhete unico, frota, metro, onibus, sptrans, terminal, transporte coletivo;77ª REUNIÃO ORDINÁRIA DO CMTT Data: 28/02/25 Horário: online Participantes Adriano Menezes - Observador Alberto - CET/SET Alexandre Bürgel - Zona Sul – Conselheiro CMTT Andre Eliusmar Da Silva - Observador Arthur - Sptrans Bispo - Observador Caique Souza - CMTT Zona Leste – Conselheiro CMTT Carlos Carlos Eduardo Guimarães de Vasconcellos – Conselheiro Governo Carlos Henrique de Campos Costa – SMT/AT Carlos Meira Ribeiro - Observador Caroline Duarte – Conselheira Operadores Cauê Jannini - Observador Daniel Augusto De Souza Borges – Conselheiro Governo Daniela – CET/Imprensa Dawton Roberto Batista Gaia – SMT/AT Debora Sipukow – Conselheiro Governo Diogão - Observador Dra Sueli Guerreiro - SMUL Edilson Flausino – Conselheiro CMTT Edmur - SPTrans/Imprensa Eduardo Castellani Gomes Dos Reis – Conselheiro Governo Edvaldo de Souza Brito - Observador Elio - Observador Enoildo Mendes - Observador Estudantes ETEC CEPAM - Observador Fabio Saraiva – SMT/Imprensa Felipe Lara Vogel – SMT/AT Fernanda Ormelezi Pitombo – Conselheiro Governo Gabriela da Silva Camargo George Queiroz – Conselheiro CMTT Gerson Dias - Observado Gerson SPTrans - Conselheiro Governo Italo - CPM Mooca - Observador Izumu Honda – Conselheiro CMTT Jackeline Morena de Oliveira Melo – SMT/AT Jeanete de Lazare Laginhas - Observador João Carlos - Observador João Paulo - Observador Joaquim Silva - Observador Joedson Teles Nunes - Observador Jorge Anderson - Observador José Renato Soibelmann Melhem - Conselheiro Governo Julio Rebelo CET/GST - Conselheiro Governo Leandro Frenham Chemalle - Observador Leonardo - Observador Lucas de Paula Landin – Conselheiro CMTT Luccas Bernacchio Gissoni – SMT/AT Luciana Trindade Mov.sociais – Conselheiro CMTT Luís Seixas | Cooperativa Paulista de Teatro - Observador Luiz Carlos Bernardo - Observador Luiza Caetano de Farias - Observador Manoel Manoel Santos - Conselheiro Governo Marcelly – SMT/AT Marcus Buelloni – CET/GPL Maria Maria Aparecida Magrini - Observador Marshelle - Observador Marta Lilia Porta – Conselheiro CMTT Mauro Calliari - Observador Michele Perea Cavinato – SMT/AT Milo Araujo - Observador Nelson dos Santos - Observador Pablo de Jesus Santos - Conselheiro Governo Paulo Henrique Almeida – SMT/AT Paulo Ligeiro - Observador Pinheiro - Observador Rafael Barreto Castelo da Cruz – SP Urbanismo (apresentador) Rafael Calabria - Observador Rafael Drummond - Observador Rafael Lins - Observador Rafaela Moreira – Conselheiro CMTT Rai - Observador Reinaldo Murakami - Observador Renan Villarta – Conselheiro CMTT Ricardo Guimaraes Fagundes - Observador Ricardo Nagliati Toppan - Observador Roberto Cardoso Ferreira - Observador roberto_ca_oliveira@yahoo.com.br - Observador Rodrigo Dias Paes Landim – SMT/AT Rosi Nicacio - CET Rubens - Observador Sandra Ramalhoso - Observador Silvia interprete - Educalibras Silvio Silva – Conselheiro CMTT Ricardo Pradas – SMT/AT Sofia Aguiar - Observador Talita - Educalibras Teodoro - Observador Thomaz - Observador Valter Rufino - Observador Vanessa Gac Leal – SETRAM/AT Victor - Observador Wagner Palma – Conselheiro Operadores Wallace - Sptrans Pauta VLT: situação atual, cronograma de implantação e detalhes das rotas e integrações – SP Urbanismo 00:00:48 Dawton Roberto Batista Gaia: Bom dia a todos. [...] Esse projeto tem um papel fundamental na mobilidade urbana, melhorar a conexão entre diferentes modais, metrô, ônibus e deslocamentos mais ágeis e eficientes, reduzindo dependência de veículos particulares.
77_2025_Pleno_ordin_ata.pdf;77ª Reunião Ordinária;2025;Estrutura e Organização da Rede Viária;35;14.3;cet, corredor, via;77ª REUNIÃO ORDINÁRIA DO CMTT Data: 28/02/25 Horário: online Participantes Adriano Menezes - Observador Alberto - CET/SET Alexandre Bürgel - Zona Sul – Conselheiro CMTT Andre Eliusmar Da Silva - Observador Arthur - Sptrans Bispo - Observador Caique Souza - CMTT Zona Leste – Conselheiro CMTT Carlos Carlos Eduardo Guimarães de Vasconcellos – Conselheiro Governo Carlos Henrique de Campos Costa – SMT/AT Carlos Meira Ribeiro - Observador Caroline Duarte – Conselheira Operadores Cauê Jannini - Observador Daniel Augusto De Souza Borges – Conselheiro Governo Daniela – CET/Imprensa Dawton Roberto Batista Gaia – SMT/AT Debora Sipukow – Conselheiro Governo Diogão - Observador Dra Sueli Guerreiro - SMUL Edilson Flausino – Conselheiro CMTT Edmur - SPTrans/Imprensa Eduardo Castellani Gomes Dos Reis – Conselheiro Governo Edvaldo de Souza Brito - Observador Elio - Observador Enoildo Mendes - Observador Estudantes ETEC CEPAM - Observador Fabio Saraiva – SMT/Imprensa Felipe Lara Vogel – SMT/AT Fernanda Ormelezi Pitombo – Conselheiro Governo Gabriela da Silva Camargo George Queiroz – Conselheiro CMTT Gerson Dias - Observado Gerson SPTrans - Conselheiro Governo Italo - CPM Mooca - Observador Izumu Honda – Conselheiro CMTT Jackeline Morena de Oliveira Melo – SMT/AT Jeanete de Lazare Laginhas - Observador João Carlos - Observador João Paulo - Observador Joaquim Silva - Observador Joedson Teles Nunes - Observador Jorge Anderson - Observador José Renato Soibelmann Melhem - Conselheiro Governo Julio Rebelo CET/GST - Conselheiro Governo Leandro Frenham Chemalle - Observador Leonardo - Observador Lucas de Paula Landin – Conselheiro CMTT Luccas Bernacchio Gissoni – SMT/AT Luciana Trindade Mov.sociais – Conselheiro CMTT Luís Seixas | Cooperativa Paulista de Teatro - Observador Luiz Carlos Bernardo - Observador Luiza Caetano de Farias - Observador Manoel Manoel Santos - Conselheiro Governo Marcelly – SMT/AT Marcus Buelloni – CET/GPL Maria Maria Aparecida Magrini - Observador Marshelle - Observador Marta Lilia Porta – Conselheiro CMTT Mauro Calliari - Observador Michele Perea Cavinato – SMT/AT Milo Araujo - Observador Nelson dos Santos - Observador Pablo de Jesus Santos - Conselheiro Governo Paulo Henrique Almeida – SMT/AT Paulo Ligeiro - Observador Pinheiro - Observador Rafael Barreto Castelo da Cruz – SP Urbanismo (apresentador) Rafael Calabria - Observador Rafael Drummond - Observador Rafael Lins - Observador Rafaela Moreira – Conselheiro CMTT Rai - Observador Reinaldo Murakami - Observador Renan Villarta – Conselheiro CMTT Ricardo Guimaraes Fagundes - Observador Ricardo Nagliati Toppan - Observador Roberto Cardoso Ferreira - Observador roberto_ca_oliveira@yahoo.com.br - Observador Rodrigo Dias Paes Landim – SMT/AT Rosi Nicacio - CET Rubens - Observador Sandra Ramalhoso - Observador Silvia interprete - Educalibras Silvio Silva – Conselheiro CMTT Ricardo Pradas – SMT/AT Sofia Aguiar - Observador Talita - Educalibras Teodoro - Observador Thomaz - Observador Valter Rufino - Observador Vanessa Gac Leal – SETRAM/AT Victor - Observador Wagner Palma – Conselheiro Operadores Wallace - Sptrans Pauta VLT: situação atual, cronograma de implantação e detalhes das rotas e integrações – SP Urbanismo 00:00:48 Dawton Roberto Batista Gaia: Bom dia a todos. [...] Aqui, claro que eu não quero passar projeto a projeto, estudo a estudo, é mais no sentido de apresentar que são mais de 46 projetos e estudos em elaboração que vão desde estudos de tráfego, estudos de demanda, estudos urbanísticos, estudos de impacto ambiental, estudos arqueológicos, até projetos de engenharia hard, projetos de obra de arte especial, projetos de drenagem, projetos de via permanente, estudos de caminhabilidade, levantamento arqueológico.
77_2025_Pleno_ordin_ata.pdf;77ª Reunião Ordinária;2025;Mobilidade Ativa: Bicicletas;30;12.3;bicicleta, ciclista, ciclofaixa, ciclovia;Há uma série de intervenções urbanísticas previstas no programa ou no projeto, como aumento do ramal cicloviário, aumento das áreas de pedestres, programas e projetos de segurança viária, aumento da cobertura vegetal e o veículo leve sobre trilhos consolidando todas essas intervenções. [...] Aqui, é essa perspectiva de qual é essa via que vai passar o VLT no centro, que é uma via que, de novo, é plenamente possível a gente estabelecer um projeto de via compartilhada e via completa de verdade, onde você tem a circulação da mobilidade ativa com aumento do espaço para o pedestre, o ramal cicloviário, o veículo individual e o VLT.
77_2025_Pleno_ordin_ata.pdf;77ª Reunião Ordinária;2025;Composição e Governança do Conselho;28;11.5;conselheiro, conselho, eleic, mandato, representante;77ª REUNIÃO ORDINÁRIA DO CMTT Data: 28/02/25 Horário: online Participantes Adriano Menezes - Observador Alberto - CET/SET Alexandre Bürgel - Zona Sul – Conselheiro CMTT Andre Eliusmar Da Silva - Observador Arthur - Sptrans Bispo - Observador Caique Souza - CMTT Zona Leste – Conselheiro CMTT Carlos Carlos Eduardo Guimarães de Vasconcellos – Conselheiro Governo Carlos Henrique de Campos Costa – SMT/AT Carlos Meira Ribeiro - Observador Caroline Duarte – Conselheira Operadores Cauê Jannini - Observador Daniel Augusto De Souza Borges – Conselheiro Governo Daniela – CET/Imprensa Dawton Roberto Batista Gaia – SMT/AT Debora Sipukow – Conselheiro Governo Diogão - Observador Dra Sueli Guerreiro - SMUL Edilson Flausino – Conselheiro CMTT Edmur - SPTrans/Imprensa Eduardo Castellani Gomes Dos Reis – Conselheiro Governo Edvaldo de Souza Brito - Observador Elio - Observador Enoildo Mendes - Observador Estudantes ETEC CEPAM - Observador Fabio Saraiva – SMT/Imprensa Felipe Lara Vogel – SMT/AT Fernanda Ormelezi Pitombo – Conselheiro Governo Gabriela da Silva Camargo George Queiroz – Conselheiro CMTT Gerson Dias - Observado Gerson SPTrans - Conselheiro Governo Italo - CPM Mooca - Observador Izumu Honda – Conselheiro CMTT Jackeline Morena de Oliveira Melo – SMT/AT Jeanete de Lazare Laginhas - Observador João Carlos - Observador João Paulo - Observador Joaquim Silva - Observador Joedson Teles Nunes - Observador Jorge Anderson - Observador José Renato Soibelmann Melhem - Conselheiro Governo Julio Rebelo CET/GST - Conselheiro Governo Leandro Frenham Chemalle - Observador Leonardo - Observador Lucas de Paula Landin – Conselheiro CMTT Luccas Bernacchio Gissoni – SMT/AT Luciana Trindade Mov.sociais – Conselheiro CMTT Luís Seixas | Cooperativa Paulista de Teatro - Observador Luiz Carlos Bernardo - Observador Luiza Caetano de Farias - Observador Manoel Manoel Santos - Conselheiro Governo Marcelly – SMT/AT Marcus Buelloni – CET/GPL Maria Maria Aparecida Magrini - Observador Marshelle - Observador Marta Lilia Porta – Conselheiro CMTT Mauro Calliari - Observador Michele Perea Cavinato – SMT/AT Milo Araujo - Observador Nelson dos Santos - Observador Pablo de Jesus Santos - Conselheiro Governo Paulo Henrique Almeida – SMT/AT Paulo Ligeiro - Observador Pinheiro - Observador Rafael Barreto Castelo da Cruz – SP Urbanismo (apresentador) Rafael Calabria - Observador Rafael Drummond - Observador Rafael Lins - Observador Rafaela Moreira – Conselheiro CMTT Rai - Observador Reinaldo Murakami - Observador Renan Villarta – Conselheiro CMTT Ricardo Guimaraes Fagundes - Observador Ricardo Nagliati Toppan - Observador Roberto Cardoso Ferreira - Observador roberto_ca_oliveira@yahoo.com.br - Observador Rodrigo Dias Paes Landim – SMT/AT Rosi Nicacio - CET Rubens - Observador Sandra Ramalhoso - Observador Silvia interprete - Educalibras Silvio Silva – Conselheiro CMTT Ricardo Pradas – SMT/AT Sofia Aguiar - Observador Talita - Educalibras Teodoro - Observador Thomaz - Observador Valter Rufino - Observador Vanessa Gac Leal – SETRAM/AT Victor - Observador Wagner Palma – Conselheiro Operadores Wallace - Sptrans Pauta VLT: situação atual, cronograma de implantação e detalhes das rotas e integrações – SP Urbanismo 00:00:48 Dawton Roberto Batista Gaia: Bom dia a todos. [...] Com grande satisfação que a gente dá as boas- vindas a cada um de nós aqui, participantes da 77ª Reunião Ordinária do Conselho Municipal de Transporte.
77_2025_Pleno_ordin_ata.pdf;77ª Reunião Ordinária;2025;Mobilidade Urbana: Organização Geral e Prestação de Contas;18;7.4;tarifa;A receita tarifária anual estimada, considerando já as gratuidades existentes e subsídios existentes no sistema, é entre R$ 8 a R$ 120 milhões por ano. [...] Vai estar integrado com bilhete único ou vai ser uma tarifa à parte?
77_2025_Pleno_ordin_ata.pdf;77ª Reunião Ordinária;2025;Segurança Viária;18;7.4;seguranca, velocidade;Você poderá contribuir sobre como criar as áreas verdes, melhorar o manejo de resíduos sólidos, garantir a segurança hídrica e investir em soluções de drenagem urbana. [...] Há uma série de intervenções urbanísticas previstas no programa ou no projeto, como aumento do ramal cicloviário, aumento das áreas de pedestres, programas e projetos de segurança viária, aumento da cobertura vegetal e o veículo leve sobre trilhos consolidando todas essas intervenções.
77_2025_Pleno_ordin_ata.pdf;77ª Reunião Ordinária;2025;Motocicletas e Motofrete;14;5.7;faixa azul, moto;O projeto também catalisa e conecta já o projeto das ruas temáticas, que é um projeto em elaboração no município, a Rua das Motos, projeto feito na São Paulo Urbanismo, obra feita pela São Paulo Urbanismo e já entregue, é um sucesso. [...] Redução de 20 mil toneladas de CO2 por ano, com a redução da circulação de veículos no centro, pela substituição das viagens que são feitas motorizadas de forma individual com o VLT.
78_2025_Pleno_ordin_ata.pdf;78ª Reunião Ordinária;2025;Estrutura e Organização da Rede Viária;73;22.2;asfalto, cet, corredor, recapeamento, semaforo, via;78º REUNIÃO ORDINÁRIA DO CMTT Data: 25/04/2025 Horário: online Participantes Alberto CET Alecsander Aline Silva Ana Carolina Almeida Santos Nunes Ana Paula Lima - Zona Oeste Andrea - SPTrans Antonio Carlos Vieira Abrantes Caique Alves de Souza Carlos Eduardo Guimarães de Vasconcellos Carlos Henrique de Campos Costa Caroline Duarte Cauê Jannini Daniella Lucas Richards Dareska | LIBRAS Dawton Roberto Batista Gaia Élio Camargo Fabio Saraiva Felipe Lara Vogel Fernando Peres Rodrigues George Queiroz Glaucia Bellei Neix Izumu Honda Jackeline Morena de Oliveira Melo Joao Bonett Neto Johnson DR CET José Antonio Jose Julio Rebelo José Renato Soibelmann Melhem Juliana Gatti Leonardo Lucas Bispo dos Santos Manoel Santos MARCELO MORAES CET Marco Antonio Portugal Marcus Buelloni Mariana Guimarães Marta Lilia Porta Mauro Calliari Michele Perea Cavinato Nailton Porreta Oliver Cauã Cauê Pamela Escolastico Rodrigues Priscila Nishino Rafael Rafael Calabria Rafael Del Monaco Drummond Ferreira rafael@podaris.com (Externo) Rafaela Moreira (Convidado) read.ai meeting notes Renan Villarta Ricardo Pradas Rodrigo Dias Paes Landim Rosilda Sandra Sara Raquel Miranda de Araujo silvia valente Sonia Garcia Thainá Campos - SMDHC/GAB/AT Vanderlei Torroni - Bicicreteiro Xenia Vaz Informe 1. [...] Ele pode ser perene naquela via, naquele local, ou ele pode ser variável.
78_2025_Pleno_ordin_ata.pdf;78ª Reunião Ordinária;2025;Transporte Público Coletivo;71;21.6;frota, metro, onibus, sptrans, terminal, transporte coletivo;78º REUNIÃO ORDINÁRIA DO CMTT Data: 25/04/2025 Horário: online Participantes Alberto CET Alecsander Aline Silva Ana Carolina Almeida Santos Nunes Ana Paula Lima - Zona Oeste Andrea - SPTrans Antonio Carlos Vieira Abrantes Caique Alves de Souza Carlos Eduardo Guimarães de Vasconcellos Carlos Henrique de Campos Costa Caroline Duarte Cauê Jannini Daniella Lucas Richards Dareska | LIBRAS Dawton Roberto Batista Gaia Élio Camargo Fabio Saraiva Felipe Lara Vogel Fernando Peres Rodrigues George Queiroz Glaucia Bellei Neix Izumu Honda Jackeline Morena de Oliveira Melo Joao Bonett Neto Johnson DR CET José Antonio Jose Julio Rebelo José Renato Soibelmann Melhem Juliana Gatti Leonardo Lucas Bispo dos Santos Manoel Santos MARCELO MORAES CET Marco Antonio Portugal Marcus Buelloni Mariana Guimarães Marta Lilia Porta Mauro Calliari Michele Perea Cavinato Nailton Porreta Oliver Cauã Cauê Pamela Escolastico Rodrigues Priscila Nishino Rafael Rafael Calabria Rafael Del Monaco Drummond Ferreira rafael@podaris.com (Externo) Rafaela Moreira (Convidado) read.ai meeting notes Renan Villarta Ricardo Pradas Rodrigo Dias Paes Landim Rosilda Sandra Sara Raquel Miranda de Araujo silvia valente Sonia Garcia Thainá Campos - SMDHC/GAB/AT Vanderlei Torroni - Bicicreteiro Xenia Vaz Informe 1. [...] O que a gente tinha comentado era como decidir onde instalar ônibus elétricos na cidade de São Paulo, visto que a gente tem uma meta e visto que essa meta é progressiva no tempo.
78_2025_Pleno_ordin_ata.pdf;78ª Reunião Ordinária;2025;Mobilidade Ativa: Acessibilidade e Pedestres;51;15.5;calcada, pedestre, travessia;Também tem o BRT radial, na meta 15, a viabilização do aquático, as faixas azuis, na faixa azul, na meta 45, e a entrega do calçadão no Triângulo Histórico, junto com iniciar as obras do quadrilátero da República, do calçadão também, e viabilização do VLT, no centro. [...] Eu estou falando de uma cidade que tem uma iluminação para os carros, que não tem uma iluminação para o pedestre.
78_2025_Pleno_ordin_ata.pdf;78ª Reunião Ordinária;2025;Composição e Governança do Conselho;34;10.3;conselheiro, conselho, mandato, posse;00:05:42 Michele Perea Cavinato: Eu até convidei a Dani, só para complementar, porque essa semana os conselheiros estavam movimentando o grupo com comentários de caminhões de limpeza na cidade que fazem muito barulho. [...] Não sei se você participa desse conselho, porque eu sei que vocês participam de vários conselhos.
78_2025_Pleno_ordin_ata.pdf;78ª Reunião Ordinária;2025;Mobilidade Urbana: Organização Geral e Prestação de Contas;34;10.3;custos, orcament, planmob, plano de mobilidade, plano diretor, tarifa;O plano plurianual, que é uma peça orçamentária também de quatro anos, com uma temporalidade um pouquinho distinta, mas que se baseia bastante no programa de metas. [...] O orçamento cidadão, que é, na verdade, a lei orçamentária anual, que só fala de um ano, mas que está sendo discutido no mesmo momento, inclusive com os mesmos instrumentos, e eu já os apresento.
78_2025_Pleno_ordin_ata.pdf;78ª Reunião Ordinária;2025;Segurança Viária;34;10.3;acidente, atropelamento, morte, seguranca, sinistro, velocidade;Caminhão de caçamba, caminhões com insumos, caminhões de betoneiras, todos têm um horário para trafegar exatamente para evitar afunilamento de trânsito, aumento de trânsito, segurança viária por conta de caminhões de peso muito alto trafegando e com risco para trafegar junto aos carros de pequeno porto. [...] Depois, a gente tem o Viver São Paulo, com 40 metas, principalmente segurança, assistência social, saúde e educação.
78_2025_Pleno_ordin_ata.pdf;78ª Reunião Ordinária;2025;Mobilidade Ativa: Bicicletas;19;5.8;bicicleta, ciclista, ciclovia;Vamos supor que tenha uma meta falando, uma proposta relacionada ao aquate, com outra relacionada às ciclovias, seriam duas propostas distintas, entendeu? [...] A gente também faz esse planejamento junto aos planos setoriais, por exemplo, o Programa de Segurança Viária e o de Ciclovias.
80_2025_Pleno_ordin_ata.pdf;80ª Reunião Ordinária;2025;Transporte Público Coletivo;70;22.8;bilhete unico, frota, metro, onibus, sptrans;80ª REUNIÃO ORDINÁRIA DO CMTT Data: 29/08/2025 Horário: 09h00 Participantes: Alexandre Bürgel - Zona Sul – Conselheiros CMTT (Sociedade Civil) Amaury - Observador Andrea – SPTrans – Conselheiros CMTT (Governo) Antonio Matias Ceará – Conselheiros CMTT (Operadores de Transporte) Caique Alves de Souza – Conselheiros CMTT (Sociedade Civil) Carlos Alberto S Codesseira – Conselheiros CMTT (Governo) Caroline Duarte Ceará – Conselheiros CMTT (Operadores de Transporte) Conselheira Marta Porta – Conselheiros CMTT (Sociedade Civil) Daniel Augusto De Souza Borges – Conselheiros CMTT (Governo) Daniela Mangini – CET/Imprensa Dawton Roberto Batista Gaia – SMT/AT Debora S Sciama (NDANT) Debora Sipukow - – Conselheiros CMTT (Governo) Denis SPTrans Diego Santos - SPTrans Eduardo Reis – SPTrans – Conselheiros CMTT (Governo) Educalibras | Wallace e Amanda Élio Camargo - CTMP George Queiroz – Conselheiros CMTT (Sociedade Civil) Gustavo dos Santos Azevedo – Conselheiros CMTT (Sociedade Civil) Izumu Honda – Conselheiros CMTT (Sociedade Civil) Jornal Bicicleta - CTB Jose Julio Rebelo – CET/GST Lea – SMT/AT Leandro Frenham Chemalle - Observador Marcelo Almeida Pereira Marcus Vinicius B Buelloni – CET/GPL Mario Luiz de Camargo Filho Mauro Calliari - CTMP Michele Perea Cavinato – SMT/AT Osvaldo – CT Transporte Escolar Pamela Escolastico Rodrigues – Conselheiros CMTT (Governo) Pcabral Priscila (SPTrans) – Conselheiros CMTT (Governo) Rafael Rafael Calabria - Observador Rafael Mielnik – SMT/AT Rafaela Moreira – Conselheiros CMTT (Sociedade Civil) Raphael Secanho (SPTrans) Renan Villarta – Conselheiros CMTT (Sociedade Civil) Ricardo Pradas – SMT/AT Richard Melo – Conselheiros CMTT (Sociedade Civil) Rodrigo Candido – SMT/Imprensa Rodrigo Dias Paes Landim – SMT/AT Sara Raquel Miranda de Araujo – SMT/AT Thomas Wang - CTB Wagner palma – Conselheiros CMTT (Operadores de Transporte) Pautas 1. [...] Mamãe Tarifa Zero: Apresentação do Programa e Resultados da Pesquisa – Rafael Barros de Camargo, Diretoria de Planejamento de Transporte/SPTrans.
80_2025_Pleno_ordin_ata.pdf;80ª Reunião Ordinária;2025;Mobilidade Ativa: Bicicletas;63;20.5;bicicleta, ciclista, ciclofaixa, ciclovia;80ª REUNIÃO ORDINÁRIA DO CMTT Data: 29/08/2025 Horário: 09h00 Participantes: Alexandre Bürgel - Zona Sul – Conselheiros CMTT (Sociedade Civil) Amaury - Observador Andrea – SPTrans – Conselheiros CMTT (Governo) Antonio Matias Ceará – Conselheiros CMTT (Operadores de Transporte) Caique Alves de Souza – Conselheiros CMTT (Sociedade Civil) Carlos Alberto S Codesseira – Conselheiros CMTT (Governo) Caroline Duarte Ceará – Conselheiros CMTT (Operadores de Transporte) Conselheira Marta Porta – Conselheiros CMTT (Sociedade Civil) Daniel Augusto De Souza Borges – Conselheiros CMTT (Governo) Daniela Mangini – CET/Imprensa Dawton Roberto Batista Gaia – SMT/AT Debora S Sciama (NDANT) Debora Sipukow - – Conselheiros CMTT (Governo) Denis SPTrans Diego Santos - SPTrans Eduardo Reis – SPTrans – Conselheiros CMTT (Governo) Educalibras | Wallace e Amanda Élio Camargo - CTMP George Queiroz – Conselheiros CMTT (Sociedade Civil) Gustavo dos Santos Azevedo – Conselheiros CMTT (Sociedade Civil) Izumu Honda – Conselheiros CMTT (Sociedade Civil) Jornal Bicicleta - CTB Jose Julio Rebelo – CET/GST Lea – SMT/AT Leandro Frenham Chemalle - Observador Marcelo Almeida Pereira Marcus Vinicius B Buelloni – CET/GPL Mario Luiz de Camargo Filho Mauro Calliari - CTMP Michele Perea Cavinato – SMT/AT Osvaldo – CT Transporte Escolar Pamela Escolastico Rodrigues – Conselheiros CMTT (Governo) Pcabral Priscila (SPTrans) – Conselheiros CMTT (Governo) Rafael Rafael Calabria - Observador Rafael Mielnik – SMT/AT Rafaela Moreira – Conselheiros CMTT (Sociedade Civil) Raphael Secanho (SPTrans) Renan Villarta – Conselheiros CMTT (Sociedade Civil) Ricardo Pradas – SMT/AT Richard Melo – Conselheiros CMTT (Sociedade Civil) Rodrigo Candido – SMT/Imprensa Rodrigo Dias Paes Landim – SMT/AT Sara Raquel Miranda de Araujo – SMT/AT Thomas Wang - CTB Wagner palma – Conselheiros CMTT (Operadores de Transporte) Pautas 1. [...] Consolidação do Planejamento Cicloviário – Dawton Gaia, Assessoria Técnica/SMT.
80_2025_Pleno_ordin_ata.pdf;80ª Reunião Ordinária;2025;Transporte Escolar e Fretamento;53;17.3;escolar, teg, van;80ª REUNIÃO ORDINÁRIA DO CMTT Data: 29/08/2025 Horário: 09h00 Participantes: Alexandre Bürgel - Zona Sul – Conselheiros CMTT (Sociedade Civil) Amaury - Observador Andrea – SPTrans – Conselheiros CMTT (Governo) Antonio Matias Ceará – Conselheiros CMTT (Operadores de Transporte) Caique Alves de Souza – Conselheiros CMTT (Sociedade Civil) Carlos Alberto S Codesseira – Conselheiros CMTT (Governo) Caroline Duarte Ceará – Conselheiros CMTT (Operadores de Transporte) Conselheira Marta Porta – Conselheiros CMTT (Sociedade Civil) Daniel Augusto De Souza Borges – Conselheiros CMTT (Governo) Daniela Mangini – CET/Imprensa Dawton Roberto Batista Gaia – SMT/AT Debora S Sciama (NDANT) Debora Sipukow - – Conselheiros CMTT (Governo) Denis SPTrans Diego Santos - SPTrans Eduardo Reis – SPTrans – Conselheiros CMTT (Governo) Educalibras | Wallace e Amanda Élio Camargo - CTMP George Queiroz – Conselheiros CMTT (Sociedade Civil) Gustavo dos Santos Azevedo – Conselheiros CMTT (Sociedade Civil) Izumu Honda – Conselheiros CMTT (Sociedade Civil) Jornal Bicicleta - CTB Jose Julio Rebelo – CET/GST Lea – SMT/AT Leandro Frenham Chemalle - Observador Marcelo Almeida Pereira Marcus Vinicius B Buelloni – CET/GPL Mario Luiz de Camargo Filho Mauro Calliari - CTMP Michele Perea Cavinato – SMT/AT Osvaldo – CT Transporte Escolar Pamela Escolastico Rodrigues – Conselheiros CMTT (Governo) Pcabral Priscila (SPTrans) – Conselheiros CMTT (Governo) Rafael Rafael Calabria - Observador Rafael Mielnik – SMT/AT Rafaela Moreira – Conselheiros CMTT (Sociedade Civil) Raphael Secanho (SPTrans) Renan Villarta – Conselheiros CMTT (Sociedade Civil) Ricardo Pradas – SMT/AT Richard Melo – Conselheiros CMTT (Sociedade Civil) Rodrigo Candido – SMT/Imprensa Rodrigo Dias Paes Landim – SMT/AT Sara Raquel Miranda de Araujo – SMT/AT Thomas Wang - CTB Wagner palma – Conselheiros CMTT (Operadores de Transporte) Pautas 1. [...] A gente tem alguns requisitos que são importantes para a concessão do benefício, principalmente que está escrita no CadÚnico, reside a uma distância superior a 1,5 km do estabelecimento e ela também não esteja hoje vinculada a outro serviço da Prefeitura, que é o TEG.
80_2025_Pleno_ordin_ata.pdf;80ª Reunião Ordinária;2025;Mobilidade Urbana: Organização Geral e Prestação de Contas;43;14.0;orcament, plano de mobilidade, subsidio, tarifa;Mamãe Tarifa Zero: Apresentação do Programa e Resultados da Pesquisa – Rafael Barros de Camargo, Diretoria de Planejamento de Transporte/SPTrans. [...] Aqui, no caso, o programa Mamãe Tarifa Zero é um programa da Prefeitura que tem parceria entre a Secretaria de Educação e a Secretaria de Transportes.
80_2025_Pleno_ordin_ata.pdf;80ª Reunião Ordinária;2025;Segurança Viária;20;6.5;seguranca, sinistro, velocidade, visao zero;Estabelece a localização dos pontos conforme parâmetros técnicos de distanciamento, relevo e condições de segurança. [...] As maiores vítimas de crianças são supervítimas de sinistros de trânsito e a gente tem que descriminalizar essa coisa.
80_2025_Pleno_ordin_ata.pdf;80ª Reunião Ordinária;2025;Composição e Governança do Conselho;17;5.5;conselheiro, conselho, mandato, representante;80ª REUNIÃO ORDINÁRIA DO CMTT Data: 29/08/2025 Horário: 09h00 Participantes: Alexandre Bürgel - Zona Sul – Conselheiros CMTT (Sociedade Civil) Amaury - Observador Andrea – SPTrans – Conselheiros CMTT (Governo) Antonio Matias Ceará – Conselheiros CMTT (Operadores de Transporte) Caique Alves de Souza – Conselheiros CMTT (Sociedade Civil) Carlos Alberto S Codesseira – Conselheiros CMTT (Governo) Caroline Duarte Ceará – Conselheiros CMTT (Operadores de Transporte) Conselheira Marta Porta – Conselheiros CMTT (Sociedade Civil) Daniel Augusto De Souza Borges – Conselheiros CMTT (Governo) Daniela Mangini – CET/Imprensa Dawton Roberto Batista Gaia – SMT/AT Debora S Sciama (NDANT) Debora Sipukow - – Conselheiros CMTT (Governo) Denis SPTrans Diego Santos - SPTrans Eduardo Reis – SPTrans – Conselheiros CMTT (Governo) Educalibras | Wallace e Amanda Élio Camargo - CTMP George Queiroz – Conselheiros CMTT (Sociedade Civil) Gustavo dos Santos Azevedo – Conselheiros CMTT (Sociedade Civil) Izumu Honda – Conselheiros CMTT (Sociedade Civil) Jornal Bicicleta - CTB Jose Julio Rebelo – CET/GST Lea – SMT/AT Leandro Frenham Chemalle - Observador Marcelo Almeida Pereira Marcus Vinicius B Buelloni – CET/GPL Mario Luiz de Camargo Filho Mauro Calliari - CTMP Michele Perea Cavinato – SMT/AT Osvaldo – CT Transporte Escolar Pamela Escolastico Rodrigues – Conselheiros CMTT (Governo) Pcabral Priscila (SPTrans) – Conselheiros CMTT (Governo) Rafael Rafael Calabria - Observador Rafael Mielnik – SMT/AT Rafaela Moreira – Conselheiros CMTT (Sociedade Civil) Raphael Secanho (SPTrans) Renan Villarta – Conselheiros CMTT (Sociedade Civil) Ricardo Pradas – SMT/AT Richard Melo – Conselheiros CMTT (Sociedade Civil) Rodrigo Candido – SMT/Imprensa Rodrigo Dias Paes Landim – SMT/AT Sara Raquel Miranda de Araujo – SMT/AT Thomas Wang - CTB Wagner palma – Conselheiros CMTT (Operadores de Transporte) Pautas 1. [...] Eu falo já como conselheiro, enfim, contra a desativação dos outros fios que estão no trólebus, que ele tem muita importância pra cidade.
81_2025_Pleno_ordin_ata.pdf;81ª Reunião Ordinária;2025;Segurança Viária;66;23.2;morte, seguranca, sinistro, velocidade, visao zero;INFOSIGA 3.0 – Diretoria de Segurança, DETRAN SP 3. [...] Estou hoje como coordenador-geral de segurança viária nessa nova Diretoria de Segurança Viária, desse novo Detran-SP, que eu quero rapidamente, depois, apresentar.
81_2025_Pleno_ordin_ata.pdf;81ª Reunião Ordinária;2025;Mobilidade Urbana: Organização Geral e Prestação de Contas;60;21.1;custos, orcament, planmob, plano diretor, tarifa;Lei Orçamentária Anual (LOA) com foco em Trânsito e Transporte – Carlos Henrique Costa e João Bonnet Neto, SMT/AT 00:00:06 Michele Perea Cavinato: Iniciando a gravação, bom dia a todos, bem-vindos à 81ª reunião ordinária do CMTT. [...] Hoje nós temos três pautas, o InfoSiga 3.0, sistema de trólebus, foi pedido já na última reunião, eles fizeram um breve informe e agora vão fazer realmente uma pauta, e por último a lei orçamentária, a LOA desse ano, que embora todo o trâmite já tenha sido feito, ainda falta aprovação na Câmara.
81_2025_Pleno_ordin_ata.pdf;81ª Reunião Ordinária;2025;Transporte Público Coletivo;58;20.4;frota, onibus, sptrans, transporte coletivo;81ª REUNIÃO ORDINÁRIA DO CMTT Data: 31/10/25 Horário: on-line Participantes Alexandre Zona 6 Anselmo Rizante Antonio Manuel Leria Antônio Marcos Madeira Carlos Alberto S Codesseira Carlos Henrique de Campos Costa Carolina Horta Cattaneo Caroline Duarte Conselheira Marta Porta Daniel Augusto De Souza Borges Dawton Roberto Batista Gaia Debora Sipukow Eduardo Reis – SPTrans Élio Elio Bueno de Camargo Evandro Caramaschi Ferreira do Vale Everaldo Valenga Alves Felipe Lara Vogel Fernanda Ormelezi Pitombo George Queiroz Gerson - SPTrans Gisele Gisele Heloise Barbosa Glaucia Bellei Neix Hidely Idernani do Carmo Joao Bonett Neto José Antonio Oka Jose Julio Rebelo José Renato Soibelmann Melhem Julia Martins Ferreira kenji kawakami lea - SMT Lucas de Barros Teixeira Luciana Trindade Manoel – SPTrans Manoel Santos Marcelo Ribeiro Favilla Marcelo Rodrigues Mario Luiz de Camargo Filho Mauro Michele Perea Cavinato Nicolas Xavier de Carvalho Pamela Escolastico Rodrigues Priscila (SPTrans) Rafael Drummond Rafaela Moreira read.ai meeting notes Renan Villarta Ricardo Airut Pradas Ricardo Pradas Richard Melo Da Silva Rodrigo Candido Rosilda sandraramalhoso Sergio Ricardo do Amaral Sonia - Spurbanuss SPTrans - Alferes Susy Kis Curzio Campos Wagner palma Pautas 1. [...] Sistema Trólebus na Cidade de São Paulo: Histórico, Infraestrutura e Modelos Contratuais - Alferes Soares Alves, Gerente de Desenvolvimento e Inovação Tecnológica, SPTrans.
81_2025_Pleno_ordin_ata.pdf;81ª Reunião Ordinária;2025;Estrutura e Organização da Rede Viária;33;11.6;asfalto, cet, corredor, recapeamento, via;00:40:36 Everaldo Valenga Alves: Muito rapidamente, a gente está voltando e fazendo um acordo — na verdade, um convênio, com a CET. [...] Inclusive, boa parte da qualidade dos dados que nós temos hoje na cidade de São Paulo deriva da troca técnica que existe entre as equipes da CET e a nossa.
81_2025_Pleno_ordin_ata.pdf;81ª Reunião Ordinária;2025;Mobilidade Ativa: Bicicletas;28;9.8;bicicleta, ciclista, ciclofaixa, ciclovia;Eu sou Jorge, conselheiro aqui da cadeira dos ciclistas. [...] Uma vez eu fiz uma coisa… Eu entro muito no InfoSiga já há muitos anos, produzo alguns gráficos, pesquiso especialmente a parte de ciclistas aqui em São Paulo.
81_2025_Pleno_ordin_ata.pdf;81ª Reunião Ordinária;2025;Motocicletas e Motofrete;15;5.3;faixa azul, moto;Tivemos a explosão das mortes de motociclistas, e a prefeitura não acompanha, não acompanha no sentido de não divulgar corretamente, inclusive porque não tem interesse, já que isso poderia prejudicar o projeto da Faixa Azul. [...] Pelo InfoSiga, se você olhar os dados, o projeto da Faixa Azul estaria comprometido.
82_2025_Pleno_ordin_ata.pdf;82ª Reunião Ordinária;2025;Composição e Governança do Conselho;18;33.3;conselheiro, conselho, eleic, mandato, regimento interno, representante;A gente queria entender um pouco sobre a criação desse comitê, porque ele só tem representantes do Poder Público, das secretarias, da São Paulo Transporte e representantes da Câmara Municipal. [...] Porém, a gente tem precedentes, por exemplo, de outros comitês intersecretariais, como o das calçadas, em que houve participação de conselheiros da Câmara Temática da Mobilidade a Pé.
82_2025_Pleno_ordin_ata.pdf;82ª Reunião Ordinária;2025;Mobilidade Ativa: Bicicletas;18;33.3;bicicleta, ciclista, ciclovia;00:02:55 Aline Pellegrini Matheus: Outra coisa que eu queria perguntar: a gente teve aí uma publicação no Diário Oficial do dia 12 de dezembro, uma portaria dispondo a respeito de um comitê que foi criado, um Comitê Executivo Intersecretarial do Ciclo, que trata do Plano Cicloviário e das disposições do Plano Cicloviário. [...] Então, eu queria verificar, é claro que não precisa ser agora, mas já aproveito que estou aqui e deixo registrado, a possibilidade de, de alguma forma, haver a participação da sociedade civil por meio de um representante, que seja da Câmara Temática da Bicicleta, nesse comitê.
82_2025_Pleno_ordin_ata.pdf;82ª Reunião Ordinária;2025;Segurança Viária;6;11.1;atropelamento, seguranca;Análise da Eficácia da Faixa Azul na Redução de Acidentes – Alexandra Morgilli, Gerência de Segurança de Tráfego (GST), CET. [...] Os quase atropelamentos do Porquinho foram por volta de dez para as sete da noite.
82_2025_Pleno_ordin_ata.pdf;82ª Reunião Ordinária;2025;Estrutura e Organização da Rede Viária;3;5.6;cet;82ª REUNIÃO ORDINÁRIA DO CMTT Data: 19/12/2025 Horário: on-line Participantes Alexandra Panontin Morgilli Jose Julio Rebelo Alexandre Bürgel - Zona Sul José Renato Soibelmann Melhem Aline Pellegrini Matheus kenji kawakami Ana Luisa Faria Lea Lopes Andrea - SPTrans Leandro Frenham Chemalle Andrea Bueno Pironato Lilian Caique Alves de Souza Lucas de Paula Landin Carlos Alberto S Codesseira Manoel Santos Caroline Duarte Marcus Vinicius B Buelloni Conselheira Marta Porta Mario Luiz de Camargo Filho Daniel Augusto De Souza Borges Mauro Calliari Dawton Roberto Batista Gaia Mauro Ramon Eduardo Augusto Rodrigues Siqueira Michele Perea Cavinato Eduardo Facchini Myrna dos Santos Melo Élio Camargo Pablo de Jesus Santos Emerson CET/GPO Pamela Escolastico Rodrigues Everaldo Valenga Alves Priscila (SPTrans) Fabio Nigro Gonzalez Rafael Calabria Felipe Ferraz read.ai meeting notes Felipe Lara Vogel Renan Villarta Fernanda Braganca A Hayek Ricardo Airut Pradas Fernanda Ormelezi Pitombo Richard Melo Fireflies.ai Notetaker José Rodrigo Candido George Lima de Queiroz Rodrigo Dias Paes Landim Hidely Rogerio Viduedo Idernani do Carmo Sandra Ramalhoso Jackeline Morena Oliveira Melo Victor Enrique Mendoza Ramos Jose Eduardo C Montezuma Welton Informes Novo Programa Respeito a Vida – Detran-SP (https://detran.sp.gov.br/pravida/) Pautas 1. [...] Análise da Eficácia da Faixa Azul na Redução de Acidentes – Alexandra Morgilli, Gerência de Segurança de Tráfego (GST), CET.
82_2025_Pleno_ordin_ata.pdf;82ª Reunião Ordinária;2025;Mobilidade Urbana: Organização Geral e Prestação de Contas;3;5.6;tarifa;O prefeito tem que falar de aumento de tarifa. [...] Se for ter aumento de tarifa, tem que convocar o CMTT.
extra_01_2016_Pleno_ata.pdf;Reunião Extraordinária;2016;Composição e Governança do Conselho;6;75.0;conselheiro, conselho, eleic;"ATA DE REUNIÃO EXTRAORDINÁRIA Eleição dos Coordenadores da Executiva do Conselho Municipal de Transportes e Trânsito Data: 23/11/2016 Horário: 16h00 Local: Barão de Itapetininga, 18 - 14º andar Objetivo:  Informes e esclarecimentos para os novos Conselheiros;  Escolher representantes para compor a nova Coordenação Executiva do CMTT;  Outros assuntos. [...] - Todas as falas se reportaram ao funcionamento do CMTT e em especial ao papel dos Conselheiros, Transição de Governo, Papel da Executiva, Regimento, Expectativa do Conselho com a nova Gestão, Câmaras Temáticas, Calendário de Reuniões -2017, 20ª Reunião Ordinária do CMTT PL que cria o CMTT, Criação de Novas Câmaras Temáticas (Segurança no Trânsito e Transporte Público e Regionais) e por último considerações sobre a transição sendo definido que a nova Executiva irá se colocar à disposição dos novos gestores ainda esse ano."
extra_02_2019_Pleno_ata.pdf;Reunião Extraordinária;2019;Composição e Governança do Conselho;3;33.3;conselheiro, conselho;Reunião Extraordinária do Conselho Municipal de Transportes e Trânsito – CMTT Data: 10/06/2019 Hora: 09h às 12h Local: Auditório Sindicato dos Engenheiros no Estado de SP – Rua Genebra, Participantes Poder Público Nancy Reis Schneider – CET Maria Célia Carvalho – CET Heloisa Martins – CET Ana Carolina Cominotti – SMT Maria Cristina Biondilo - SPTrans Carlos Eduardo Schad – SF Jabs Cress Maia dos Santos - SGM Irineu Gnecco Filho – SG Denise Campos Bittencourt – SMDU Fernando Chucre – SMDU Vereador Police Neto Entidades Irineu Leite Burin – ARESP Alexandre Gerolamo - SINTTEASP Maria de Lourdes de Almeida – SINTTEASP Regina Helena Alonso Texeira – SPUrbanuss Antonio Raiumundo Marias – SIMTETAXIS Ademilson Francisco Costa – SIMTETAXIS Conselheiros da Câmara Temática João Santo Carcan – Idosos Carolina Guimarães Silva – Meio ambiente e saúde Ana Carolina Nunes – Mobilidade a pé Mauro Calliari – Mobilidade a pé Hugo Moraes – Movimento estudantil universitário David Carlos Silva Garcia – Movimentos sociais Rafael Gândara – ONG Conselheiros Regionais Arlindo Amaro dos Santos – Zona sul Idernani Gomes do Carmo – Zona leste Niquéias Ferreira Borges – Zona leste Reginaldo Pereira dos Santos – Zona leste Paulo Marcelo Reis – Zona oeste Sandro Merida Domingues – Zona oeste Marta Lilia Porta – Centro Ana Carolina Cominotti – abre a reunião e compõe a mesa. [...] Mauro Calliari, conselheiro de mobilidade a pé – parabeniza a prefeitura pelo diagnostico apresentado.
extra_02_2019_Pleno_ata.pdf;Reunião Extraordinária;2019;Estrutura e Organização da Rede Viária;2;22.2;cet;Reunião Extraordinária do Conselho Municipal de Transportes e Trânsito – CMTT Data: 10/06/2019 Hora: 09h às 12h Local: Auditório Sindicato dos Engenheiros no Estado de SP – Rua Genebra, Participantes Poder Público Nancy Reis Schneider – CET Maria Célia Carvalho – CET Heloisa Martins – CET Ana Carolina Cominotti – SMT Maria Cristina Biondilo - SPTrans Carlos Eduardo Schad – SF Jabs Cress Maia dos Santos - SGM Irineu Gnecco Filho – SG Denise Campos Bittencourt – SMDU Fernando Chucre – SMDU Vereador Police Neto Entidades Irineu Leite Burin – ARESP Alexandre Gerolamo - SINTTEASP Maria de Lourdes de Almeida – SINTTEASP Regina Helena Alonso Texeira – SPUrbanuss Antonio Raiumundo Marias – SIMTETAXIS Ademilson Francisco Costa – SIMTETAXIS Conselheiros da Câmara Temática João Santo Carcan – Idosos Carolina Guimarães Silva – Meio ambiente e saúde Ana Carolina Nunes – Mobilidade a pé Mauro Calliari – Mobilidade a pé Hugo Moraes – Movimento estudantil universitário David Carlos Silva Garcia – Movimentos sociais Rafael Gândara – ONG Conselheiros Regionais Arlindo Amaro dos Santos – Zona sul Idernani Gomes do Carmo – Zona leste Niquéias Ferreira Borges – Zona leste Reginaldo Pereira dos Santos – Zona leste Paulo Marcelo Reis – Zona oeste Sandro Merida Domingues – Zona oeste Marta Lilia Porta – Centro Ana Carolina Cominotti – abre a reunião e compõe a mesa. [...] Fernando Chucre – anuncia apresentação sobre projeto realizado pela CET e Secretaria de Transportes para a desativação do minhocão.
extra_03_2019_Pleno_ata.pdf;Reunião Extraordinária;2019;Mobilidade Urbana: Organização Geral e Prestação de Contas;39;39.0;custos, orcament, plano de mobilidade, plano diretor, subsidio, tarifa;"Michele – abriu a reunião, agradeceu a presença de todos, deu os informes sobre a sequência dos trabalhos e convidou Andrea Comtri, Superintendente de Receitas e Remuneração da SPTrans, para fazer apresentação intitulada “Receitas, custos e subsídios do Sistema de Transporte público por ônibus, da Cidade de São Paulo”. [...] Andrea apresentou:  Dados Operacionais – Dez-2019;  Passageiros Transportados;  Receita Tarifária (evolução);  Subsídios à Tarifa;  Modernização, Tecnologia e Conforto;  Custos das gratuidades do Sistema (idosos, estudante, bilhete único, etc);  Custos/passageiro transportado pagante;  Visão Geral do Sistema (base Dez-19);  Inflação no ano de 2019."
extra_03_2019_Pleno_ata.pdf;Reunião Extraordinária;2019;Transporte Público Coletivo;30;30.0;bilhete unico, metro, onibus, sptrans, transporte coletivo;Biondilo - SPTrans  Vanessa de Lima Benedito – SGM  André Luís Gonçalves Pina – SMDU  Cecília Freitas C. [...] de Souza – SPUrbanuss  Antonio Raimundo Matias dos Santos – SIMTETAXIS Convidados Gerais:  Participaram da reunião 29 (vinte e nove) pessoas, dentre as quais, o vereador Policie Neto, empregado (a)s das empresas SMT / SPTrans / CET e sociedade civil.
extra_03_2019_Pleno_ata.pdf;Reunião Extraordinária;2019;Estrutura e Organização da Rede Viária;14;14.0;cet, corredor, via;Participantes | Poder Público:  Edson Caram – Secretário SMT  Michele Perea Cavinato – Assessoria SMT  Nancy Schneider - CET  Eduardo Macabelli – CET  Maria Célia D. [...] Soares de Carvalho – CET  Valtair Ferreira Valadão - CET  Christina Maria M.
extra_03_2019_Pleno_ata.pdf;Reunião Extraordinária;2019;Composição e Governança do Conselho;7;7.0;conselho;Relatório da Reunião Extraordinária do Conselho Municipal de Transporte e Trânsito - CMTT Data: 19 de dezembro de 2019. [...] Protocolarmente tem que se passar esta questão para o Conselho.
extra_03_2019_Pleno_ata.pdf;Reunião Extraordinária;2019;Mobilidade Ativa: Bicicletas;5;5.0;bicicleta, ciclovia;Seria interessante a implantação de ciclovias e o melhoramento delas para termos mais opões de transporte. [...] No Plano Diretor foi proposto fazer a ciclovia do Museu do Ipiranga até o Parque São Jorge.
extra_04_2020_Pleno_ata.pdf;Reunião Extraordinária;2020;Transporte Público Coletivo;31;48.4;frota, metro, onibus, sptrans;Codesseira - CET  Christina Maria Marchiori Borges - SPTrans  Denise de Campos Bittencourt - SMDU  Eduardo Macabelli - CET  Elisabete França - Secretária de Mobilidade e Transportes - SMT  Irineu Gnecco Filho – SG  Leonardo Barbosa de Oliveira - SGM  Maria Teresa Diniz – Secretária Executiva - CMTT  Manoel Messias C. [...] Santos - SPTrans  Nancy Schneider - CET  Oswaldo Rafael Fantini - SMPED  Regina Celia da S.
extra_04_2020_Pleno_ata.pdf;Reunião Extraordinária;2020;Composição e Governança do Conselho;11;17.2;conselheiro, conselho, eleic;Reunião Extraordinária do Conselho Municipal de Transporte e Trânsito – CMTT Data: 30.06.020 (terça-feira) Horário: 9:00 às 12:00 (online) Participantes: Conselheiros | Órgãos Municipais  André Luís Gonçalves Pina – SMDU  Carlos Alberto S. [...] Santana - SMDHC  Vanessa Lima Benedito - SGM Conselheiros | Temáticos, Regionais e Operadores do Transporte  Ana Carolina – Mobilidade a Pé  Antonio Raimundo Matias – SIMTETAXIS  Bárbara H.
extra_04_2020_Pleno_ata.pdf;Reunião Extraordinária;2020;Segurança Viária;5;7.8;acidente, morte, seguranca, velocidade;4) Bicicletário/paraciclo – há em todos os terminais, exceto naqueles onde não há conexão, impossibilitando a utilização pelo usuário em segurança. [...] Ana Carolina – referente à apresentação da Tainá destacou o fato de que as áreas críticas, em muitos casos, coincidem com os distritos da cidade onde há um maior número de mortes por COVID (Brasilândia, Sapopemba, Jardim Ângela e Jardim São Luís).
extra_04_2020_Pleno_ata.pdf;Reunião Extraordinária;2020;Mobilidade Ativa: Acessibilidade e Pedestres;5;7.8;acessibilidade, calcada, pedestre;Sandra Ramalhoso – sugeriu o detalhamento da acessibilidade para pessoas com deficiência, idosos e crianças. [...] Como serão consideradas as larguras de calçadas e de vias?
extra_04_2020_Pleno_ata.pdf;Reunião Extraordinária;2020;Estrutura e Organização da Rede Viária;4;6.2;cet, semaforo;Codesseira - CET  Christina Maria Marchiori Borges - SPTrans  Denise de Campos Bittencourt - SMDU  Eduardo Macabelli - CET  Elisabete França - Secretária de Mobilidade e Transportes - SMT  Irineu Gnecco Filho – SG  Leonardo Barbosa de Oliveira - SGM  Maria Teresa Diniz – Secretária Executiva - CMTT  Manoel Messias C. [...] Santos - SPTrans  Nancy Schneider - CET  Oswaldo Rafael Fantini - SMPED  Regina Celia da S.
extra_04_2020_Pleno_ata.pdf;Reunião Extraordinária;2020;Mobilidade Ativa: Bicicletas;4;6.2;bicicleta, ciclovia;de Souza - SPUrbanuss  Carolina Guimarães – Meio Ambiente e Saúde  Daniel Fernaine Drager – Regional Sul  Enio José da Silva – Regional Norte  Idernani Gomes do Carmo – Regional Leste  Fernanda de Campos Bardelli - Bicicleta  Francisco Armando Noschang Christovam - SPUrbanuss  João Santo Carcan – Idosos  Jorge Miguel dos Santos - TRANFRETUR  Juliana Ribeiro Conz – Regional Oeste  Ligia Miranda de Oliveira - ONG  Luciana Trindade de Macedo – Regional Centro  Maria Ermelina Malatesta - Idosos  Paulo Reis - Regional Oeste  Rafael Del Mônaco Drummond – Regional Centro  Rafael Gândara Calabria - ONG  Reginaldo Pereira dos Santos – Regional Leste  Sandra Ramalhoso – Pessoa com Deficiência  Sandro Merida Domingues – Regional Oeste  Mauro Calliari – Mobilidade a Pé Participaram da reunião um total de 85 pessoas entre membros do Conselho Municipal de Transportes e Trânsito e munícipes da sociedade civil organizada. [...] 4) Bicicletário/paraciclo – há em todos os terminais, exceto naqueles onde não há conexão, impossibilitando a utilização pelo usuário em segurança.
extra_05_2020_Pleno_ata.pdf;Reunião Extraordinária;2020;Transporte Público Coletivo;94;43.7;bilhete unico, frota, onibus, sptrans, transporte coletivo;Maria Teresa – abriu a reunião, cumprimentou todos e convidou a Andréa Cumpri, da SPTrans, para continuar sua apresentação. [...] Obs.: a apresentação “Receitas, custos e subsídios do sistema de transporte público por ônibus, da Cidade de São Paulo” será disponibilizada e integra esta Ata.
extra_05_2020_Pleno_ata.pdf;Reunião Extraordinária;2020;Mobilidade Urbana: Organização Geral e Prestação de Contas;49;22.8;custos, orcament, prestacao de contas, subsidio, tarifa;Obs.: a apresentação “Receitas, custos e subsídios do sistema de transporte público por ônibus, da Cidade de São Paulo” será disponibilizada e integra esta Ata. [...] Andréa – reiniciou a apresentação sobre “Receitas, custos e subsídios do sistema de transporte público por ônibus, da Cidade de São Paulo”.
extra_05_2020_Pleno_ata.pdf;Reunião Extraordinária;2020;Mobilidade Ativa: Acessibilidade e Pedestres;17;7.9;acessibilidade, cadeirante, calcada, pedestre;Venho questionar a respeito da acessibilidade, que continua ilegal. [...] Sou cadeirante, outro dia peguei o ônibus 3141 e pulei dentro como pipoca pelo fato de o ônibus estar sem amortecedor e sem segurança.
extra_05_2020_Pleno_ata.pdf;Reunião Extraordinária;2020;Composição e Governança do Conselho;16;7.4;conselheiro, conselho, eleic, mandato;Reunião Extraordinária do Conselho Municipal de Transportes e Trânsito – CMTT Data: 29.12.2020 (terça-feira) Horário: 14:00 às 16:00 (online) Participantes: Conselheiros | Órgãos Municipais 1. [...] Valtair Ferreira Valadão - CET Conselheiros | Temáticos, Regionais e Operadores do Transporte 1.
extra_05_2020_Pleno_ata.pdf;Reunião Extraordinária;2020;Segurança Viária;14;6.5;acidente, seguranca;Sou cadeirante, outro dia peguei o ônibus 3141 e pulei dentro como pipoca pelo fato de o ônibus estar sem amortecedor e sem segurança. [...] Gostaria de saber como a prefeitura trabalha o acidente de trânsito no transporte coletivo?
extra_06_2021_Pleno_ata.pdf;Reunião Extraordinária;2021;Mobilidade Urbana: Organização Geral e Prestação de Contas;65;46.4;custos, orcament, subsidio, tarifa;DAWTON – cumprimenta e agradece a todos e informa que a pauta será única: “Tarifa, custo e subsídios do sistema de transporte público por ônibus, da cidade de São Paulo”. [...] Em seguida apresentou os dados, estudos, custos e subsídios da tarifa do sistema de transporte por ônibus na cidade de São Paulo.
extra_06_2021_Pleno_ata.pdf;Reunião Extraordinária;2021;Transporte Público Coletivo;53;37.9;emtu, frota, metro, onibus, sptrans, terminal, transporte coletivo;Rosilda M.V Domingues – SPTrans Conselheiros | Temáticos, Regionais e Operadores do Transporte 1. [...] DAWTON – cumprimenta e agradece a todos e informa que a pauta será única: “Tarifa, custo e subsídios do sistema de transporte público por ônibus, da cidade de São Paulo”.
extra_06_2021_Pleno_ata.pdf;Reunião Extraordinária;2021;Composição e Governança do Conselho;7;5.0;conselheiro, conselho, representante;Reunião Extraordinária do Conselho Municipal de Trânsito e Transporte – CMTT Data: 22.12.2021 (sexta-feira) Horário: 9h às 12h (online) Participantes: Conselheiros | Órgãos Municipais 1. [...] Rosilda M.V Domingues – SPTrans Conselheiros | Temáticos, Regionais e Operadores do Transporte 1.
extra_07_2024_Pleno_ata.pdf;Reunião Extraordinária;2024;Mobilidade Ativa: Bicicletas;104;45.4;bicicleta, ciclista, ciclofaixa, ciclovia;Apresentação do “Novo Plano Cicloviário” – Dawton Roberto Batista Gaia (SMT/AT) 00:00:03 Dawton Roberto Batista Gaia: Bom dia a todos. [...] A ideia hoje é falar um pouquinho sobre as estruturas cicloviárias, as novas propostas.
extra_07_2024_Pleno_ata.pdf;Reunião Extraordinária;2024;Segurança Viária;36;15.7;acidente, morte, seguranca, sinistro, velocidade;Bom, a gente vem já trazendo essas diretrizes dos planos já há muito tempo e seguindo essa questão da segurança, conectividade, linearidade, intermodalidade, funcionalidade, oferecendo condições mais seguras, de melhor conforto, conectar percursos com uso eficiente da rede, percorrer a menor distância no município, os trajetos de viagem, de bicicleta, conectaram com terminais e estações de ônibus, metrô e trem, e as vias, com vias mais atrativas ao usuário da bicicleta. [...] Bom, o que nós estamos fazendo para melhorar a segurança na mobilidade da cidade de São Paulo?
extra_07_2024_Pleno_ata.pdf;Reunião Extraordinária;2024;Mobilidade Ativa: Acessibilidade e Pedestres;34;14.8;acessibilidade, cadeirante, calcada, pedestre, travessia;Eu coloquei alguns itens apenas, alguns programas, são vários programas, mas eu selecionei esses dois programas aqui, são as áreas calmas, melhorar a segurança de todos os usuários, que é o objetivo, reduzir o número e a gravidade dos atropelamentos, projetos focados, todos eles focados na melhoria da caminhabilidade do pedestre, priorizando o deslocamento a pé e estimulando os modos ativos de ciclistas e pedestres. [...] O programa é composto por uma série de ações, aplicações de elementos de moderação de tráfego, tratamento de travessias de pedestre, readequação das calçadas e redução da velocidade regulamentada para 30 km por hora.
extra_07_2024_Pleno_ata.pdf;Reunião Extraordinária;2024;Estrutura e Organização da Rede Viária;17;7.4;asfalto, cet, corredor, semaforo, via;Os transportes públicos, 6,6 milhões de passageiros em dias úteis, a frota cadastrada, 13.261 veículos, 100% da frota acessível, 156 mil viagens programadas em dias úteis, são 33 terminais municipais de transferência, 131 quilômetros de corredores, ponto 2, quilômetros de corredores exclusivos de ônibus, 550 quilômetros de faixas exclusivas para ônibus, 21.095 pontos de parada. [...] Esse é um processo que ele vai passar ainda por audiência pública, quer dizer, todos esses foram elaborados projetos funcionais, ele fez o planejamento, foram elaborados projetos funcionais, esses projetos funcionais foram encaminhados através de um CIE para a CET.
extra_07_2024_Pleno_ata.pdf;Reunião Extraordinária;2024;Mobilidade Urbana: Organização Geral e Prestação de Contas;12;5.2;orcament, planmob, plano diretor;A ferramenta para orientar as ações, projetos e investimentos na mobilidade urbana hoje é o PlanMob. [...] O segundo PlanMob, até 2028, temos que estar lá com 1.800 quilômetros de rede, se tiver implantado, e, por enquanto, é o que está registrado lá no PlanMob.
extra_08_2024_Pleno_ata.pdf;Reunião Extraordinária;2024;Transporte Público Coletivo;145;39.2;bilhete unico, frota, metro, onibus, sptrans, terminal, transporte coletivo;Imprensa - CET Gabriel Erika Hilton Observador - Sociedade Civil SPTrans: Andrea Compri e George Guidalla Governo - SPTrans Media Center - TV Cultura Observador - Sociedade Civil Antonio Carlos de Souza Observador - Sociedade Civil rafael@podaris.com Observador - Sociedade Civil Alberto - DGO/SET Governo - CET Henrique Observador - Sociedade Civil Clareana/MinhaSampa Observador - Sociedade Civil THIAGO DOS SANTOS DA SILVA Observador - Sociedade Civil Rafael Fontes Observador - Sociedade Civil Renata Bitar Observador - Sociedade Civil Fabio Leão Observador - Sociedade Civil Alexandre Bürgel - Zona Sul CMTT - Sociedade Civil Aline Mazzo Observador - Sociedade Civil Elio CT - Mobilidade a Pé Johnson DR CET Governo - CET Leandro Chemalle Observador - Sociedade Civil Luciana Trindade Mov.sociais CMTT - Sociedade Civil Eduardo Reis - SPTrans CMTT - Governo Toninho Leria Imprensa - SETRAM José Maria Tomazela Observador - Sociedade Civil Caique Souza - CMTT Zona Leste CMTT - Sociedade Civil Marshelle Observador - Sociedade Civil Rafael Calabria Observador - Sociedade Civil Alexandra GST CET CMTT - Governo CET Jozino Lucas Observador - Sociedade Civil Renan Villarta CMTT - Sociedade Civil Conselheira Marta Porta CMTT - Sociedade Civil Sofia Aguiar Observador - Sociedade Civil Adamo Bazani - Diário do Transporte Observador - Sociedade Civil Daniel Augusto De Souza Borges CMTT - Governo SF Mauro Calliari CT - Mobilidade a Pé Gustavo dos Santos Azevedo CMTT - Sociedade Civil Myrna dos Santos Melo CMTT - Governo SMPED George Queiroz CMTT - Sociedade Civil Letycia | Agência Brasil Observador - Sociedade Civil RICHARD MELO DA SILVA CMTT - Sociedade Civil Juliana Tiemi Tamanaha Observador - Sociedade Civil Bruna Sales Observador - Sociedade Civil Luis Antonio Observador - Sociedade Civil Aline Pellegrini Matheus CMTT - Sociedade Civil Adriana Ferraz Camasao Observador - Sociedade Civil Pamela Escolastico Rodrigues CMTT - Governo SMUL Amanda Paschoal Vereadora Silvia da Bancada Feminista Observador - Sociedade Civil Glaucia Bellei Neix Observador - Sociedade Civil Debora Sipukow CMTT - Governo SMS Media Center - TV Cultura Observador - Sociedade Civil Instrutor Carlos Rabelo CMTT - Sociedade Civil Rafaela Moreira CMTT - Sociedade Civil pati.sepe Observador - Sociedade Civil Marco Antonio Portugal CMTT - Sociedade Civil Erick Araujo CMTT - Sociedade Civil Evandro Silva CMTT - Sociedade Civil Danton Barbosa Observador - Sociedade Civil Xenia Vaz CMTT - Sociedade Civil Antonio Observador - Sociedade Civil Juliana Gatti CMTT - Sociedade Civil Erick Andrade Observador - Sociedade Civil Carioca Dz Tucuruvi do PT Observador - Sociedade Civil Thiago Silva (Plamurb) CMTT - Governo SMUL Gustavo Observador - Sociedade Civil Isabella Oliveira Imprensa - SPTrans Manoel Santos CMTT - Governo Sptrans Hector da Silva Batista CMTT - Sociedade Civil Marcelo Observador - Sociedade Civil sergio Observador - Sociedade Civil Luciana Trindade Trindade CMTT - Sociedade Civil João Vitor Reis Ninjo Observador - Sociedade Civil Kel Observador - Sociedade Civil Maria Flor Flor Observador - Sociedade Civil Rogerio V Observador - Sociedade Civil José Renato Soibelmann Melhem CMTT - Governo SMPED Carlos Eduardo Guimarães de Vasconcellos CMTT - Governo SVMA Kamila Observador - Sociedade Civil Adriana Bifulco Observador - Sociedade Civil Jeanete - SPTrans Governo - SPTrans Barbara Rosangela de Souza Observador - Sociedade Civil Edmur SPTrans - Imprensa Diogo da Silva Dias Observador - Sociedade Civil Toninho Vespoli Vereador Izumu Honda CMTT - Sociedade Civil Marcos Costa Observador - Sociedade Civil Maria Izabel Panter CMTT - Governo SME meli.mobilidade CT - Mobilidade a Pé Leticia Observador - Sociedade Civil Mauro Ramon Observador - Sociedade Civil Amanda Machado De Liz Observador - Sociedade Civil Célia aparecida Assumpção Observador - Sociedade Civil Fernando Mota Observador - Sociedade Civil Fabio Trindade Observador - Sociedade Civil Rita de Cassia Batista Ventura Governo SMT Renan Alves da Silva CMTT - Sociedade Civil Gerson - SPTRANS CMTT - Governo SPtrans leandrogpp Observador - Sociedade Civil Eleonora Cordeiro Mattoso CMTT - Governo SME Marcelo Takishi Scrocco CMTT - Governo SMS Rose Observador - Sociedade Civil Paulo Rams Observador - Sociedade Civil Ana Observador - Sociedade Civil João Vitor Campos dos Reis Observador - Sociedade Civil Maria Eduarda Observador - Sociedade Civil Márcia Observador - Sociedade Civil Francisco jose Observador - Sociedade Civil Edson Pardinho Observador - Sociedade Civil mauro Observador - Sociedade Civil José Maria Observador - Sociedade Civil Pauta Avaliação dos elementos tarifários do Sistema de Transporte Público por Ônibus na Cidade de São Paulo - SPTrans 00:03:00 Ricardo Pradas - SMT/AT: Reunião extraordinária do Conselho Municipal de Trânsito e Transporte. [...] A pauta é a avaliação do sistema de transporte público de ônibus na cidade de São Paulo, com a apresentação da SPTrans.
extra_08_2024_Pleno_ata.pdf;Reunião Extraordinária;2024;Mobilidade Urbana: Organização Geral e Prestação de Contas;135;36.5;custos, orcament, subsidio, tarifa;Imprensa - CET Gabriel Erika Hilton Observador - Sociedade Civil SPTrans: Andrea Compri e George Guidalla Governo - SPTrans Media Center - TV Cultura Observador - Sociedade Civil Antonio Carlos de Souza Observador - Sociedade Civil rafael@podaris.com Observador - Sociedade Civil Alberto - DGO/SET Governo - CET Henrique Observador - Sociedade Civil Clareana/MinhaSampa Observador - Sociedade Civil THIAGO DOS SANTOS DA SILVA Observador - Sociedade Civil Rafael Fontes Observador - Sociedade Civil Renata Bitar Observador - Sociedade Civil Fabio Leão Observador - Sociedade Civil Alexandre Bürgel - Zona Sul CMTT - Sociedade Civil Aline Mazzo Observador - Sociedade Civil Elio CT - Mobilidade a Pé Johnson DR CET Governo - CET Leandro Chemalle Observador - Sociedade Civil Luciana Trindade Mov.sociais CMTT - Sociedade Civil Eduardo Reis - SPTrans CMTT - Governo Toninho Leria Imprensa - SETRAM José Maria Tomazela Observador - Sociedade Civil Caique Souza - CMTT Zona Leste CMTT - Sociedade Civil Marshelle Observador - Sociedade Civil Rafael Calabria Observador - Sociedade Civil Alexandra GST CET CMTT - Governo CET Jozino Lucas Observador - Sociedade Civil Renan Villarta CMTT - Sociedade Civil Conselheira Marta Porta CMTT - Sociedade Civil Sofia Aguiar Observador - Sociedade Civil Adamo Bazani - Diário do Transporte Observador - Sociedade Civil Daniel Augusto De Souza Borges CMTT - Governo SF Mauro Calliari CT - Mobilidade a Pé Gustavo dos Santos Azevedo CMTT - Sociedade Civil Myrna dos Santos Melo CMTT - Governo SMPED George Queiroz CMTT - Sociedade Civil Letycia | Agência Brasil Observador - Sociedade Civil RICHARD MELO DA SILVA CMTT - Sociedade Civil Juliana Tiemi Tamanaha Observador - Sociedade Civil Bruna Sales Observador - Sociedade Civil Luis Antonio Observador - Sociedade Civil Aline Pellegrini Matheus CMTT - Sociedade Civil Adriana Ferraz Camasao Observador - Sociedade Civil Pamela Escolastico Rodrigues CMTT - Governo SMUL Amanda Paschoal Vereadora Silvia da Bancada Feminista Observador - Sociedade Civil Glaucia Bellei Neix Observador - Sociedade Civil Debora Sipukow CMTT - Governo SMS Media Center - TV Cultura Observador - Sociedade Civil Instrutor Carlos Rabelo CMTT - Sociedade Civil Rafaela Moreira CMTT - Sociedade Civil pati.sepe Observador - Sociedade Civil Marco Antonio Portugal CMTT - Sociedade Civil Erick Araujo CMTT - Sociedade Civil Evandro Silva CMTT - Sociedade Civil Danton Barbosa Observador - Sociedade Civil Xenia Vaz CMTT - Sociedade Civil Antonio Observador - Sociedade Civil Juliana Gatti CMTT - Sociedade Civil Erick Andrade Observador - Sociedade Civil Carioca Dz Tucuruvi do PT Observador - Sociedade Civil Thiago Silva (Plamurb) CMTT - Governo SMUL Gustavo Observador - Sociedade Civil Isabella Oliveira Imprensa - SPTrans Manoel Santos CMTT - Governo Sptrans Hector da Silva Batista CMTT - Sociedade Civil Marcelo Observador - Sociedade Civil sergio Observador - Sociedade Civil Luciana Trindade Trindade CMTT - Sociedade Civil João Vitor Reis Ninjo Observador - Sociedade Civil Kel Observador - Sociedade Civil Maria Flor Flor Observador - Sociedade Civil Rogerio V Observador - Sociedade Civil José Renato Soibelmann Melhem CMTT - Governo SMPED Carlos Eduardo Guimarães de Vasconcellos CMTT - Governo SVMA Kamila Observador - Sociedade Civil Adriana Bifulco Observador - Sociedade Civil Jeanete - SPTrans Governo - SPTrans Barbara Rosangela de Souza Observador - Sociedade Civil Edmur SPTrans - Imprensa Diogo da Silva Dias Observador - Sociedade Civil Toninho Vespoli Vereador Izumu Honda CMTT - Sociedade Civil Marcos Costa Observador - Sociedade Civil Maria Izabel Panter CMTT - Governo SME meli.mobilidade CT - Mobilidade a Pé Leticia Observador - Sociedade Civil Mauro Ramon Observador - Sociedade Civil Amanda Machado De Liz Observador - Sociedade Civil Célia aparecida Assumpção Observador - Sociedade Civil Fernando Mota Observador - Sociedade Civil Fabio Trindade Observador - Sociedade Civil Rita de Cassia Batista Ventura Governo SMT Renan Alves da Silva CMTT - Sociedade Civil Gerson - SPTRANS CMTT - Governo SPtrans leandrogpp Observador - Sociedade Civil Eleonora Cordeiro Mattoso CMTT - Governo SME Marcelo Takishi Scrocco CMTT - Governo SMS Rose Observador - Sociedade Civil Paulo Rams Observador - Sociedade Civil Ana Observador - Sociedade Civil João Vitor Campos dos Reis Observador - Sociedade Civil Maria Eduarda Observador - Sociedade Civil Márcia Observador - Sociedade Civil Francisco jose Observador - Sociedade Civil Edson Pardinho Observador - Sociedade Civil mauro Observador - Sociedade Civil José Maria Observador - Sociedade Civil Pauta Avaliação dos elementos tarifários do Sistema de Transporte Público por Ônibus na Cidade de São Paulo - SPTrans 00:03:00 Ricardo Pradas - SMT/AT: Reunião extraordinária do Conselho Municipal de Trânsito e Transporte. [...] E nós preparamos aqui para a reunião uma apresentação com a evolução dos principais elementos tarifários do sistema de transporte por ônibus da cidade de São Paulo.
extra_08_2024_Pleno_ata.pdf;Reunião Extraordinária;2024;Composição e Governança do Conselho;52;14.1;conselheiro, conselho, eleic, representante;Imprensa - CET Gabriel Erika Hilton Observador - Sociedade Civil SPTrans: Andrea Compri e George Guidalla Governo - SPTrans Media Center - TV Cultura Observador - Sociedade Civil Antonio Carlos de Souza Observador - Sociedade Civil rafael@podaris.com Observador - Sociedade Civil Alberto - DGO/SET Governo - CET Henrique Observador - Sociedade Civil Clareana/MinhaSampa Observador - Sociedade Civil THIAGO DOS SANTOS DA SILVA Observador - Sociedade Civil Rafael Fontes Observador - Sociedade Civil Renata Bitar Observador - Sociedade Civil Fabio Leão Observador - Sociedade Civil Alexandre Bürgel - Zona Sul CMTT - Sociedade Civil Aline Mazzo Observador - Sociedade Civil Elio CT - Mobilidade a Pé Johnson DR CET Governo - CET Leandro Chemalle Observador - Sociedade Civil Luciana Trindade Mov.sociais CMTT - Sociedade Civil Eduardo Reis - SPTrans CMTT - Governo Toninho Leria Imprensa - SETRAM José Maria Tomazela Observador - Sociedade Civil Caique Souza - CMTT Zona Leste CMTT - Sociedade Civil Marshelle Observador - Sociedade Civil Rafael Calabria Observador - Sociedade Civil Alexandra GST CET CMTT - Governo CET Jozino Lucas Observador - Sociedade Civil Renan Villarta CMTT - Sociedade Civil Conselheira Marta Porta CMTT - Sociedade Civil Sofia Aguiar Observador - Sociedade Civil Adamo Bazani - Diário do Transporte Observador - Sociedade Civil Daniel Augusto De Souza Borges CMTT - Governo SF Mauro Calliari CT - Mobilidade a Pé Gustavo dos Santos Azevedo CMTT - Sociedade Civil Myrna dos Santos Melo CMTT - Governo SMPED George Queiroz CMTT - Sociedade Civil Letycia | Agência Brasil Observador - Sociedade Civil RICHARD MELO DA SILVA CMTT - Sociedade Civil Juliana Tiemi Tamanaha Observador - Sociedade Civil Bruna Sales Observador - Sociedade Civil Luis Antonio Observador - Sociedade Civil Aline Pellegrini Matheus CMTT - Sociedade Civil Adriana Ferraz Camasao Observador - Sociedade Civil Pamela Escolastico Rodrigues CMTT - Governo SMUL Amanda Paschoal Vereadora Silvia da Bancada Feminista Observador - Sociedade Civil Glaucia Bellei Neix Observador - Sociedade Civil Debora Sipukow CMTT - Governo SMS Media Center - TV Cultura Observador - Sociedade Civil Instrutor Carlos Rabelo CMTT - Sociedade Civil Rafaela Moreira CMTT - Sociedade Civil pati.sepe Observador - Sociedade Civil Marco Antonio Portugal CMTT - Sociedade Civil Erick Araujo CMTT - Sociedade Civil Evandro Silva CMTT - Sociedade Civil Danton Barbosa Observador - Sociedade Civil Xenia Vaz CMTT - Sociedade Civil Antonio Observador - Sociedade Civil Juliana Gatti CMTT - Sociedade Civil Erick Andrade Observador - Sociedade Civil Carioca Dz Tucuruvi do PT Observador - Sociedade Civil Thiago Silva (Plamurb) CMTT - Governo SMUL Gustavo Observador - Sociedade Civil Isabella Oliveira Imprensa - SPTrans Manoel Santos CMTT - Governo Sptrans Hector da Silva Batista CMTT - Sociedade Civil Marcelo Observador - Sociedade Civil sergio Observador - Sociedade Civil Luciana Trindade Trindade CMTT - Sociedade Civil João Vitor Reis Ninjo Observador - Sociedade Civil Kel Observador - Sociedade Civil Maria Flor Flor Observador - Sociedade Civil Rogerio V Observador - Sociedade Civil José Renato Soibelmann Melhem CMTT - Governo SMPED Carlos Eduardo Guimarães de Vasconcellos CMTT - Governo SVMA Kamila Observador - Sociedade Civil Adriana Bifulco Observador - Sociedade Civil Jeanete - SPTrans Governo - SPTrans Barbara Rosangela de Souza Observador - Sociedade Civil Edmur SPTrans - Imprensa Diogo da Silva Dias Observador - Sociedade Civil Toninho Vespoli Vereador Izumu Honda CMTT - Sociedade Civil Marcos Costa Observador - Sociedade Civil Maria Izabel Panter CMTT - Governo SME meli.mobilidade CT - Mobilidade a Pé Leticia Observador - Sociedade Civil Mauro Ramon Observador - Sociedade Civil Amanda Machado De Liz Observador - Sociedade Civil Célia aparecida Assumpção Observador - Sociedade Civil Fernando Mota Observador - Sociedade Civil Fabio Trindade Observador - Sociedade Civil Rita de Cassia Batista Ventura Governo SMT Renan Alves da Silva CMTT - Sociedade Civil Gerson - SPTRANS CMTT - Governo SPtrans leandrogpp Observador - Sociedade Civil Eleonora Cordeiro Mattoso CMTT - Governo SME Marcelo Takishi Scrocco CMTT - Governo SMS Rose Observador - Sociedade Civil Paulo Rams Observador - Sociedade Civil Ana Observador - Sociedade Civil João Vitor Campos dos Reis Observador - Sociedade Civil Maria Eduarda Observador - Sociedade Civil Márcia Observador - Sociedade Civil Francisco jose Observador - Sociedade Civil Edson Pardinho Observador - Sociedade Civil mauro Observador - Sociedade Civil José Maria Observador - Sociedade Civil Pauta Avaliação dos elementos tarifários do Sistema de Transporte Público por Ônibus na Cidade de São Paulo - SPTrans 00:03:00 Ricardo Pradas - SMT/AT: Reunião extraordinária do Conselho Municipal de Trânsito e Transporte. [...] Bom, vou dar boas-vindas dele, para ele, eu espero que não seja mais um secretário ausente, os últimos secretários aqui nas reuniões do CMTT, do Conselho, tiveram participação muito pequena, os últimos, espero que o próximo não entre nessa toada, de vir aqui, fazer um oi aqui, uma chamada, cinco minutos, e está aqui, está lá e não tem uma participação efetiva.
extra_09_2025_Pleno_ata.pdf;Reunião Extraordinária;2025;Transporte Público Coletivo;150;51.7;bilhete unico, frota, metro, onibus, sptrans, terminal, transporte coletivo;Reunião Extraordinária do Conselho Municipal de Trânsito e Transporte Horário: 10h00 Data: 14/03/2025 Pauta: Apresentação Institucional da Sptrans - Atribuições, Serviços e Projetos - Eduardo Castellani, SPTrans 0:07 Dawton Roberto Batista Gaia: Bom dia a todos. [...] 3:14 Eduardo Reis – SPTrans: Sou eu Dawton, tudo bem?
extra_09_2025_Pleno_ata.pdf;Reunião Extraordinária;2025;Estrutura e Organização da Rede Viária;37;12.8;cet, corredor, via;Hoje eu, hoje eu queria dar início à nossa reunião fazendo uma homenagem ao nosso funcionário da CET José domingos da Silva, conhecido como Domingos, né? [...] Nós prestamos essa pequena homenagem ao Domingos, né, que dedicou sua vida ao serviço e com muita dedicação, compromisso e paixão como todas as pessoas que trabalham na área operacional da CET, né?
extra_09_2025_Pleno_ata.pdf;Reunião Extraordinária;2025;Motocicletas e Motofrete;22;7.6;moto;Recurso, quando a gente fala aqui, a gente está falando não só do ônibus, mas também dos motoristas, da quantidade de pessoas necessárias para atender essa demanda. [...] A gente sabe disso, até de novo, pela história e pela cultura, né, pela estrutura da sociedade que a gente tem, então, a SP trans tem colocado, tem se colocado e tem desenvolvido políticas não só para melhorar a experiência das mulheres, na operação do sistema de transporte, a gente sabe que tem muito a melhorar e a oferecer também para essas mulheres, mas também trazer mais mulheres para o planejamento, para o sistema de transporte na área de trabalho também, não só como motoristas dentro dos veículos.
extra_09_2025_Pleno_ata.pdf;Reunião Extraordinária;2025;Mobilidade Ativa: Acessibilidade e Pedestres;21;7.2;acessibilidade, cadeirante, calcada, pedestre;É e por fim, o fomento do desenvolvimento tecnológico orientado ao conforto, Acessibilidade e a preservação do meio ambiente, né? [...] Aqui a gente tá falando de um incentivo e de um apoio às novas tecnologias para melhorar a eficiência para o conforto, para Acessibilidade e a sustentabilidade ambiental do serviço de transporte público.
extra_09_2025_Pleno_ata.pdf;Reunião Extraordinária;2025;Segurança Viária;17;5.9;acidente, morte, seguranca;Foi roubo seguido de morte, enquanto trabalhava em sua função de agente de trânsito. [...] É segurar o transporte sustentável, inclusive proporcionando deslocamentos com qualidade e segurança e eficiência.
extra_09_2025_Pleno_ata.pdf;Reunião Extraordinária;2025;Transporte Individual: Aplicativos;15;5.2;99, aplicativo, uber;E esse SP 156 tem uma estrutura aí grande, como um central telefônica, chat humano, um portal web, aplicativo chatbot no WhatsApp e também de maneira presencial, com praça de atendimento na sua prefeitura e nas unidades do Descomplica. [...] Hoje, se não me engano, quase que 99% da frota é composta por motor euro 5 ou euro 6, além, obviamente, dos veículos elétricos e quando a gente fala de veículo elétrico também de eletrificação, a gente tem visto, é, obviamente, não no ritmo que a gente gostaria, a gente tem dificuldades de implantação, principalmente relacionados à infraestrutura de recarga, né?
extra_10_2026_Pleno_ata.pdf;Reunião Extraordinária;2026;Mobilidade Urbana: Organização Geral e Prestação de Contas;204;44.8;custos, orcament, subsidio, tarifa;"Pólis Edilson Flausino Luis Antonio Rogério Cruz Edmur Hashitani Marcia Rosemeiry Eduardo Castellani Gomes Marshelle Rosi - CET dos Reis Marta Lilia Porta Rosilda Eduardo Oliveira Santos Mateus Humberto Sandra Ramalhoso Elio Bueno de Camargo Matheus Sartori Selma Elizabeth Maria Costa de Mauro Ramon Tatiane Areias Paulela Oliveira Mauro SPTrans Thiago Silva Evandro Silva maurocalliari Vanessa Baboni Everton Natali dos Santos Michele Perea Cavinato Viviane Cristina da Silva Fernando Mazzarolo Mk Wagner palma Pautas 1) Tarifa, Custos Operacionais e Subsídios no Sistema de Transporte Público por Ônibus da Cidade de São Paulo; 2) Debate. [...] Desejo um feliz ano novo e agradeço muito a presença de vocês nesta reunião extraordinária, que traz como pauta a discussão sobre tarifa, custos operacionais e subsídios do sistema de transporte público por ônibus na cidade de São Paulo."
extra_10_2026_Pleno_ata.pdf;Reunião Extraordinária;2026;Transporte Público Coletivo;166;36.5;bilhete unico, frota, metro, onibus, sptrans, transporte coletivo;"REUNIÃO EXTRAORDINÁRIA DO CMTT Data: 02/01/2026 Horário: 10h às 12h Participantes Adamo Bazani - Diário do Folha Oliver Cauã Cauê Transporte Gilberto de Carvalho Pamela Escolastico Alexandre Burgel - Zona Sul Gisele Heloise Barbosa Rodrigues Aline Pellegrini Matheus Guilherme paulo Andrea Compri - SPTrans Gustavo dos Santos Azevedo Paulo Mathias Bianca Rizzi Gustavo's AI Notetaker Phillipe Dantas Caio Luz (tldv.io) Priscila (SPTrans) Caique Alves de Souza Hector da Silva Batista Rafael (SMT) Carol Oliveira Hidely Codignoli Rafael Barreto Castelo da Carol Ribas Joao Binotto Cruz Caroline Duarte João Moreirão Rafael Calabria Caroline Oliveira Julia Fermino Rafael Camargo, SPTrans CL Juliana Grassi Rafael Drummond Clara Sousa Juliana Trento Rafael SMT 2 Clareana KS SPTrans Rafaela Moreira Clayton Lima da Silva Leandro Ferreira Raphael Daniel Falcão Leandro Frenham Chemalle read.ai meeting notes Daniela Lilian Perdigão - SPTrans Renan Villarta Daniela Quirico Peron Lucas Landin Richard M Dheison Silva Luciane Rodrigo Iacovini - Inst. [...] Pólis Edilson Flausino Luis Antonio Rogério Cruz Edmur Hashitani Marcia Rosemeiry Eduardo Castellani Gomes Marshelle Rosi - CET dos Reis Marta Lilia Porta Rosilda Eduardo Oliveira Santos Mateus Humberto Sandra Ramalhoso Elio Bueno de Camargo Matheus Sartori Selma Elizabeth Maria Costa de Mauro Ramon Tatiane Areias Paulela Oliveira Mauro SPTrans Thiago Silva Evandro Silva maurocalliari Vanessa Baboni Everton Natali dos Santos Michele Perea Cavinato Viviane Cristina da Silva Fernando Mazzarolo Mk Wagner palma Pautas 1) Tarifa, Custos Operacionais e Subsídios no Sistema de Transporte Público por Ônibus da Cidade de São Paulo; 2) Debate."
extra_10_2026_Pleno_ata.pdf;Reunião Extraordinária;2026;Composição e Governança do Conselho;53;11.6;conselheiro, conselho, mandato, posse, representante;Considero isso um desrespeito aos conselheiros, um desrespeito aos servidores aqui presentes e um desrespeito à democracia, no sentido de que se trata de uma reunião de difícil participação. [...] Diante disso, deixo aqui registrado o meu repúdio, como conselheiro, neste início de novo ano.
tecni_01_2019_Pleno_ata.pdf;Reunião Técnica Ordinária;2019;Composição e Governança do Conselho;15;75.0;conselho, eleic, representante;"Conselho Municipal de Transporte e Trânsito - CMTT 1 Reunião Técnica Ordinária do Conselho Municipal de Transporte e Trânsito - CMTT Data: 23 de Maio de 2019 Local: Rua Barão de Itapetininga, 18 – Centro - SP Hora: 09h00 às 11h00 Pauta 1. [...] A indicação dos integrantes da Coordenação Executiva do CMTT para o biênio 2019-2020, sendo:  2 Titulares e 2 Suplentes como representantes dos Operadores do Serviço de Transporte;  1 Titular e 1 Suplente como representantes da Sociedade Civil – Temático e  1 Titular e 1 Suplente como representantes da Sociedade Civil – Regional."
tecni_01_2019_Pleno_ata.pdf;Reunião Técnica Ordinária;2019;Transporte Público Coletivo;2;10.0;sptrans;Eleição dos Representantes do CMTT na bancada do CMPU – Conselho Municipal de Política Urbana Composição da Mesa Antônio Denardi – Secretário Adjunto SMT Carolina Cominotti – Secretária Executiva CMTT Maria Célia Dias Carvalho – CET Antônio Carlos de Moraes – SPTrans Sr. [...] christina.borges@sptr MARIA CRISTINA cristina.biondillo@sptrans.com.br MUNICIPAIS BORGES ans.com.br BIONDILLO ANTÔNIO RAIMUNDO EDCARLOS L.
